pg_dump: warning: there are circular foreign-key constraints on this table:
--
-- PostgreSQL database dump
--

-- Dumped from database version 15.2
-- Dumped by pg_dump version 15.2

SET statement_timeout = 0;
SET lock_timeout = 0;
SET idle_in_transaction_session_timeout = 0;
SET client_encoding = 'UTF8';
SET standard_conforming_strings = on;
SELECT pg_catalog.set_config('search_path', '', false);
SET check_function_bodies = false;
SET xmloption = content;
SET client_min_messages = warning;
SET row_security = off;

--
-- Data for Name: guacamole_connection_group; Type: TABLE DATA; Schema: public; Owner: guacamole_user
--

COPY public.guacamole_connection_group (connection_group_id, parent_id, connection_group_name, type, max_connections, max_connections_per_user, enable_session_affinity) FROM stdin;
4	\N	Contractors	ORGANIZATIONAL	\N	\N	f
5	\N	Host Machine	ORGANIZATIONAL	\N	\N	f
\.


--
-- Data for Name: guacamole_connection; Type: TABLE DATA; Schema: public; Owner: guacamole_user
--

COPY public.guacamole_connection (connection_id, connection_name, parent_id, protocol, max_connections, max_connections_per_user, connection_weight, failover_only, proxy_port, proxy_hostname, proxy_encryption_method) FROM stdin;
10	Host Machine Virtual 1	5	vnc	\N	\N	\N	f	\N	\N	NONE
9	Host Machine VNC	5	vnc	\N	\N	\N	f	\N	\N	NONE
8	Hari.in	4	rdp	\N	\N	\N	f	\N	\N	\N
6	Host Machine RDP	5	rdp	\N	\N	\N	f	\N	\N	\N
\.


--
-- Data for Name: guacamole_connection_attribute; Type: TABLE DATA; Schema: public; Owner: guacamole_user
--

COPY public.guacamole_connection_attribute (connection_id, attribute_name, attribute_value) FROM stdin;
\.


--
-- Data for Name: guacamole_connection_group_attribute; Type: TABLE DATA; Schema: public; Owner: guacamole_user
--

COPY public.guacamole_connection_group_attribute (connection_group_id, attribute_name, attribute_value) FROM stdin;
\.


--
-- Data for Name: guacamole_entity; Type: TABLE DATA; Schema: public; Owner: guacamole_user
--

COPY public.guacamole_entity (entity_id, name, type) FROM stdin;
2	Virtual24	USER
3	Hari	USER
5	kamraann@rhayzestudio.com	USER
8	Hari venkat	USER
9	Kamraann Rajaani	USER
11	Hari Veera Venkat Pasapuleti	USER
12	Sherry	USER
\.


--
-- Data for Name: guacamole_connection_group_permission; Type: TABLE DATA; Schema: public; Owner: guacamole_user
--

COPY public.guacamole_connection_group_permission (entity_id, connection_group_id, permission) FROM stdin;
3	4	READ
3	4	UPDATE
3	4	DELETE
3	4	ADMINISTER
8	4	READ
11	4	READ
8	5	READ
8	5	UPDATE
8	5	DELETE
8	5	ADMINISTER
\.


--
-- Data for Name: guacamole_sharing_profile; Type: TABLE DATA; Schema: public; Owner: guacamole_user
--

COPY public.guacamole_sharing_profile (sharing_profile_id, sharing_profile_name, primary_connection_id) FROM stdin;
\.


--
-- Data for Name: guacamole_connection_history; Type: TABLE DATA; Schema: public; Owner: guacamole_user
--

COPY public.guacamole_connection_history (history_id, user_id, username, remote_host, connection_id, connection_name, sharing_profile_id, sharing_profile_name, start_date, end_date) FROM stdin;
1	2	Virtual24	172.18.0.1	\N	CMD_Win-11	\N	\N	2025-10-16 04:58:16.042+00	2025-10-16 04:58:18.25+00
884	7	Hari venkat	172.18.0.1	8	Hari.in	\N	\N	2025-11-20 06:39:32.771+00	2025-11-20 06:39:55.664+00
295	3	Hari	172.18.0.1	8	Hari.in	\N	\N	2025-10-19 19:01:23.827+00	2025-10-19 19:02:45.475+00
892	7	Hari venkat	172.18.0.1	8	Hari.in	\N	\N	2025-11-20 06:51:33.373+00	2025-11-20 08:03:39.242+00
893	7	Hari venkat	172.18.0.1	8	Hari.in	\N	\N	2025-11-20 08:11:55.892+00	2025-11-20 08:12:30.224+00
897	7	Hari venkat	172.18.0.1	8	Hari.in	\N	\N	2025-11-20 16:10:34.325+00	2025-11-20 16:20:05.905+00
901	7	Hari venkat	172.18.0.1	8	Hari.in	\N	\N	2025-11-20 19:04:37.948+00	2025-11-20 19:05:12.469+00
908	7	Hari venkat	172.18.0.1	9	Host Machine Virtual	\N	\N	2025-11-20 19:55:20.263+00	2025-11-20 19:55:22.598+00
910	7	Hari venkat	172.18.0.1	9	Host Machine Virtual	\N	\N	2025-11-20 19:57:22.192+00	2025-11-20 19:57:24.543+00
911	7	Hari venkat	172.18.0.1	9	Host Machine Virtual	\N	\N	2025-11-20 19:59:15.602+00	2025-11-20 19:59:15.961+00
913	7	Hari venkat	172.18.0.1	9	Host Machine Virtual	\N	\N	2025-11-20 20:06:42.301+00	2025-11-20 20:06:44.65+00
886	7	Hari venkat	172.18.0.1	\N	3rd_sample_win	\N	\N	2025-11-20 06:41:08.673+00	2025-11-20 06:41:23.519+00
944	7	Hari venkat	172.18.0.1	6	Host Machine RDP	\N	\N	2025-11-21 04:32:58.469+00	2025-11-21 04:39:03.45+00
945	7	Hari venkat	172.18.0.1	6	Host Machine RDP	\N	\N	2025-11-21 04:39:02.001+00	2025-11-21 04:48:06.328+00
962	7	Hari venkat	172.18.0.1	9	Host Machine Virtual	\N	\N	2025-11-21 05:21:59.098+00	2025-11-21 05:21:59.484+00
968	7	Hari venkat	172.18.0.1	6	Host Machine RDP	\N	\N	2025-11-21 05:35:54.024+00	2025-11-21 05:35:54.722+00
970	7	Hari venkat	172.18.0.1	9	Host Machine Virtual	\N	\N	2025-11-21 05:38:33.992+00	2025-11-21 05:38:34.383+00
976	7	Hari venkat	172.18.0.1	9	Host Machine Virtual	\N	\N	2025-11-21 05:40:35.478+00	2025-11-21 05:40:35.862+00
979	7	Hari venkat	172.18.0.1	6	Host Machine RDP	\N	\N	2025-11-21 05:41:52.455+00	2025-11-21 06:25:44.503+00
1086	7	Hari venkat	172.18.0.1	9	Host Machine Virtual	\N	\N	2025-11-26 16:24:03.002+00	2025-11-26 16:24:03.331+00
1087	7	Hari venkat	172.18.0.1	9	Host Machine Virtual	\N	\N	2025-11-26 16:24:08.646+00	2025-11-26 16:24:09.31+00
1088	7	Hari venkat	172.18.0.1	9	Host Machine Virtual	\N	\N	2025-11-26 16:24:16.909+00	2025-11-26 16:24:31.93+00
1092	7	Hari venkat	172.18.0.1	9	Host Machine Virtual	\N	\N	2025-11-26 16:31:14.113+00	2025-11-26 16:31:14.426+00
1097	7	Hari venkat	172.18.0.1	9	Host Machine Virtual	\N	\N	2025-11-26 16:35:02.961+00	2025-11-26 16:35:03.268+00
1101	7	Hari venkat	172.18.0.1	9	Host Machine Virtual	\N	\N	2025-11-26 16:47:28.434+00	2025-11-26 16:47:28.738+00
1103	7	Hari venkat	172.18.0.1	9	Host Machine Virtual	\N	\N	2025-11-26 17:01:23.744+00	2025-11-26 17:01:24.047+00
1106	7	Hari venkat	172.18.0.1	9	Host Machine Virtual	\N	\N	2025-11-26 17:28:23.525+00	2025-11-26 17:31:22.56+00
1118	7	Hari venkat	172.18.0.1	10	Host Machine Virtual 1	\N	\N	2025-11-27 11:47:18.899+00	2025-11-27 11:47:19.22+00
1120	7	Hari venkat	172.18.0.1	8	Hari.in	\N	\N	2025-11-27 11:49:02.915+00	2025-11-27 11:49:41.268+00
885	7	Hari venkat	172.18.0.1	6	2nd_Win	\N	\N	2025-11-20 06:40:01.722+00	2025-11-20 06:40:24.323+00
894	7	Hari venkat	172.18.0.1	8	Hari.in	\N	\N	2025-11-20 11:04:13.068+00	2025-11-20 11:35:15.246+00
899	7	Hari venkat	172.18.0.1	8	Hari.in	\N	\N	2025-11-20 16:34:43.291+00	2025-11-20 17:43:47.391+00
905	7	Hari venkat	172.18.0.1	9	Host Machine Virtual	\N	\N	2025-11-20 19:50:50.663+00	2025-11-20 19:50:53.009+00
906	7	Hari venkat	172.18.0.1	9	Host Machine Virtual	\N	\N	2025-11-20 19:54:43.348+00	2025-11-20 19:54:45.696+00
902	7	Hari venkat	172.18.0.1	8	Hari.in	\N	\N	2025-11-20 19:18:44.405+00	2025-11-20 19:59:36.436+00
912	7	Hari venkat	172.18.0.1	6	2nd_Win	\N	\N	2025-11-20 20:06:06.145+00	2025-11-20 20:06:35.45+00
930	7	Hari venkat	172.18.0.1	\N	3rd_sample win	\N	\N	2025-11-21 04:18:38.395+00	2025-11-21 04:19:09.524+00
936	7	Hari venkat	172.18.0.1	9	Host Machine Virtual	\N	\N	2025-11-21 04:29:45.579+00	2025-11-21 04:29:45.976+00
205	3	Hari	172.18.0.1	6	2nd_Win	\N	\N	2025-10-18 16:05:04.048+00	2025-10-18 16:05:04.614+00
939	7	Hari venkat	172.18.0.1	9	Host Machine Virtual	\N	\N	2025-11-21 04:30:54.638+00	2025-11-21 04:30:55.042+00
206	3	Hari	172.18.0.1	6	2nd_Win	\N	\N	2025-10-18 16:05:10.017+00	2025-10-18 16:05:10.56+00
943	7	Hari venkat	172.18.0.1	9	Host Machine Virtual	\N	\N	2025-11-21 04:32:03.531+00	2025-11-21 04:32:03.922+00
967	7	Hari venkat	172.18.0.1	6	Host Machine RDP	\N	\N	2025-11-21 05:35:48.157+00	2025-11-21 05:35:48.677+00
207	3	Hari	172.18.0.1	6	2nd_Win	\N	\N	2025-10-18 16:05:36.41+00	2025-10-18 16:05:36.968+00
969	7	Hari venkat	172.18.0.1	6	Host Machine RDP	\N	\N	2025-11-21 05:36:23.213+00	2025-11-21 05:37:36.629+00
208	3	Hari	172.18.0.1	6	2nd_Win	\N	\N	2025-10-18 16:05:52.003+00	2025-10-18 16:05:52.554+00
975	7	Hari venkat	172.18.0.1	9	Host Machine Virtual	\N	\N	2025-11-21 05:40:18.693+00	2025-11-21 05:40:19.09+00
209	3	Hari	172.18.0.1	6	2nd_Win	\N	\N	2025-10-18 16:06:07.578+00	2025-10-18 16:06:08.141+00
977	7	Hari venkat	172.18.0.1	9	Host Machine Virtual	\N	\N	2025-11-21 05:40:39.771+00	2025-11-21 05:40:40.146+00
978	7	Hari venkat	172.18.0.1	6	Host Machine RDP	\N	\N	2025-11-21 05:41:00.571+00	2025-11-21 05:41:43.334+00
981	7	Hari venkat	172.18.0.1	9	Host Machine Virtual	\N	\N	2025-11-21 05:46:05.255+00	2025-11-21 05:46:05.649+00
211	3	Hari	172.18.0.1	6	2nd_Win	\N	\N	2025-10-18 16:06:23.316+00	2025-10-18 16:06:23.862+00
982	7	Hari venkat	172.18.0.1	9	Host Machine Virtual	\N	\N	2025-11-21 06:11:33.672+00	2025-11-21 06:11:34.103+00
983	7	Hari venkat	172.18.0.1	9	Host Machine Virtual	\N	\N	2025-11-21 06:15:22.86+00	2025-11-21 06:15:23.25+00
213	3	Hari	172.18.0.1	6	2nd_Win	\N	\N	2025-10-18 16:06:39.313+00	2025-10-18 16:06:39.858+00
984	7	Hari venkat	172.18.0.1	6	Host Machine RDP	\N	\N	2025-11-21 06:25:52.187+00	2025-11-21 06:36:42.489+00
214	3	Hari	172.18.0.1	6	2nd_Win	\N	\N	2025-10-18 16:06:55.302+00	2025-10-18 16:06:55.841+00
989	7	Hari venkat	172.18.0.1	6	Host Machine RDP	\N	\N	2025-11-21 06:36:51.628+00	2025-11-21 06:40:08.533+00
992	7	Hari venkat	172.18.0.1	6	Host Machine RDP	\N	\N	2025-11-21 09:53:41.786+00	2025-11-21 09:55:53.477+00
994	7	Hari venkat	172.18.0.1	6	Host Machine RDP	\N	\N	2025-11-21 10:05:07.836+00	2025-11-21 10:10:06.177+00
215	3	Hari	172.18.0.1	6	2nd_Win	\N	\N	2025-10-18 16:09:56.507+00	2025-10-18 16:09:57.048+00
995	7	Hari venkat	172.18.0.1	6	Host Machine RDP	\N	\N	2025-11-21 10:18:57.998+00	\N
1090	7	Hari venkat	172.18.0.1	9	Host Machine Virtual	\N	\N	2025-11-26 16:24:54.251+00	2025-11-26 16:24:54.599+00
216	3	Hari	172.18.0.1	6	2nd_Win	\N	\N	2025-10-18 16:10:02.308+00	2025-10-18 16:10:02.85+00
1093	7	Hari venkat	172.18.0.1	9	Host Machine Virtual	\N	\N	2025-11-26 16:32:32.109+00	2025-11-26 16:32:32.429+00
217	3	Hari	172.18.0.1	6	2nd_Win	\N	\N	2025-10-18 16:10:18.308+00	2025-10-18 16:10:18.86+00
1094	7	Hari venkat	172.18.0.1	9	Host Machine Virtual	\N	\N	2025-11-26 16:32:49.097+00	2025-11-26 16:32:49.388+00
1098	7	Hari venkat	172.18.0.1	9	Host Machine Virtual	\N	\N	2025-11-26 16:35:19.278+00	2025-11-26 16:35:19.594+00
218	3	Hari	172.18.0.1	6	2nd_Win	\N	\N	2025-10-18 16:10:34.31+00	2025-10-18 16:10:34.859+00
1099	7	Hari venkat	172.18.0.1	9	Host Machine Virtual	\N	\N	2025-11-26 16:47:06.305+00	2025-11-26 16:47:06.598+00
1102	7	Hari venkat	172.18.0.1	9	Host Machine Virtual	\N	\N	2025-11-26 17:01:03.56+00	2025-11-26 17:01:05.891+00
1104	7	Hari venkat	172.18.0.1	9	Host Machine Virtual	\N	\N	2025-11-26 17:01:29.51+00	2025-11-26 17:01:29.985+00
1108	7	Hari venkat	172.18.0.1	10	Host Machine Virtual 1	\N	\N	2025-11-26 17:32:28.416+00	2025-11-26 17:42:54.021+00
1109	7	Hari venkat	172.18.0.1	10	Host Machine Virtual 1	\N	\N	2025-11-26 17:42:58.251+00	2025-11-26 17:43:02.221+00
220	2	Virtual24	172.18.0.1	6	2nd_Win	\N	\N	2025-10-18 16:13:24.327+00	2025-10-18 16:14:24.398+00
227	3	Hari	172.18.0.1	6	2nd_Win	\N	\N	2025-10-18 16:23:02.575+00	2025-10-18 16:26:35.569+00
402	7	Hari venkat	172.18.0.1	8	Hari.in	\N	\N	2025-10-26 10:09:33.989+00	2025-10-26 10:13:03.881+00
296	3	Hari	172.18.0.1	8	Hari.in	\N	\N	2025-10-19 19:02:47.876+00	2025-10-19 19:05:15.908+00
297	3	Hari	172.18.0.1	8	Hari.in	\N	\N	2025-10-19 19:04:55.912+00	2025-10-19 19:06:53.584+00
403	7	Hari venkat	172.18.0.1	8	Hari.in	\N	\N	2025-10-26 10:13:06.366+00	2025-10-26 10:15:23.176+00
299	3	Hari	172.18.0.1	8	Hari.in	\N	\N	2025-10-19 19:44:17.096+00	2025-10-19 19:46:17.426+00
302	2	Virtual24	172.18.0.1	8	Hari.in	\N	\N	2025-10-20 03:36:36.916+00	2025-10-20 03:37:16.554+00
305	2	Virtual24	172.18.0.1	6	2nd_Win	\N	\N	2025-10-20 03:37:19.33+00	2025-10-20 03:48:49.451+00
889	7	Hari venkat	172.18.0.1	8	Hari.in	\N	\N	2025-11-20 06:48:56.201+00	2025-11-20 06:49:29.79+00
404	7	Hari venkat	172.18.0.1	8	Hari.in	\N	\N	2025-10-26 10:15:31.007+00	2025-10-26 10:45:53.905+00
315	3	Hari	172.18.0.1	8	Hari.in	\N	\N	2025-10-21 13:50:37.461+00	2025-10-21 13:54:06.324+00
406	7	Hari venkat	172.18.0.1	8	Hari.in	\N	\N	2025-10-26 10:57:14.185+00	2025-10-26 10:57:23.859+00
226	2	Virtual24	172.18.0.1	\N	Sample_Win	\N	\N	2025-10-18 16:21:53.555+00	2025-10-18 16:23:05.922+00
318	3	Hari	172.18.0.1	8	Hari.in	\N	\N	2025-10-21 13:58:07.547+00	2025-10-21 13:58:25.32+00
408	7	Hari venkat	172.18.0.1	8	Hari.in	\N	\N	2025-10-26 10:58:05.536+00	2025-10-26 10:58:44.309+00
319	3	Hari	172.18.0.1	8	Hari.in	\N	\N	2025-10-21 13:58:44.604+00	2025-10-21 13:59:00.365+00
321	3	Hari	172.18.0.1	8	Hari.in	\N	\N	2025-10-21 14:07:32.571+00	2025-10-21 14:07:48.229+00
323	3	Hari	172.18.0.1	8	Hari.in	\N	\N	2025-10-21 14:14:00.236+00	2025-10-21 14:17:41.505+00
891	7	Hari venkat	172.18.0.1	8	Hari.in	\N	\N	2025-11-20 06:50:34.475+00	2025-11-20 06:50:40.882+00
327	3	Hari	172.18.0.1	8	Hari.in	\N	\N	2025-10-21 14:40:35.778+00	2025-10-21 14:43:22.88+00
409	7	Hari venkat	172.18.0.1	8	Hari.in	\N	\N	2025-10-26 10:58:46.574+00	2025-10-26 11:54:55.784+00
413	7	Hari venkat	172.18.0.1	8	Hari.in	\N	\N	2025-10-26 12:08:11.58+00	2025-10-26 12:08:45.531+00
895	7	Hari venkat	172.18.0.1	8	Hari.in	\N	\N	2025-11-20 11:36:02.606+00	2025-11-20 12:25:44.213+00
354	7	Hari venkat	172.18.0.1	8	Hari.in	\N	\N	2025-10-24 18:24:57.96+00	2025-10-24 18:43:58.73+00
896	7	Hari venkat	172.18.0.1	6	2nd_Win	\N	\N	2025-11-20 14:04:53.518+00	2025-11-20 15:02:48.766+00
361	8	Kamraann Rajaani	172.18.0.1	8	Hari.in	\N	\N	2025-10-25 22:34:07.567+00	2025-10-25 22:34:33.408+00
417	7	Hari venkat	172.18.0.1	8	Hari.in	\N	\N	2025-10-26 15:23:11.351+00	2025-10-26 15:23:15.833+00
415	7	Hari venkat	172.18.0.1	8	Hari.in	\N	\N	2025-10-26 12:11:48.509+00	2025-10-26 15:25:54.352+00
369	7	Hari venkat	172.18.0.1	8	Hari.in	\N	\N	2025-10-26 04:49:09.52+00	2025-10-26 04:49:21.08+00
419	7	Hari venkat	172.18.0.1	8	Hari.in	\N	\N	2025-10-26 15:30:25.631+00	2025-10-26 15:33:27.817+00
898	7	Hari venkat	172.18.0.1	8	Hari.in	\N	\N	2025-11-20 16:28:57.067+00	2025-11-20 16:29:31.825+00
900	7	Hari venkat	172.18.0.1	8	Hari.in	\N	\N	2025-11-20 17:43:51.222+00	2025-11-20 19:04:20.461+00
385	7	Hari venkat	172.18.0.1	8	Hari.in	\N	\N	2025-10-26 08:51:33.071+00	2025-10-26 08:52:03.403+00
422	7	Hari venkat	172.18.0.1	8	Hari.in	\N	\N	2025-10-26 19:20:50.703+00	2025-10-26 19:21:05.382+00
903	7	Hari venkat	172.18.0.1	6	2nd_Win	\N	\N	2025-11-20 19:47:41.737+00	2025-11-20 19:49:41.302+00
389	7	Hari venkat	172.18.0.1	8	Hari.in	\N	\N	2025-10-26 09:35:09.765+00	2025-10-26 09:39:22.999+00
904	7	Hari venkat	172.18.0.1	9	Host Machine Virtual	\N	\N	2025-11-20 19:49:47.791+00	2025-11-20 19:49:48.141+00
391	7	Hari venkat	172.18.0.1	8	Hari.in	\N	\N	2025-10-26 09:45:23.791+00	2025-10-26 09:45:49.061+00
438	7	Hari venkat	172.18.0.1	8	Hari.in	\N	\N	2025-10-27 14:55:06.137+00	2025-10-27 14:55:21.831+00
393	7	Hari venkat	172.18.0.1	8	Hari.in	\N	\N	2025-10-26 09:47:05.544+00	2025-10-26 09:47:28.721+00
909	7	Hari venkat	172.18.0.1	6	2nd_Win	\N	\N	2025-11-20 19:55:38.483+00	2025-11-20 19:58:04.595+00
394	7	Hari venkat	172.18.0.1	8	Hari.in	\N	\N	2025-10-26 09:49:45.786+00	2025-10-26 09:51:50.754+00
440	7	Hari venkat	172.18.0.1	8	Hari.in	\N	\N	2025-10-27 15:04:12.764+00	2025-10-27 15:04:28.433+00
915	7	Hari venkat	172.18.0.1	9	Host Machine Virtual	\N	\N	2025-11-20 20:07:30.59+00	2025-11-20 20:07:45.604+00
396	7	Hari venkat	172.18.0.1	8	Hari.in	\N	\N	2025-10-26 09:58:46.896+00	2025-10-26 09:59:24.998+00
442	7	Hari venkat	172.18.0.1	8	Hari.in	\N	\N	2025-10-27 15:05:19.408+00	2025-10-27 15:05:35.059+00
397	7	Hari venkat	172.18.0.1	8	Hari.in	\N	\N	2025-10-26 09:59:30.068+00	2025-10-26 10:00:55.921+00
398	7	Hari venkat	172.18.0.1	8	Hari.in	\N	\N	2025-10-26 10:00:59.366+00	2025-10-26 10:02:37.615+00
445	7	Hari venkat	172.18.0.1	8	Hari.in	\N	\N	2025-10-27 15:19:57.497+00	2025-10-27 15:20:13.268+00
401	7	Hari venkat	172.18.0.1	8	Hari.in	\N	\N	2025-10-26 10:08:48.884+00	2025-10-26 10:09:31.594+00
447	7	Hari venkat	172.18.0.1	8	Hari.in	\N	\N	2025-10-27 15:28:34.937+00	2025-10-27 15:28:50.647+00
451	7	Hari venkat	172.18.0.1	8	Hari.in	\N	\N	2025-10-27 15:46:13.603+00	2025-10-27 15:46:29.266+00
453	7	Hari venkat	172.18.0.1	8	Hari.in	\N	\N	2025-10-27 15:48:50.198+00	2025-10-27 15:49:05.842+00
454	7	Hari venkat	172.18.0.1	8	Hari.in	\N	\N	2025-10-27 15:49:37.11+00	2025-10-27 15:49:52.764+00
456	7	Hari venkat	172.18.0.1	8	Hari.in	\N	\N	2025-10-27 17:18:27.545+00	2025-10-27 17:18:43.203+00
231	3	Hari	172.18.0.1	\N	3rd_sample_win	\N	\N	2025-10-18 16:50:45.124+00	2025-10-18 16:50:45.675+00
232	3	Hari	172.18.0.1	\N	3rd_sample_win	\N	\N	2025-10-18 16:51:01.305+00	2025-10-18 16:51:01.843+00
464	7	Hari venkat	172.18.0.1	8	Hari.in	\N	\N	2025-10-27 17:35:04.351+00	2025-10-27 17:35:20.009+00
233	3	Hari	172.18.0.1	\N	3rd_sample_win	\N	\N	2025-10-18 16:51:16.864+00	2025-10-18 16:51:17.401+00
466	8	Kamraann Rajaani	172.18.0.1	8	Hari.in	\N	\N	2025-10-27 17:36:04.405+00	2025-10-27 17:36:20.007+00
467	7	Hari venkat	172.18.0.1	8	Hari.in	\N	\N	2025-10-27 17:36:09.18+00	2025-10-27 17:36:24.841+00
234	3	Hari	172.18.0.1	\N	3rd_sample_win	\N	\N	2025-10-18 16:51:32.423+00	2025-10-18 16:51:32.964+00
468	8	Kamraann Rajaani	172.18.0.1	8	Hari.in	\N	\N	2025-10-27 17:36:35.714+00	2025-10-27 17:36:51.316+00
469	7	Hari venkat	172.18.0.1	8	Hari.in	\N	\N	2025-10-27 17:36:51.155+00	2025-10-27 17:37:06.785+00
470	8	Kamraann Rajaani	172.18.0.1	8	Hari.in	\N	\N	2025-10-27 17:37:06.64+00	2025-10-27 17:37:22.12+00
471	7	Hari venkat	172.18.0.1	8	Hari.in	\N	\N	2025-10-27 17:37:23.218+00	2025-10-27 17:37:38.891+00
472	8	Kamraann Rajaani	172.18.0.1	8	Hari.in	\N	\N	2025-10-27 17:37:37.534+00	2025-10-27 17:37:53.022+00
935	7	Hari venkat	172.18.0.1	6	Host Machine RDP	\N	\N	2025-11-21 04:28:12.496+00	2025-11-21 04:30:54.028+00
473	8	Kamraann Rajaani	172.18.0.1	8	Hari.in	\N	\N	2025-10-27 17:38:08.4+00	2025-10-27 17:38:23.857+00
938	7	Hari venkat	172.18.0.1	6	Host Machine RDP	\N	\N	2025-11-21 04:30:50.234+00	2025-11-21 04:30:56.385+00
474	8	Kamraann Rajaani	172.18.0.1	8	Hari.in	\N	\N	2025-10-27 17:38:39.199+00	2025-10-27 17:38:54.656+00
940	7	Hari venkat	172.18.0.1	9	Host Machine Virtual	\N	\N	2025-11-21 04:31:12.697+00	2025-11-21 04:31:13.07+00
947	7	Hari venkat	172.18.0.1	9	Host Machine Virtual	\N	\N	2025-11-21 04:51:56.483+00	2025-11-21 04:51:56.869+00
946	7	Hari venkat	172.18.0.1	6	Host Machine RDP	\N	\N	2025-11-21 04:51:00.342+00	2025-11-21 04:55:14.746+00
986	7	Hari venkat	172.18.0.1	9	Host Machine Virtual	\N	\N	2025-11-21 06:34:21.824+00	2025-11-21 06:34:24.182+00
987	7	Hari venkat	172.18.0.1	9	Host Machine Virtual	\N	\N	2025-11-21 06:35:01.095+00	2025-11-21 06:35:03.472+00
990	7	Hari venkat	172.18.0.1	9	Host Machine Virtual	\N	\N	2025-11-21 06:39:34.5+00	2025-11-21 06:39:34.869+00
991	7	Hari venkat	172.18.0.1	9	Host Machine Virtual	\N	\N	2025-11-21 06:40:48.293+00	2025-11-21 06:40:48.633+00
993	7	Hari venkat	172.18.0.1	8	Hari.in	\N	\N	2025-11-21 10:00:40.208+00	\N
566	7	Hari venkat	172.18.0.1	8	Hari.in	\N	\N	2025-10-31 14:44:07.872+00	2025-10-31 14:47:10.742+00
298	3	Hari	172.18.0.1	8	Hari.in	\N	\N	2025-10-19 19:06:56.614+00	2025-10-19 19:48:11.013+00
405	7	Hari venkat	172.18.0.1	8	Hari.in	\N	\N	2025-10-26 10:47:51.802+00	2025-10-26 10:56:57.65+00
907	7	Hari venkat	172.18.0.1	9	Host Machine Virtual	\N	\N	2025-11-20 19:55:01.907+00	2025-11-20 19:55:04.254+00
407	7	Hari venkat	172.18.0.1	8	Hari.in	\N	\N	2025-10-26 10:57:41.153+00	2025-10-26 10:57:59.097+00
914	7	Hari venkat	172.18.0.1	9	Host Machine Virtual	\N	\N	2025-11-20 20:07:12.3+00	2025-11-20 20:07:14.637+00
306	3	Hari	172.18.0.1	8	Hari.in	\N	\N	2025-10-21 13:27:03.389+00	2025-10-21 13:30:48.914+00
309	3	Hari	172.18.0.1	8	Hari.in	\N	\N	2025-10-21 13:32:57.615+00	2025-10-21 13:33:13.284+00
412	7	Hari venkat	172.18.0.1	8	Hari.in	\N	\N	2025-10-26 11:54:58.637+00	2025-10-26 12:04:50.004+00
312	3	Hari	172.18.0.1	8	Hari.in	\N	\N	2025-10-21 13:44:09.984+00	2025-10-21 13:44:56.087+00
316	3	Hari	172.18.0.1	8	Hari.in	\N	\N	2025-10-21 13:55:54.87+00	2025-10-21 13:57:20.571+00
320	3	Hari	172.18.0.1	8	Hari.in	\N	\N	2025-10-21 13:59:14.67+00	2025-10-21 14:04:53.652+00
325	3	Hari	172.18.0.1	8	Hari.in	\N	\N	2025-10-21 14:20:04.444+00	2025-10-21 14:20:26.802+00
420	7	Hari venkat	172.18.0.1	8	Hari.in	\N	\N	2025-10-26 17:14:33.794+00	2025-10-26 19:20:35.507+00
326	3	Hari	172.18.0.1	8	Hari.in	\N	\N	2025-10-21 14:32:38.994+00	2025-10-21 14:40:31.851+00
328	3	Hari	172.18.0.1	8	Hari.in	\N	\N	2025-10-21 14:43:26.518+00	2025-10-21 14:55:28.039+00
423	7	Hari venkat	172.18.0.1	8	Hari.in	\N	\N	2025-10-27 04:16:07.888+00	2025-10-27 05:37:13.658+00
424	7	Hari venkat	172.18.0.1	8	Hari.in	\N	\N	2025-10-27 05:37:16.914+00	2025-10-27 06:44:41.059+00
331	2	Virtual24	172.18.0.1	8	Hari.in	\N	\N	2025-10-21 17:13:06.755+00	2025-10-21 17:13:50.548+00
425	7	Hari venkat	172.18.0.1	8	Hari.in	\N	\N	2025-10-27 14:34:12.974+00	2025-10-27 14:34:17.135+00
426	7	Hari venkat	172.18.0.1	8	Hari.in	\N	\N	2025-10-27 14:34:29.249+00	2025-10-27 14:34:44.897+00
332	2	Virtual24	172.18.0.1	8	Hari.in	\N	\N	2025-10-21 20:05:22.511+00	2025-10-21 20:06:34.382+00
333	2	Virtual24	172.18.0.1	6	2nd_Win	\N	\N	2025-10-21 20:06:03.338+00	2025-10-21 20:06:43.466+00
428	7	Hari venkat	172.18.0.1	8	Hari.in	\N	\N	2025-10-27 14:35:40.64+00	2025-10-27 14:35:56.339+00
235	3	Hari	172.18.0.1	\N	3rd_sample_win	\N	\N	2025-10-18 16:51:47.986+00	2025-10-18 16:51:48.528+00
236	3	Hari	172.18.0.1	\N	3rd_sample_win	\N	\N	2025-10-18 16:52:04.308+00	2025-10-18 16:52:04.875+00
340	10	Hari Veera Venkat Pasapuleti	172.18.0.1	8	Hari.in	\N	\N	2025-10-23 16:06:19.736+00	2025-10-23 16:06:37.175+00
429	7	Hari venkat	172.18.0.1	8	Hari.in	\N	\N	2025-10-27 14:36:13.067+00	2025-10-27 14:36:28.736+00
430	7	Hari venkat	172.18.0.1	8	Hari.in	\N	\N	2025-10-27 14:36:33.25+00	2025-10-27 14:36:48.91+00
431	7	Hari venkat	172.18.0.1	8	Hari.in	\N	\N	2025-10-27 14:37:58.554+00	2025-10-27 14:38:14.169+00
345	7	Hari venkat	172.18.0.1	8	Hari.in	\N	\N	2025-10-23 16:34:54.407+00	2025-10-23 16:42:29.905+00
432	8	Kamraann Rajaani	172.18.0.1	8	Hari.in	\N	\N	2025-10-27 14:40:30.165+00	2025-10-27 14:40:42.722+00
237	3	Hari	172.18.0.1	\N	3rd_sample_win	\N	\N	2025-10-18 16:52:20.31+00	2025-10-18 16:52:20.846+00
238	3	Hari	172.18.0.1	\N	3rd_sample_win	\N	\N	2025-10-18 16:52:36.304+00	2025-10-18 16:52:36.847+00
433	8	Kamraann Rajaani	172.18.0.1	8	Hari.in	\N	\N	2025-10-27 14:40:57.898+00	2025-10-27 14:41:13.296+00
351	7	Hari venkat	172.18.0.1	8	Hari.in	\N	\N	2025-10-24 15:49:51.876+00	2025-10-24 17:34:52.012+00
239	3	Hari	172.18.0.1	\N	3rd_sample_win	\N	\N	2025-10-18 16:52:52.305+00	2025-10-18 16:52:52.843+00
240	3	Hari	172.18.0.1	\N	3rd_sample_win	\N	\N	2025-10-18 17:00:08.661+00	2025-10-18 17:00:09.223+00
352	7	Hari venkat	172.18.0.1	8	Hari.in	\N	\N	2025-10-24 17:43:50.569+00	2025-10-24 17:44:24.6+00
241	3	Hari	172.18.0.1	\N	3rd_sample_win	\N	\N	2025-10-18 17:00:24.255+00	2025-10-18 17:00:24.798+00
242	3	Hari	172.18.0.1	\N	3rd_sample_win	\N	\N	2025-10-18 17:32:03.829+00	2025-10-18 17:32:04.391+00
434	7	Hari venkat	172.18.0.1	8	Hari.in	\N	\N	2025-10-27 14:48:47.976+00	2025-10-27 14:49:03.662+00
356	7	Hari venkat	172.18.0.1	8	Hari.in	\N	\N	2025-10-25 07:25:46.381+00	2025-10-25 08:44:42.945+00
890	7	Hari venkat	172.18.0.1	\N	3rd_sample_win	\N	\N	2025-11-20 06:49:52.068+00	2025-11-20 06:50:10.347+00
360	7	Hari venkat	172.18.0.1	8	Hari.in	\N	\N	2025-10-25 18:39:13.769+00	2025-10-25 18:54:51.628+00
304	2	Virtual24	172.18.0.1	\N	3rd_sample_win	\N	\N	2025-10-20 03:37:07.952+00	2025-10-20 03:37:14.122+00
334	2	Virtual24	172.18.0.1	\N	3rd_sample_win	\N	\N	2025-10-21 20:06:21.492+00	2025-10-21 20:07:01.71+00
364	7	Hari venkat	172.18.0.1	8	Hari.in	\N	\N	2025-10-26 03:54:27.879+00	2025-10-26 03:59:01.815+00
439	7	Hari venkat	172.18.0.1	8	Hari.in	\N	\N	2025-10-27 15:03:41.06+00	2025-10-27 15:03:56.711+00
362	8	Kamraann Rajaani	172.18.0.1	\N	3rd_sample_win	\N	\N	2025-10-25 22:37:21.43+00	2025-10-25 22:37:32.752+00
372	7	Hari venkat	172.18.0.1	8	Hari.in	\N	\N	2025-10-26 05:24:46.05+00	2025-10-26 05:41:46.56+00
441	7	Hari venkat	172.18.0.1	8	Hari.in	\N	\N	2025-10-27 15:04:47.468+00	2025-10-27 15:05:03.106+00
937	7	Hari venkat	172.18.0.1	9	Host Machine Virtual	\N	\N	2025-11-21 04:30:02.05+00	2025-11-21 04:30:02.44+00
379	7	Hari venkat	172.18.0.1	8	Hari.in	\N	\N	2025-10-26 07:20:36.046+00	2025-10-26 07:39:06.447+00
443	7	Hari venkat	172.18.0.1	8	Hari.in	\N	\N	2025-10-27 15:06:55.399+00	2025-10-27 15:07:11.028+00
381	7	Hari venkat	172.18.0.1	8	Hari.in	\N	\N	2025-10-26 07:41:34.366+00	2025-10-26 07:45:08.482+00
941	7	Hari venkat	172.18.0.1	9	Host Machine Virtual	\N	\N	2025-11-21 04:31:29.557+00	2025-11-21 04:31:29.949+00
382	7	Hari venkat	172.18.0.1	8	Hari.in	\N	\N	2025-10-26 07:46:01.845+00	2025-10-26 07:51:54.673+00
444	7	Hari venkat	172.18.0.1	8	Hari.in	\N	\N	2025-10-27 15:07:20.72+00	2025-10-27 15:07:36.39+00
387	7	Hari venkat	172.18.0.1	8	Hari.in	\N	\N	2025-10-26 09:15:02.9+00	2025-10-26 09:15:18.266+00
942	7	Hari venkat	172.18.0.1	9	Host Machine Virtual	\N	\N	2025-11-21 04:31:46.493+00	2025-11-21 04:31:46.85+00
392	7	Hari venkat	172.18.0.1	8	Hari.in	\N	\N	2025-10-26 09:45:52.374+00	2025-10-26 09:46:36.764+00
446	7	Hari venkat	172.18.0.1	8	Hari.in	\N	\N	2025-10-27 15:27:44.142+00	2025-10-27 15:27:59.826+00
399	7	Hari venkat	172.18.0.1	8	Hari.in	\N	\N	2025-10-26 10:03:53.371+00	2025-10-26 10:07:54.144+00
400	7	Hari venkat	172.18.0.1	8	Hari.in	\N	\N	2025-10-26 10:07:56.373+00	2025-10-26 10:08:46.505+00
948	7	Hari venkat	172.18.0.1	9	Host Machine Virtual	\N	\N	2025-11-21 04:52:12.932+00	2025-11-21 04:52:13.315+00
980	8	Kamraann Rajaani	172.18.0.1	9	Host Machine Virtual	\N	\N	2025-11-21 05:41:56.22+00	2025-11-21 05:41:56.378+00
452	7	Hari venkat	172.18.0.1	8	Hari.in	\N	\N	2025-10-27 15:47:23.488+00	2025-10-27 15:47:39.148+00
985	7	Hari venkat	172.18.0.1	9	Host Machine Virtual	\N	\N	2025-11-21 06:29:04.101+00	2025-11-21 06:33:52.217+00
455	7	Hari venkat	172.18.0.1	8	Hari.in	\N	\N	2025-10-27 17:17:34.398+00	2025-10-27 17:17:50.041+00
988	7	Hari venkat	172.18.0.1	9	Host Machine Virtual	\N	\N	2025-11-21 06:36:34.114+00	2025-11-21 06:36:36.469+00
1112	7	Hari venkat	172.18.0.1	10	Host Machine Virtual 1	\N	\N	2025-11-26 18:55:54.358+00	2025-11-26 18:56:00.049+00
459	7	Hari venkat	172.18.0.1	8	Hari.in	\N	\N	2025-10-27 17:21:50.229+00	2025-10-27 17:22:05.892+00
463	7	Hari venkat	172.18.0.1	8	Hari.in	\N	\N	2025-10-27 17:28:34.639+00	2025-10-27 17:28:50.309+00
465	7	Hari venkat	172.18.0.1	8	Hari.in	\N	\N	2025-10-27 17:35:37.189+00	2025-10-27 17:35:52.844+00
243	3	Hari	172.18.0.1	\N	3rd_sample_win	\N	\N	2025-10-18 17:32:14.569+00	2025-10-18 17:32:15.118+00
244	3	Hari	172.18.0.1	\N	3rd_sample_win	\N	\N	2025-10-18 17:35:58.329+00	2025-10-18 17:35:58.89+00
300	2	Virtual24	172.18.0.1	8	Hari.in	\N	\N	2025-10-19 20:07:20.513+00	2025-10-19 20:08:42.161+00
245	3	Hari	172.18.0.1	\N	3rd_sample_win	\N	\N	2025-10-18 17:41:13.868+00	2025-10-18 17:41:14.454+00
246	3	Hari	172.18.0.1	\N	3rd_sample_win	\N	\N	2025-10-18 17:48:57.59+00	2025-10-18 17:51:02.965+00
307	3	Hari	172.18.0.1	8	Hari.in	\N	\N	2025-10-21 13:31:29.512+00	2025-10-21 13:32:06.927+00
247	2	Virtual24	172.18.0.1	\N	3rd_sample_win	\N	\N	2025-10-18 19:20:20.842+00	2025-10-18 19:21:12.633+00
308	3	Hari	172.18.0.1	8	Hari.in	\N	\N	2025-10-21 13:32:18.321+00	2025-10-21 13:32:41.208+00
311	3	Hari	172.18.0.1	8	Hari.in	\N	\N	2025-10-21 13:33:53.498+00	2025-10-21 13:43:56.717+00
949	7	Hari venkat	172.18.0.1	9	Host Machine Virtual	\N	\N	2025-11-21 05:00:32.028+00	2025-11-21 05:00:32.408+00
996	7	Hari venkat	172.18.0.1	6	Host Machine RDP	\N	\N	2025-11-21 13:12:06.222+00	2025-11-21 15:03:40.187+00
314	3	Hari	172.18.0.1	8	Hari.in	\N	\N	2025-10-21 13:48:55.97+00	2025-10-21 13:49:20.489+00
998	7	Hari venkat	172.18.0.1	8	Hari.in	\N	\N	2025-11-21 13:22:04.824+00	2025-11-21 15:03:48.554+00
1001	7	Hari venkat	172.18.0.1	8	Hari.in	\N	\N	2025-11-21 16:43:51.364+00	2025-11-21 18:09:52.823+00
1003	7	Hari venkat	172.18.0.1	8	Hari.in	\N	\N	2025-11-21 18:10:02.613+00	2025-11-21 18:22:43.096+00
322	3	Hari	172.18.0.1	8	Hari.in	\N	\N	2025-10-21 14:07:55.717+00	2025-10-21 14:10:14.341+00
1006	7	Hari venkat	172.18.0.1	6	Host Machine RDP	\N	\N	2025-11-22 16:24:28.575+00	2025-11-22 16:31:14.804+00
1012	7	Hari venkat	172.18.0.1	6	Host Machine RDP	\N	\N	2025-11-23 06:08:49.97+00	2025-11-23 06:09:34.064+00
256	3	Hari	172.18.0.1	8	Hari.in	\N	\N	2025-10-19 18:49:28.613+00	2025-10-19 18:50:05.497+00
1014	7	Hari venkat	172.18.0.1	8	Hari.in	\N	\N	2025-11-23 17:47:35.189+00	2025-11-23 17:48:09.253+00
257	3	Hari	172.18.0.1	8	Hari.in	\N	\N	2025-10-19 18:50:05.929+00	2025-10-19 18:50:20.961+00
258	3	Hari	172.18.0.1	8	Hari.in	\N	\N	2025-10-19 18:50:47.827+00	2025-10-19 18:50:48.239+00
259	3	Hari	172.18.0.1	8	Hari.in	\N	\N	2025-10-19 18:51:46.59+00	2025-10-19 18:51:46.991+00
1017	7	Hari venkat	172.18.0.1	6	Host Machine RDP	\N	\N	2025-11-24 04:50:51.314+00	2025-11-24 05:55:49.831+00
260	3	Hari	172.18.0.1	8	Hari.in	\N	\N	2025-10-19 18:52:02.135+00	2025-10-19 18:52:02.14+00
336	3	Hari	172.18.0.1	8	Hari.in	\N	\N	2025-10-22 03:46:33.94+00	2025-10-22 03:48:52.293+00
261	3	Hari	172.18.0.1	8	Hari.in	\N	\N	2025-10-19 18:52:02.477+00	2025-10-19 18:52:02.871+00
1016	7	Hari venkat	172.18.0.1	8	Hari.in	\N	\N	2025-11-24 03:34:09.967+00	2025-11-24 05:55:49.83+00
262	3	Hari	172.18.0.1	8	Hari.in	\N	\N	2025-10-19 18:52:18.005+00	2025-10-19 18:52:18.384+00
263	3	Hari	172.18.0.1	8	Hari.in	\N	\N	2025-10-19 18:52:33.523+00	2025-10-19 18:52:33.935+00
341	10	Hari Veera Venkat Pasapuleti	172.18.0.1	8	Hari.in	\N	\N	2025-10-23 16:06:43.451+00	2025-10-23 16:06:46.993+00
264	3	Hari	172.18.0.1	8	Hari.in	\N	\N	2025-10-19 18:52:49.085+00	2025-10-19 18:52:49.482+00
1019	7	Hari venkat	172.18.0.1	8	Hari.in	\N	\N	2025-11-24 06:15:48.151+00	2025-11-24 06:16:22.509+00
265	3	Hari	172.18.0.1	8	Hari.in	\N	\N	2025-10-19 18:53:04.641+00	2025-10-19 18:53:05.028+00
266	3	Hari	172.18.0.1	8	Hari.in	\N	\N	2025-10-19 18:53:20.187+00	2025-10-19 18:53:20.577+00
1020	7	Hari venkat	172.18.0.1	6	Host Machine RDP	\N	\N	2025-11-24 06:29:03.247+00	2025-11-24 06:29:03.573+00
267	3	Hari	172.18.0.1	8	Hari.in	\N	\N	2025-10-19 18:53:35.751+00	2025-10-19 18:53:36.159+00
347	8	Kamraann Rajaani	172.18.0.1	8	Hari.in	\N	\N	2025-10-23 18:48:26.321+00	2025-10-23 18:48:38.985+00
268	3	Hari	172.18.0.1	8	Hari.in	\N	\N	2025-10-19 18:53:45.12+00	2025-10-19 18:53:45.509+00
269	3	Hari	172.18.0.1	8	Hari.in	\N	\N	2025-10-19 18:54:00.638+00	2025-10-19 18:54:01.026+00
1024	7	Hari venkat	172.18.0.1	9	Host Machine Virtual	\N	\N	2025-11-24 07:29:35.5+00	2025-11-24 07:29:35.839+00
270	3	Hari	172.18.0.1	8	Hari.in	\N	\N	2025-10-19 18:54:16.168+00	2025-10-19 18:54:16.566+00
271	3	Hari	172.18.0.1	8	Hari.in	\N	\N	2025-10-19 18:54:32.47+00	2025-10-19 18:54:32.866+00
1025	7	Hari venkat	172.18.0.1	6	Host Machine RDP	\N	\N	2025-11-24 12:30:56.787+00	2025-11-24 12:33:06.827+00
272	3	Hari	172.18.0.1	8	Hari.in	\N	\N	2025-10-19 18:54:48.018+00	2025-10-19 18:54:48.415+00
273	3	Hari	172.18.0.1	8	Hari.in	\N	\N	2025-10-19 18:55:03.558+00	2025-10-19 18:55:03.942+00
357	7	Hari venkat	172.18.0.1	8	Hari.in	\N	\N	2025-10-25 13:45:52.525+00	2025-10-25 15:59:41.163+00
274	3	Hari	172.18.0.1	8	Hari.in	\N	\N	2025-10-19 18:55:19.078+00	2025-10-19 18:55:19.47+00
1026	7	Hari venkat	172.18.0.1	6	Host Machine RDP	\N	\N	2025-11-24 12:34:42.377+00	2025-11-24 12:34:44.581+00
275	3	Hari	172.18.0.1	8	Hari.in	\N	\N	2025-10-19 18:55:34.598+00	2025-10-19 18:55:35.058+00
358	7	Hari venkat	172.18.0.1	8	Hari.in	\N	\N	2025-10-25 17:24:57.638+00	2025-10-25 17:33:59.666+00
276	3	Hari	172.18.0.1	8	Hari.in	\N	\N	2025-10-19 18:55:50.302+00	2025-10-19 18:55:50.689+00
277	3	Hari	172.18.0.1	8	Hari.in	\N	\N	2025-10-19 18:56:05.859+00	2025-10-19 18:56:06.257+00
359	7	Hari venkat	172.18.0.1	8	Hari.in	\N	\N	2025-10-25 18:38:06.019+00	2025-10-25 18:38:40.296+00
278	3	Hari	172.18.0.1	8	Hari.in	\N	\N	2025-10-19 18:56:21.438+00	2025-10-19 18:56:21.83+00
1029	7	Hari venkat	172.18.0.1	6	Host Machine RDP	\N	\N	2025-11-24 12:34:59.882+00	2025-11-24 12:35:02.641+00
279	3	Hari	172.18.0.1	8	Hari.in	\N	\N	2025-10-19 18:56:37.468+00	2025-10-19 18:56:37.865+00
363	7	Hari venkat	172.18.0.1	8	Hari.in	\N	\N	2025-10-26 03:51:12.046+00	2025-10-26 03:51:46.323+00
280	3	Hari	172.18.0.1	8	Hari.in	\N	\N	2025-10-19 18:56:53.011+00	2025-10-19 18:56:53.406+00
1032	7	Hari venkat	172.18.0.1	8	Hari.in	\N	\N	2025-11-24 12:35:30.787+00	2025-11-24 12:35:49.442+00
281	3	Hari	172.18.0.1	8	Hari.in	\N	\N	2025-10-19 18:57:08.56+00	2025-10-19 18:57:08.96+00
366	7	Hari venkat	172.18.0.1	8	Hari.in	\N	\N	2025-10-26 04:26:28.039+00	2025-10-26 04:27:33.61+00
282	3	Hari	172.18.0.1	8	Hari.in	\N	\N	2025-10-19 18:57:24.121+00	2025-10-19 18:57:24.531+00
283	3	Hari	172.18.0.1	8	Hari.in	\N	\N	2025-10-19 18:57:39.66+00	2025-10-19 18:57:40.065+00
284	3	Hari	172.18.0.1	8	Hari.in	\N	\N	2025-10-19 18:57:55.216+00	2025-10-19 18:57:55.605+00
1036	7	Hari venkat	172.18.0.1	8	Hari.in	\N	\N	2025-11-24 12:48:21.445+00	2025-11-24 13:32:45.665+00
285	3	Hari	172.18.0.1	8	Hari.in	\N	\N	2025-10-19 18:58:10.783+00	2025-10-19 18:58:11.174+00
368	7	Hari venkat	172.18.0.1	8	Hari.in	\N	\N	2025-10-26 04:39:12.552+00	2025-10-26 04:49:06.003+00
286	3	Hari	172.18.0.1	8	Hari.in	\N	\N	2025-10-19 18:58:26.33+00	2025-10-19 18:58:26.72+00
287	3	Hari	172.18.0.1	8	Hari.in	\N	\N	2025-10-19 18:58:41.902+00	2025-10-19 18:58:42.296+00
371	7	Hari venkat	172.18.0.1	8	Hari.in	\N	\N	2025-10-26 05:17:29.714+00	2025-10-26 05:18:13.528+00
288	3	Hari	172.18.0.1	8	Hari.in	\N	\N	2025-10-19 18:58:57.439+00	2025-10-19 18:58:57.868+00
289	3	Hari	172.18.0.1	8	Hari.in	\N	\N	2025-10-19 18:59:13.047+00	2025-10-19 18:59:13.46+00
290	3	Hari	172.18.0.1	8	Hari.in	\N	\N	2025-10-19 18:59:28.6+00	2025-10-19 18:59:28.993+00
376	7	Hari venkat	172.18.0.1	8	Hari.in	\N	\N	2025-10-26 07:12:41.524+00	2025-10-26 07:12:51.693+00
291	3	Hari	172.18.0.1	8	Hari.in	\N	\N	2025-10-19 18:59:44.169+00	2025-10-19 18:59:44.563+00
375	7	Hari venkat	172.18.0.1	8	Hari.in	\N	\N	2025-10-26 07:00:40.115+00	2025-10-26 07:19:31.32+00
292	3	Hari	172.18.0.1	8	Hari.in	\N	\N	2025-10-19 18:59:59.69+00	2025-10-19 19:00:00.089+00
293	3	Hari	172.18.0.1	8	Hari.in	\N	\N	2025-10-19 19:00:15.243+00	2025-10-19 19:00:15.635+00
377	7	Hari venkat	172.18.0.1	8	Hari.in	\N	\N	2025-10-26 07:19:35.233+00	2025-10-26 07:19:36.857+00
294	3	Hari	172.18.0.1	8	Hari.in	\N	\N	2025-10-19 19:00:30.777+00	2025-10-19 19:00:31.173+00
383	7	Hari venkat	172.18.0.1	8	Hari.in	\N	\N	2025-10-26 08:26:04.941+00	2025-10-26 08:26:41.825+00
476	7	Hari venkat	172.18.0.1	8	Hari.in	\N	\N	2025-10-27 17:39:22.302+00	2025-10-27 17:39:37.945+00
567	7	Hari venkat	172.18.0.1	8	Hari.in	\N	\N	2025-10-31 15:47:19.217+00	2025-10-31 16:25:04.734+00
568	7	Hari venkat	172.18.0.1	8	Hari.in	\N	\N	2025-10-31 16:25:09.985+00	2025-10-31 16:27:04.021+00
477	8	Kamraann Rajaani	172.18.0.1	8	Hari.in	\N	\N	2025-10-27 17:39:41.389+00	2025-10-27 17:39:57.024+00
478	7	Hari venkat	172.18.0.1	8	Hari.in	\N	\N	2025-10-27 17:39:55.096+00	2025-10-27 17:40:10.735+00
950	7	Hari venkat	172.18.0.1	8	Hari.in	\N	\N	2025-11-21 05:03:13.408+00	2025-11-21 05:05:05.273+00
479	8	Kamraann Rajaani	172.18.0.1	8	Hari.in	\N	\N	2025-10-27 17:40:12.326+00	2025-10-27 17:40:27.781+00
480	7	Hari venkat	172.18.0.1	8	Hari.in	\N	\N	2025-10-27 17:40:27.161+00	2025-10-27 17:40:42.813+00
997	7	Hari venkat	172.18.0.1	8	Hari.in	\N	\N	2025-11-21 13:20:17.844+00	2025-11-21 13:22:01.333+00
481	8	Kamraann Rajaani	172.18.0.1	8	Hari.in	\N	\N	2025-10-27 17:40:43.14+00	2025-10-27 17:40:58.596+00
492	7	Hari venkat	172.18.0.1	8	Hari.in	\N	\N	2025-10-27 17:46:30.164+00	2025-10-27 17:46:45.81+00
569	7	Hari venkat	172.18.0.1	8	Hari.in	\N	\N	2025-10-31 16:27:20.492+00	2025-10-31 18:36:10.544+00
999	7	Hari venkat	172.18.0.1	8	Hari.in	\N	\N	2025-11-21 16:09:41.871+00	2025-11-21 16:42:35.577+00
1000	7	Hari venkat	172.18.0.1	6	Host Machine RDP	\N	\N	2025-11-21 16:17:05.022+00	2025-11-21 17:09:48.094+00
1002	7	Hari venkat	172.18.0.1	6	Host Machine RDP	\N	\N	2025-11-21 17:18:55.305+00	2025-11-21 18:28:00.994+00
1005	7	Hari venkat	172.18.0.1	9	Host Machine Virtual	\N	\N	2025-11-21 18:30:19.69+00	2025-11-21 18:30:20.063+00
573	7	Hari venkat	172.18.0.1	8	Hari.in	\N	\N	2025-10-31 18:38:31.662+00	2025-10-31 18:38:36.912+00
572	7	Hari venkat	172.18.0.1	8	Hari.in	\N	\N	2025-10-31 18:36:11.21+00	2025-10-31 19:01:56.558+00
1009	7	Hari venkat	172.18.0.1	6	Host Machine RDP	\N	\N	2025-11-22 16:46:29.797+00	2025-11-22 16:51:51.706+00
1007	7	Hari venkat	172.18.0.1	8	Hari.in	\N	\N	2025-11-22 16:31:17.256+00	2025-11-22 17:27:09.832+00
578	7	Hari venkat	172.18.0.1	8	Hari.in	\N	\N	2025-11-01 11:42:53.741+00	2025-11-01 11:49:42.315+00
1013	7	Hari venkat	172.18.0.1	8	Hari.in	\N	\N	2025-11-23 12:17:18.241+00	2025-11-23 17:40:53.359+00
579	7	Hari venkat	172.18.0.1	8	Hari.in	\N	\N	2025-11-01 12:15:41.81+00	2025-11-01 13:19:41.242+00
1015	7	Hari venkat	172.18.0.1	8	Hari.in	\N	\N	2025-11-23 17:48:34.699+00	2025-11-23 19:45:07.899+00
1021	7	Hari venkat	172.18.0.1	6	Host Machine RDP	\N	\N	2025-11-24 06:29:03.519+00	2025-11-24 06:29:10.924+00
581	7	Hari venkat	172.18.0.1	8	Hari.in	\N	\N	2025-11-01 13:23:41.254+00	2025-11-01 14:34:10.497+00
1022	7	Hari venkat	172.18.0.1	8	Hari.in	\N	\N	2025-11-24 06:29:13.582+00	2025-11-24 07:01:31.517+00
1027	7	Hari venkat	172.18.0.1	8	Hari.in	\N	\N	2025-11-24 12:34:43.215+00	2025-11-24 12:34:45.083+00
586	7	Hari venkat	172.18.0.1	8	Hari.in	\N	\N	2025-11-01 16:15:08.987+00	2025-11-01 17:32:49.333+00
1030	7	Hari venkat	172.18.0.1	8	Hari.in	\N	\N	2025-11-24 12:35:00.354+00	2025-11-24 12:35:02.145+00
589	7	Hari venkat	172.18.0.1	8	Hari.in	\N	\N	2025-11-02 07:06:27.938+00	2025-11-02 08:05:26.847+00
591	7	Hari venkat	172.18.0.1	8	Hari.in	\N	\N	2025-11-02 08:05:29.451+00	2025-11-02 08:34:49.971+00
1034	7	Hari venkat	172.18.0.1	9	Host Machine Virtual	\N	\N	2025-11-24 12:36:24.128+00	2025-11-24 12:36:32.008+00
1035	7	Hari venkat	172.18.0.1	9	Host Machine Virtual	\N	\N	2025-11-24 12:36:36.241+00	2025-11-24 12:36:36.532+00
592	7	Hari venkat	172.18.0.1	8	Hari.in	\N	\N	2025-11-02 14:01:23.156+00	2025-11-02 15:42:04.891+00
1033	7	Hari venkat	172.18.0.1	8	Hari.in	\N	\N	2025-11-24 12:35:52.171+00	2025-11-24 12:48:18.362+00
594	7	Hari venkat	172.18.0.1	8	Hari.in	\N	\N	2025-11-02 16:36:25.354+00	2025-11-02 18:54:44.437+00
597	7	Hari venkat	172.18.0.1	8	Hari.in	\N	\N	2025-11-05 15:58:18.375+00	2025-11-05 15:59:40.713+00
1040	7	Hari venkat	172.18.0.1	8	Hari.in	\N	\N	2025-11-24 16:30:44.186+00	2025-11-24 16:35:50.635+00
599	7	Hari venkat	172.18.0.1	8	Hari.in	\N	\N	2025-11-05 16:02:17.082+00	2025-11-05 16:03:18.041+00
1044	7	Hari venkat	172.18.0.1	8	Hari.in	\N	\N	2025-11-24 18:34:14.901+00	2025-11-24 18:37:06.757+00
602	7	Hari venkat	172.18.0.1	8	Hari.in	\N	\N	2025-11-05 16:03:46.075+00	2025-11-05 16:04:46.514+00
604	7	Hari venkat	172.18.0.1	8	Hari.in	\N	\N	2025-11-05 16:20:56.682+00	2025-11-05 16:21:30.959+00
1111	7	Hari venkat	172.18.0.1	9	Host Machine Virtual	\N	\N	2025-11-26 18:02:23.24+00	2025-11-26 18:56:22.456+00
607	7	Hari venkat	172.18.0.1	8	Hari.in	\N	\N	2025-11-05 17:23:35.265+00	2025-11-05 19:55:13.345+00
608	7	Hari venkat	172.18.0.1	8	Hari.in	\N	\N	2025-11-06 04:02:29.278+00	2025-11-06 04:08:07.718+00
609	7	Hari venkat	172.18.0.1	8	Hari.in	\N	\N	2025-11-06 04:24:04.544+00	2025-11-06 06:21:13.063+00
610	7	Hari venkat	172.18.0.1	8	Hari.in	\N	\N	2025-11-06 13:51:11.556+00	2025-11-06 14:39:48.066+00
615	7	Hari venkat	172.18.0.1	8	Hari.in	\N	\N	2025-11-06 16:33:18.777+00	2025-11-06 17:52:47.266+00
616	7	Hari venkat	172.18.0.1	8	Hari.in	\N	\N	2025-11-06 17:52:23.915+00	2025-11-06 18:00:29.242+00
617	7	Hari venkat	172.18.0.1	8	Hari.in	\N	\N	2025-11-06 18:00:03.256+00	2025-11-06 18:21:38.034+00
618	7	Hari venkat	172.18.0.1	8	Hari.in	\N	\N	2025-11-07 05:49:18.761+00	2025-11-07 06:18:57.962+00
620	7	Hari venkat	172.18.0.1	8	Hari.in	\N	\N	2025-11-07 06:56:25.611+00	2025-11-07 06:56:59.648+00
621	7	Hari venkat	172.18.0.1	8	Hari.in	\N	\N	2025-11-07 06:57:03.696+00	2025-11-07 07:17:35.76+00
624	7	Hari venkat	172.18.0.1	8	Hari.in	\N	\N	2025-11-07 08:50:14.914+00	2025-11-07 08:50:24.24+00
626	7	Hari venkat	172.18.0.1	8	Hari.in	\N	\N	2025-11-08 04:19:03.149+00	2025-11-08 04:47:20.771+00
628	7	Hari venkat	172.18.0.1	8	Hari.in	\N	\N	2025-11-08 07:43:39.414+00	2025-11-08 07:57:40.084+00
629	7	Hari venkat	172.18.0.1	8	Hari.in	\N	\N	2025-11-08 07:58:20.531+00	2025-11-08 07:58:54.56+00
632	7	Hari venkat	172.18.0.1	8	Hari.in	\N	\N	2025-11-08 15:26:09.81+00	2025-11-08 15:30:23.397+00
634	7	Hari venkat	172.18.0.1	8	Hari.in	\N	\N	2025-11-08 15:31:16.621+00	2025-11-08 15:44:01.758+00
635	7	Hari venkat	172.18.0.1	8	Hari.in	\N	\N	2025-11-08 15:53:44.291+00	2025-11-08 19:00:41.991+00
636	7	Hari venkat	172.18.0.1	8	Hari.in	\N	\N	2025-11-09 11:34:19.001+00	2025-11-09 11:34:52.946+00
638	7	Hari venkat	172.18.0.1	8	Hari.in	\N	\N	2025-11-09 15:13:12.169+00	2025-11-09 17:22:12.175+00
639	7	Hari venkat	172.18.0.1	8	Hari.in	\N	\N	2025-11-09 17:37:36.498+00	2025-11-09 18:41:07.777+00
641	7	Hari venkat	172.18.0.1	8	Hari.in	\N	\N	2025-11-11 05:45:22.88+00	2025-11-11 05:45:56.92+00
642	7	Hari venkat	172.18.0.1	8	Hari.in	\N	\N	2025-11-11 05:52:22.864+00	2025-11-11 06:25:38.393+00
644	7	Hari venkat	172.18.0.1	8	Hari.in	\N	\N	2025-11-11 06:27:56.033+00	2025-11-11 07:10:36.707+00
645	7	Hari venkat	172.18.0.1	8	Hari.in	\N	\N	2025-11-11 07:11:26.323+00	2025-11-11 07:59:39.439+00
648	7	Hari venkat	172.18.0.1	8	Hari.in	\N	\N	2025-11-11 13:25:07.471+00	2025-11-11 13:33:47.877+00
651	7	Hari venkat	172.18.0.1	8	Hari.in	\N	\N	2025-11-11 13:51:57.706+00	2025-11-11 13:53:09.08+00
652	7	Hari venkat	172.18.0.1	8	Hari.in	\N	\N	2025-11-11 13:54:49.582+00	2025-11-11 13:55:47.701+00
657	7	Hari venkat	172.18.0.1	8	Hari.in	\N	\N	2025-11-13 04:21:02.041+00	2025-11-13 04:21:17.748+00
660	7	Hari venkat	172.18.0.1	8	Hari.in	\N	\N	2025-11-13 04:22:08.991+00	2025-11-13 04:22:23.73+00
661	7	Hari venkat	172.18.0.1	8	Hari.in	\N	\N	2025-11-13 04:23:36.409+00	2025-11-13 04:27:55.285+00
664	7	Hari venkat	172.18.0.1	8	Hari.in	\N	\N	2025-11-13 04:29:11.574+00	2025-11-13 04:31:42.167+00
666	7	Hari venkat	172.18.0.1	8	Hari.in	\N	\N	2025-11-13 04:42:30.811+00	2025-11-13 04:42:46.494+00
669	7	Hari venkat	172.18.0.1	8	Hari.in	\N	\N	2025-11-13 05:06:57.16+00	2025-11-13 05:07:17.904+00
702	7	Hari venkat	172.18.0.1	8	Hari.in	\N	\N	2025-11-13 05:10:50.082+00	2025-11-13 05:11:05.779+00
475	8	Kamraann Rajaani	172.18.0.1	8	Hari.in	\N	\N	2025-10-27 17:39:10.186+00	2025-10-27 17:39:25.684+00
951	7	Hari venkat	172.18.0.1	8	Hari.in	\N	\N	2025-11-21 05:05:19.526+00	2025-11-21 05:05:26.025+00
482	7	Hari venkat	172.18.0.1	8	Hari.in	\N	\N	2025-10-27 17:40:59.136+00	2025-10-27 17:41:14.796+00
483	8	Kamraann Rajaani	172.18.0.1	8	Hari.in	\N	\N	2025-10-27 17:41:13.935+00	2025-10-27 17:41:29.392+00
954	7	Hari venkat	172.18.0.1	9	Host Machine Virtual	\N	\N	2025-11-21 05:11:48.189+00	2025-11-21 05:11:48.554+00
484	7	Hari venkat	172.18.0.1	8	Hari.in	\N	\N	2025-10-27 17:41:30.78+00	2025-10-27 17:41:46.423+00
485	8	Kamraann Rajaani	172.18.0.1	8	Hari.in	\N	\N	2025-10-27 17:41:44.805+00	2025-10-27 17:42:00.259+00
1004	7	Hari venkat	172.18.0.1	8	Hari.in	\N	\N	2025-11-21 18:22:48.76+00	2025-11-21 18:30:13.753+00
486	7	Hari venkat	172.18.0.1	8	Hari.in	\N	\N	2025-10-27 17:42:03.201+00	2025-10-27 17:42:18.851+00
487	8	Kamraann Rajaani	172.18.0.1	8	Hari.in	\N	\N	2025-10-27 17:42:15.588+00	2025-10-27 17:42:31.097+00
1008	7	Hari venkat	172.18.0.1	6	Host Machine RDP	\N	\N	2025-11-22 16:39:10.256+00	2025-11-22 16:42:44.914+00
488	8	Kamraann Rajaani	172.18.0.1	8	Hari.in	\N	\N	2025-10-27 17:42:46.449+00	2025-10-27 17:43:21.262+00
489	8	Kamraann Rajaani	172.18.0.1	8	Hari.in	\N	\N	2025-10-27 17:43:08.85+00	2025-10-27 17:43:24.319+00
490	7	Hari venkat	172.18.0.1	8	Hari.in	\N	\N	2025-10-27 17:44:49.234+00	2025-10-27 17:45:04.891+00
491	7	Hari venkat	172.18.0.1	8	Hari.in	\N	\N	2025-10-27 17:45:21.257+00	2025-10-27 17:45:36.882+00
1011	7	Hari venkat	172.18.0.1	6	Host Machine RDP	\N	\N	2025-11-23 05:50:23.407+00	2025-11-23 06:00:27.134+00
493	7	Hari venkat	172.18.0.1	8	Hari.in	\N	\N	2025-10-27 17:47:15.166+00	2025-10-27 17:47:30.836+00
1010	7	Hari venkat	172.18.0.1	8	Hari.in	\N	\N	2025-11-23 04:35:41.731+00	2025-11-23 06:09:27.071+00
1018	7	Hari venkat	172.18.0.1	6	Host Machine RDP	\N	\N	2025-11-24 06:15:47.736+00	2025-11-24 06:19:55.081+00
1023	7	Hari venkat	172.18.0.1	6	Host Machine RDP	\N	\N	2025-11-24 07:10:23.653+00	2025-11-24 07:29:36.876+00
494	7	Hari venkat	172.18.0.1	8	Hari.in	\N	\N	2025-10-27 17:50:26.893+00	2025-10-27 18:54:07.421+00
1028	7	Hari venkat	172.18.0.1	6	Host Machine RDP	\N	\N	2025-11-24 12:34:49.816+00	2025-11-24 12:34:50.235+00
499	7	Hari venkat	172.18.0.1	8	Hari.in	\N	\N	2025-10-27 19:07:18.924+00	2025-10-27 19:07:22.757+00
1031	7	Hari venkat	172.18.0.1	8	Hari.in	\N	\N	2025-11-24 12:35:00.959+00	2025-11-24 12:35:01.533+00
497	7	Hari venkat	172.18.0.1	8	Hari.in	\N	\N	2025-10-27 18:57:36.549+00	2025-10-27 19:08:38.207+00
503	7	Hari venkat	172.18.0.1	8	Hari.in	\N	\N	2025-10-27 19:08:45.062+00	2025-10-27 19:10:25.078+00
505	7	Hari venkat	172.18.0.1	8	Hari.in	\N	\N	2025-10-27 19:10:41.999+00	2025-10-27 19:11:16.272+00
506	7	Hari venkat	172.18.0.1	8	Hari.in	\N	\N	2025-10-27 19:11:32.232+00	2025-10-27 19:11:47.864+00
507	7	Hari venkat	172.18.0.1	8	Hari.in	\N	\N	2025-10-27 19:12:30.212+00	2025-10-27 19:12:45.891+00
508	7	Hari venkat	172.18.0.1	8	Hari.in	\N	\N	2025-10-27 19:15:35.386+00	2025-10-27 19:15:51.068+00
509	7	Hari venkat	172.18.0.1	8	Hari.in	\N	\N	2025-10-27 19:16:28.467+00	2025-10-27 19:16:44.14+00
510	7	Hari venkat	172.18.0.1	8	Hari.in	\N	\N	2025-10-27 19:17:42.369+00	2025-10-27 19:17:57.999+00
1048	7	Hari venkat	172.18.0.1	6	Host Machine RDP	\N	\N	2025-11-26 06:07:47.637+00	2025-11-26 06:12:23.165+00
511	7	Hari venkat	172.18.0.1	8	Hari.in	\N	\N	2025-10-27 19:18:14.933+00	2025-10-27 19:18:30.6+00
512	7	Hari venkat	172.18.0.1	8	Hari.in	\N	\N	2025-10-27 19:19:23.644+00	2025-10-27 19:19:24.283+00
513	7	Hari venkat	172.18.0.1	8	Hari.in	\N	\N	2025-10-27 19:19:27.469+00	2025-10-27 19:19:28.097+00
514	7	Hari venkat	172.18.0.1	8	Hari.in	\N	\N	2025-10-27 19:19:36.548+00	2025-10-27 19:19:37.174+00
515	7	Hari venkat	172.18.0.1	8	Hari.in	\N	\N	2025-10-27 19:20:49.023+00	2025-10-27 19:21:04.726+00
516	7	Hari venkat	172.18.0.1	8	Hari.in	\N	\N	2025-10-27 19:22:30.562+00	2025-10-27 19:23:04.592+00
517	7	Hari venkat	172.18.0.1	8	Hari.in	\N	\N	2025-10-27 19:25:38.793+00	2025-10-27 19:30:03.66+00
518	8	Kamraann Rajaani	172.18.0.1	8	Hari.in	\N	\N	2025-10-28 04:24:48.327+00	2025-10-28 04:25:24.383+00
519	7	Hari venkat	172.18.0.1	8	Hari.in	\N	\N	2025-10-28 04:29:51.758+00	2025-10-28 05:51:17.726+00
520	7	Hari venkat	172.18.0.1	8	Hari.in	\N	\N	2025-10-28 06:04:34.716+00	2025-10-28 06:05:15.712+00
521	7	Hari venkat	172.18.0.1	8	Hari.in	\N	\N	2025-10-28 09:56:36.148+00	2025-10-28 09:57:12.17+00
522	7	Hari venkat	172.18.0.1	8	Hari.in	\N	\N	2025-10-28 09:57:23.48+00	2025-10-28 11:35:09.926+00
523	7	Hari venkat	172.18.0.1	8	Hari.in	\N	\N	2025-10-28 11:35:16.075+00	2025-10-28 11:52:42.954+00
525	7	Hari venkat	172.18.0.1	8	Hari.in	\N	\N	2025-10-28 11:55:05.677+00	2025-10-28 11:55:21.994+00
527	7	Hari venkat	172.18.0.1	8	Hari.in	\N	\N	2025-10-28 12:50:39.714+00	2025-10-28 13:15:40.684+00
528	7	Hari venkat	172.18.0.1	8	Hari.in	\N	\N	2025-10-28 13:20:13.995+00	2025-10-28 13:38:21.761+00
529	7	Hari venkat	172.18.0.1	8	Hari.in	\N	\N	2025-10-28 13:51:23.529+00	2025-10-28 14:12:30.801+00
530	7	Hari venkat	172.18.0.1	8	Hari.in	\N	\N	2025-10-28 15:56:02.724+00	2025-10-28 16:41:37.875+00
531	7	Hari venkat	172.18.0.1	8	Hari.in	\N	\N	2025-10-28 17:43:58.457+00	2025-10-28 19:43:36.485+00
532	7	Hari venkat	172.18.0.1	8	Hari.in	\N	\N	2025-10-29 03:53:34.278+00	2025-10-29 04:13:19.511+00
533	7	Hari venkat	172.18.0.1	8	Hari.in	\N	\N	2025-10-29 04:22:35.128+00	2025-10-29 05:09:08.252+00
534	7	Hari venkat	172.18.0.1	8	Hari.in	\N	\N	2025-10-29 05:10:44.418+00	2025-10-29 05:29:15.629+00
535	7	Hari venkat	172.18.0.1	8	Hari.in	\N	\N	2025-10-29 06:21:11.917+00	2025-10-29 06:22:18.12+00
536	7	Hari venkat	172.18.0.1	8	Hari.in	\N	\N	2025-10-29 06:22:27.004+00	2025-10-29 07:40:59.56+00
537	7	Hari venkat	172.18.0.1	8	Hari.in	\N	\N	2025-10-29 09:16:57.425+00	2025-10-29 10:49:21.727+00
538	7	Hari venkat	172.18.0.1	8	Hari.in	\N	\N	2025-10-29 11:43:58.173+00	2025-10-29 11:44:10.941+00
539	7	Hari venkat	172.18.0.1	8	Hari.in	\N	\N	2025-10-29 11:44:44.347+00	2025-10-29 12:00:29.487+00
540	7	Hari venkat	172.18.0.1	8	Hari.in	\N	\N	2025-10-29 16:30:57.124+00	2025-10-29 18:44:52.668+00
544	7	Hari venkat	172.18.0.1	8	Hari.in	\N	\N	2025-10-30 05:01:46.135+00	2025-10-30 05:03:00.678+00
545	7	Hari venkat	172.18.0.1	8	Hari.in	\N	\N	2025-10-30 05:12:02.647+00	2025-10-30 05:56:41.054+00
546	7	Hari venkat	172.18.0.1	8	Hari.in	\N	\N	2025-10-30 05:56:45.412+00	2025-10-30 06:25:31.435+00
547	7	Hari venkat	172.18.0.1	8	Hari.in	\N	\N	2025-10-30 06:37:34.552+00	2025-10-30 06:43:59.876+00
548	7	Hari venkat	172.18.0.1	8	Hari.in	\N	\N	2025-10-30 12:24:14.771+00	2025-10-30 12:48:34.42+00
549	7	Hari venkat	172.18.0.1	8	Hari.in	\N	\N	2025-10-30 12:48:38.319+00	2025-10-30 12:52:57.53+00
550	7	Hari venkat	172.18.0.1	8	Hari.in	\N	\N	2025-10-30 12:53:14.457+00	2025-10-30 12:53:19.206+00
551	7	Hari venkat	172.18.0.1	8	Hari.in	\N	\N	2025-10-30 12:53:35.642+00	2025-10-30 13:20:16.803+00
552	7	Hari venkat	172.18.0.1	8	Hari.in	\N	\N	2025-10-30 14:17:18.847+00	2025-10-30 14:47:17.171+00
553	7	Hari venkat	172.18.0.1	8	Hari.in	\N	\N	2025-10-30 15:26:06.708+00	2025-10-30 17:48:43.107+00
554	7	Hari venkat	172.18.0.1	8	Hari.in	\N	\N	2025-10-30 18:03:00+00	2025-10-30 18:03:48.905+00
556	7	Hari venkat	172.18.0.1	8	Hari.in	\N	\N	2025-10-30 18:04:22.338+00	2025-10-30 18:05:30.066+00
557	7	Hari venkat	172.18.0.1	8	Hari.in	\N	\N	2025-10-31 04:00:47.528+00	2025-10-31 04:35:50.935+00
558	7	Hari venkat	172.18.0.1	8	Hari.in	\N	\N	2025-10-31 05:03:21.236+00	2025-10-31 07:02:11.627+00
560	7	Hari venkat	172.18.0.1	8	Hari.in	\N	\N	2025-10-31 07:14:06.928+00	2025-10-31 07:14:40.957+00
561	7	Hari venkat	172.18.0.1	8	Hari.in	\N	\N	2025-10-31 07:14:53.064+00	2025-10-31 07:15:28.697+00
562	7	Hari venkat	172.18.0.1	8	Hari.in	\N	\N	2025-10-31 07:19:01.945+00	2025-10-31 07:24:49.496+00
563	7	Hari venkat	172.18.0.1	8	Hari.in	\N	\N	2025-10-31 07:26:00.367+00	2025-10-31 07:39:56.822+00
952	7	Hari venkat	172.18.0.1	9	Host Machine Virtual	\N	\N	2025-11-21 05:05:30.567+00	2025-11-21 05:05:30.941+00
565	7	Hari venkat	172.18.0.1	8	Hari.in	\N	\N	2025-10-31 07:40:49.131+00	2025-10-31 08:11:53.415+00
576	7	Hari venkat	172.18.0.1	8	Hari.in	\N	\N	2025-11-01 04:32:27.372+00	2025-11-01 06:06:13.757+00
953	7	Hari venkat	172.18.0.1	9	Host Machine Virtual	\N	\N	2025-11-21 05:11:31.689+00	2025-11-21 05:11:32.069+00
583	7	Hari venkat	172.18.0.1	8	Hari.in	\N	\N	2025-11-01 14:34:40.19+00	2025-11-01 15:09:39.005+00
587	7	Hari venkat	172.18.0.1	8	Hari.in	\N	\N	2025-11-01 17:33:06.136+00	2025-11-01 18:35:33.078+00
955	7	Hari venkat	172.18.0.1	9	Host Machine Virtual	\N	\N	2025-11-21 05:12:05.902+00	2025-11-21 05:12:06.302+00
588	7	Hari venkat	172.18.0.1	8	Hari.in	\N	\N	2025-11-02 05:52:55.126+00	2025-11-02 07:06:24.79+00
1037	7	Hari venkat	172.18.0.1	6	Host Machine RDP	\N	\N	2025-11-24 13:18:46.863+00	2025-11-24 13:31:53.458+00
1038	7	Hari venkat	172.18.0.1	8	Hari.in	\N	\N	2025-11-24 16:20:02.627+00	2025-11-24 16:25:45.937+00
1039	7	Hari venkat	172.18.0.1	8	Hari.in	\N	\N	2025-11-24 16:30:06.538+00	2025-11-24 16:30:40.716+00
1042	7	Hari venkat	172.18.0.1	8	Hari.in	\N	\N	2025-11-24 17:01:28.997+00	2025-11-24 17:51:50.759+00
1043	7	Hari venkat	172.18.0.1	8	Hari.in	\N	\N	2025-11-24 17:52:08.939+00	2025-11-24 18:34:11.901+00
1047	7	Hari venkat	172.18.0.1	6	Host Machine RDP	\N	\N	2025-11-26 05:48:15.831+00	2025-11-26 06:07:14.097+00
598	7	Hari venkat	172.18.0.1	8	Hari.in	\N	\N	2025-11-05 15:59:44.187+00	2025-11-05 16:01:02.491+00
601	7	Hari venkat	172.18.0.1	8	Hari.in	\N	\N	2025-11-05 16:03:36.713+00	2025-11-05 16:03:43.669+00
1113	7	Hari venkat	172.18.0.1	9	Host Machine Virtual	\N	\N	2025-11-26 18:56:29.561+00	2025-11-26 19:00:22.377+00
603	7	Hari venkat	172.18.0.1	8	Hari.in	\N	\N	2025-11-05 16:09:25.208+00	2025-11-05 16:20:45.06+00
614	7	Hari venkat	172.18.0.1	8	Hari.in	\N	\N	2025-11-06 14:40:10.849+00	2025-11-06 14:58:30.789+00
619	7	Hari venkat	172.18.0.1	8	Hari.in	\N	\N	2025-11-07 06:28:49.817+00	2025-11-07 06:50:27.711+00
622	7	Hari venkat	172.18.0.1	8	Hari.in	\N	\N	2025-11-07 07:18:28.899+00	2025-11-07 08:42:44.523+00
623	7	Hari venkat	172.18.0.1	8	Hari.in	\N	\N	2025-11-07 08:50:14.605+00	2025-11-07 08:50:14.96+00
625	7	Hari venkat	172.18.0.1	8	Hari.in	\N	\N	2025-11-07 20:20:01.714+00	2025-11-07 20:21:46.391+00
627	7	Hari venkat	172.18.0.1	8	Hari.in	\N	\N	2025-11-08 05:15:18.797+00	2025-11-08 05:54:54.921+00
630	7	Hari venkat	172.18.0.1	8	Hari.in	\N	\N	2025-11-08 08:01:11.402+00	2025-11-08 08:02:18.15+00
631	7	Hari venkat	172.18.0.1	8	Hari.in	\N	\N	2025-11-08 13:11:18.754+00	2025-11-08 15:14:18.824+00
633	7	Hari venkat	172.18.0.1	8	Hari.in	\N	\N	2025-11-08 15:30:27.061+00	2025-11-08 15:30:44.575+00
637	7	Hari venkat	172.18.0.1	8	Hari.in	\N	\N	2025-11-09 11:34:56.605+00	2025-11-09 11:36:06.009+00
643	7	Hari venkat	172.18.0.1	8	Hari.in	\N	\N	2025-11-11 06:27:17.546+00	2025-11-11 06:27:51.968+00
646	7	Hari venkat	172.18.0.1	8	Hari.in	\N	\N	2025-11-11 08:25:58.492+00	2025-11-11 09:20:07.558+00
647	7	Hari venkat	172.18.0.1	8	Hari.in	\N	\N	2025-11-11 13:08:16.524+00	2025-11-11 13:24:49.13+00
649	7	Hari venkat	172.18.0.1	8	Hari.in	\N	\N	2025-11-11 13:34:09.157+00	2025-11-11 13:46:55.055+00
650	7	Hari venkat	172.18.0.1	8	Hari.in	\N	\N	2025-11-11 13:47:39.963+00	2025-11-11 13:48:14.446+00
653	7	Hari venkat	172.18.0.1	8	Hari.in	\N	\N	2025-11-11 13:55:46.898+00	2025-11-11 14:16:49.614+00
654	7	Hari venkat	172.18.0.1	8	Hari.in	\N	\N	2025-11-11 14:17:03.48+00	2025-11-11 14:17:37.582+00
655	7	Hari venkat	172.18.0.1	8	Hari.in	\N	\N	2025-11-11 15:37:33.606+00	2025-11-11 15:55:27.62+00
656	7	Hari venkat	172.18.0.1	8	Hari.in	\N	\N	2025-11-12 15:55:53.524+00	2025-11-12 16:21:07.37+00
659	7	Hari venkat	172.18.0.1	8	Hari.in	\N	\N	2025-11-13 04:21:36.04+00	2025-11-13 04:21:51.717+00
704	7	Hari venkat	172.18.0.1	8	Hari.in	\N	\N	2025-11-13 05:12:41.784+00	2025-11-13 05:12:57.454+00
705	7	Hari venkat	172.18.0.1	8	Hari.in	\N	\N	2025-11-13 05:13:13.822+00	2025-11-13 05:13:29.526+00
706	7	Hari venkat	172.18.0.1	8	Hari.in	\N	\N	2025-11-13 05:13:45.825+00	2025-11-13 05:14:01.5+00
707	7	Hari venkat	172.18.0.1	8	Hari.in	\N	\N	2025-11-13 05:14:17.802+00	2025-11-13 05:14:33.443+00
708	7	Hari venkat	172.18.0.1	8	Hari.in	\N	\N	2025-11-13 05:14:49.413+00	2025-11-13 05:15:05.069+00
709	7	Hari venkat	172.18.0.1	8	Hari.in	\N	\N	2025-11-13 05:15:21.775+00	2025-11-13 05:15:37.427+00
710	7	Hari venkat	172.18.0.1	8	Hari.in	\N	\N	2025-11-13 05:16:16.761+00	2025-11-13 05:16:32.405+00
711	7	Hari venkat	172.18.0.1	8	Hari.in	\N	\N	2025-11-13 05:16:48.891+00	2025-11-13 05:17:04.563+00
712	7	Hari venkat	172.18.0.1	8	Hari.in	\N	\N	2025-11-13 05:17:21.774+00	2025-11-13 05:17:24.23+00
714	7	Hari venkat	172.18.0.1	8	Hari.in	\N	\N	2025-11-13 05:17:32.108+00	2025-11-13 05:17:47.766+00
715	7	Hari venkat	172.18.0.1	8	Hari.in	\N	\N	2025-11-13 05:18:04.824+00	2025-11-13 05:18:20.503+00
716	7	Hari venkat	172.18.0.1	8	Hari.in	\N	\N	2025-11-13 05:18:54.033+00	2025-11-13 05:19:09.673+00
717	7	Hari venkat	172.18.0.1	8	Hari.in	\N	\N	2025-11-13 05:19:26.759+00	2025-11-13 05:19:42.458+00
718	7	Hari venkat	172.18.0.1	8	Hari.in	\N	\N	2025-11-13 05:20:37.81+00	2025-11-13 05:20:53.446+00
719	7	Hari venkat	172.18.0.1	8	Hari.in	\N	\N	2025-11-13 05:21:10.804+00	2025-11-13 05:21:26.455+00
720	7	Hari venkat	172.18.0.1	8	Hari.in	\N	\N	2025-11-13 05:21:46.778+00	2025-11-13 05:22:02.437+00
721	7	Hari venkat	172.18.0.1	8	Hari.in	\N	\N	2025-11-13 05:22:18.804+00	2025-11-13 05:22:34.485+00
722	7	Hari venkat	172.18.0.1	8	Hari.in	\N	\N	2025-11-13 05:22:37.269+00	2025-11-13 05:22:39.593+00
723	7	Hari venkat	172.18.0.1	8	Hari.in	\N	\N	2025-11-13 05:22:44.422+00	2025-11-13 05:23:00.081+00
724	7	Hari venkat	172.18.0.1	8	Hari.in	\N	\N	2025-11-13 05:23:16.828+00	2025-11-13 05:23:32.498+00
725	7	Hari venkat	172.18.0.1	8	Hari.in	\N	\N	2025-11-13 05:23:48.798+00	2025-11-13 05:24:04.487+00
726	7	Hari venkat	172.18.0.1	8	Hari.in	\N	\N	2025-11-13 05:24:21.895+00	2025-11-13 05:24:37.554+00
727	7	Hari venkat	172.18.0.1	8	Hari.in	\N	\N	2025-11-13 05:24:53.756+00	2025-11-13 05:25:09.407+00
728	7	Hari venkat	172.18.0.1	8	Hari.in	\N	\N	2025-11-13 05:26:58.786+00	2025-11-13 05:27:14.432+00
729	7	Hari venkat	172.18.0.1	8	Hari.in	\N	\N	2025-11-13 05:27:30.813+00	2025-11-13 05:27:46.471+00
730	7	Hari venkat	172.18.0.1	8	Hari.in	\N	\N	2025-11-13 05:34:15.727+00	2025-11-13 05:34:31.373+00
731	7	Hari venkat	172.18.0.1	8	Hari.in	\N	\N	2025-11-13 05:34:47.774+00	2025-11-13 05:35:03.437+00
732	7	Hari venkat	172.18.0.1	8	Hari.in	\N	\N	2025-11-13 05:35:06.37+00	2025-11-13 05:38:49.25+00
733	7	Hari venkat	172.18.0.1	8	Hari.in	\N	\N	2025-11-13 05:38:52.073+00	2025-11-13 05:39:01.338+00
735	7	Hari venkat	172.18.0.1	8	Hari.in	\N	\N	2025-11-13 05:39:15.017+00	2025-11-13 05:39:39.171+00
766	7	Hari venkat	172.18.0.1	8	Hari.in	\N	\N	2025-11-13 05:51:45.762+00	2025-11-13 06:56:09.282+00
767	7	Hari venkat	172.18.0.1	8	Hari.in	\N	\N	2025-11-13 11:51:44.974+00	2025-11-13 12:36:11.44+00
768	7	Hari venkat	172.18.0.1	8	Hari.in	\N	\N	2025-11-13 12:59:10.387+00	2025-11-13 14:07:41.443+00
769	7	Hari venkat	172.18.0.1	8	Hari.in	\N	\N	2025-11-13 14:10:41.786+00	2025-11-13 14:38:34.769+00
770	7	Hari venkat	172.18.0.1	8	Hari.in	\N	\N	2025-11-13 14:38:39.894+00	2025-11-13 16:25:59.383+00
771	7	Hari venkat	172.18.0.1	8	Hari.in	\N	\N	2025-11-13 16:50:09.927+00	2025-11-13 17:50:30.787+00
772	7	Hari venkat	172.18.0.1	8	Hari.in	\N	\N	2025-11-13 17:59:03.819+00	2025-11-13 18:36:23.317+00
773	7	Hari venkat	172.18.0.1	8	Hari.in	\N	\N	2025-11-14 04:22:46.512+00	2025-11-14 05:55:37.004+00
956	7	Hari venkat	172.18.0.1	9	Host Machine Virtual	\N	\N	2025-11-21 05:12:22.805+00	2025-11-21 05:12:23.185+00
774	7	Hari venkat	172.18.0.1	8	Hari.in	\N	\N	2025-11-14 09:29:48.193+00	2025-11-14 10:26:03.763+00
775	7	Hari venkat	172.18.0.1	8	Hari.in	\N	\N	2025-11-14 10:29:55.201+00	2025-11-14 12:45:15.233+00
842	8	Kamraann Rajaani	172.18.0.1	\N	CMD_Win-11	\N	\N	2025-11-17 22:19:23.037+00	2025-11-17 22:19:25.282+00
776	7	Hari venkat	172.18.0.1	8	Hari.in	\N	\N	2025-11-14 13:00:15.277+00	2025-11-14 13:00:49.628+00
1041	7	Hari venkat	172.18.0.1	8	Hari.in	\N	\N	2025-11-24 16:36:55.295+00	2025-11-24 16:57:46.277+00
777	7	Hari venkat	172.18.0.1	8	Hari.in	\N	\N	2025-11-14 13:10:56.525+00	2025-11-14 13:38:53.42+00
778	7	Hari venkat	172.18.0.1	8	Hari.in	\N	\N	2025-11-14 15:26:48.985+00	2025-11-14 15:35:17.185+00
1045	7	Hari venkat	172.18.0.1	8	Hari.in	\N	\N	2025-11-24 18:37:09.335+00	2025-11-24 19:24:34.875+00
1046	7	Hari venkat	172.18.0.1	8	Hari.in	\N	\N	2025-11-25 16:39:12.109+00	2025-11-25 17:06:31.741+00
779	7	Hari venkat	172.18.0.1	8	Hari.in	\N	\N	2025-11-14 15:54:10.924+00	2025-11-14 17:42:02.771+00
1049	7	Hari venkat	172.18.0.1	6	Host Machine RDP	\N	\N	2025-11-26 06:14:10.292+00	2025-11-26 06:16:31.353+00
781	7	Hari venkat	172.18.0.1	8	Hari.in	\N	\N	2025-11-14 17:42:06.602+00	2025-11-14 19:22:13.91+00
1082	7	Hari venkat	172.18.0.1	6	Host Machine RDP	\N	\N	2025-11-26 06:17:49.986+00	2025-11-26 06:46:08.841+00
783	7	Hari venkat	172.18.0.1	8	Hari.in	\N	\N	2025-11-14 19:44:03.462+00	2025-11-14 19:45:35.835+00
1089	7	Hari venkat	172.18.0.1	9	Host Machine Virtual	\N	\N	2025-11-26 16:24:48.478+00	2025-11-26 16:24:48.787+00
1091	7	Hari venkat	172.18.0.1	9	Host Machine Virtual	\N	\N	2025-11-26 16:28:37.105+00	2025-11-26 16:28:37.42+00
1095	7	Hari venkat	172.18.0.1	9	Host Machine Virtual	\N	\N	2025-11-26 16:33:06.132+00	2025-11-26 16:33:06.437+00
785	7	Hari venkat	172.18.0.1	8	Hari.in	\N	\N	2025-11-15 05:10:48.712+00	2025-11-15 06:59:07.008+00
1100	7	Hari venkat	172.18.0.1	9	Host Machine Virtual	\N	\N	2025-11-26 16:47:23.188+00	2025-11-26 16:47:23.692+00
1084	7	Hari venkat	172.18.0.1	6	Host Machine RDP	\N	\N	2025-11-26 14:16:55.855+00	2025-11-26 17:28:46.666+00
1107	7	Hari venkat	172.18.0.1	9	Host Machine Virtual	\N	\N	2025-11-26 17:31:32.439+00	2025-11-26 17:32:28.782+00
789	7	Hari venkat	172.18.0.1	8	Hari.in	\N	\N	2025-11-15 11:33:18.597+00	2025-11-15 11:50:46.114+00
1114	7	Hari venkat	172.18.0.1	9	Host Machine Virtual	\N	\N	2025-11-26 19:00:24.984+00	2025-11-26 19:14:36.631+00
791	7	Hari venkat	172.18.0.1	8	Hari.in	\N	\N	2025-11-15 11:55:11.613+00	2025-11-15 12:14:39.992+00
1115	7	Hari venkat	172.18.0.1	8	Hari.in	\N	\N	2025-11-26 19:26:59.839+00	2025-11-26 19:27:11.503+00
792	7	Hari venkat	172.18.0.1	8	Hari.in	\N	\N	2025-11-15 12:18:51.162+00	2025-11-15 12:49:38.677+00
1116	7	Hari venkat	172.18.0.1	9	Host Machine Virtual	\N	\N	2025-11-26 19:44:03.508+00	2025-11-26 20:22:41.905+00
1121	7	Hari venkat	172.18.0.1	9	Host Machine VNC	\N	\N	2025-11-27 14:05:32.133+00	\N
795	7	Hari venkat	172.18.0.1	8	Hari.in	\N	\N	2025-11-15 13:25:10.144+00	2025-11-15 13:54:54.683+00
797	7	Hari venkat	172.18.0.1	8	Hari.in	\N	\N	2025-11-15 14:03:21.14+00	2025-11-15 14:55:43.91+00
799	7	Hari venkat	172.18.0.1	8	Hari.in	\N	\N	2025-11-15 15:25:22.776+00	2025-11-15 15:53:13.026+00
801	7	Hari venkat	172.18.0.1	8	Hari.in	\N	\N	2025-11-15 17:03:28.717+00	\N
803	7	Hari venkat	172.18.0.1	8	Hari.in	\N	\N	2025-11-15 18:59:56.303+00	2025-11-15 19:01:00.446+00
805	7	Hari venkat	172.18.0.1	8	Hari.in	\N	\N	2025-11-15 19:01:17.037+00	2025-11-15 19:01:51.241+00
806	7	Hari venkat	172.18.0.1	8	Hari.in	\N	\N	2025-11-15 19:03:58.645+00	2025-11-15 20:02:12.131+00
808	7	Hari venkat	172.18.0.1	8	Hari.in	\N	\N	2025-11-16 05:37:31.427+00	2025-11-16 07:08:21.913+00
810	7	Hari venkat	172.18.0.1	8	Hari.in	\N	\N	2025-11-16 07:41:36.038+00	2025-11-16 08:00:47.711+00
813	7	Hari venkat	172.18.0.1	8	Hari.in	\N	\N	2025-11-16 09:25:39.331+00	2025-11-16 09:34:13.088+00
814	7	Hari venkat	172.18.0.1	8	Hari.in	\N	\N	2025-11-16 09:34:34.035+00	2025-11-16 11:01:13.179+00
816	7	Hari venkat	172.18.0.1	8	Hari.in	\N	\N	2025-11-16 11:28:30.835+00	2025-11-16 13:25:25.925+00
818	7	Hari venkat	172.18.0.1	8	Hari.in	\N	\N	2025-11-16 16:01:55.748+00	2025-11-16 18:21:26.863+00
819	7	Hari venkat	172.18.0.1	8	Hari.in	\N	\N	2025-11-16 18:22:14.549+00	2025-11-16 19:39:05.293+00
822	7	Hari venkat	172.18.0.1	8	Hari.in	\N	\N	2025-11-16 19:39:17.795+00	2025-11-16 19:45:09.644+00
827	7	Hari venkat	172.18.0.1	8	Hari.in	\N	\N	2025-11-17 07:08:20.981+00	2025-11-17 08:03:20.591+00
829	7	Hari venkat	172.18.0.1	8	Hari.in	\N	\N	2025-11-17 09:38:53.579+00	2025-11-17 10:18:15.764+00
831	7	Hari venkat	172.18.0.1	8	Hari.in	\N	\N	2025-11-17 10:18:18.026+00	2025-11-17 11:44:08.933+00
832	7	Hari venkat	172.18.0.1	8	Hari.in	\N	\N	2025-11-17 13:38:51.563+00	2025-11-17 15:38:37.42+00
834	7	Hari venkat	172.18.0.1	8	Hari.in	\N	\N	2025-11-17 15:41:34.449+00	2025-11-17 15:44:48.224+00
837	7	Hari venkat	172.18.0.1	8	Hari.in	\N	\N	2025-11-17 17:15:45.116+00	2025-11-17 17:51:17.075+00
838	7	Hari venkat	172.18.0.1	8	Hari.in	\N	\N	2025-11-17 18:08:14.134+00	2025-11-17 19:23:46.936+00
840	7	Hari venkat	172.18.0.1	8	Hari.in	\N	\N	2025-11-17 19:23:23.55+00	2025-11-17 19:29:47.48+00
841	8	Kamraann Rajaani	172.18.0.1	8	Hari.in	\N	\N	2025-11-17 22:19:08.727+00	2025-11-17 22:19:26.868+00
846	8	Kamraann Rajaani	172.18.0.1	8	Hari.in	\N	\N	2025-11-17 22:19:54.829+00	2025-11-17 22:20:40.526+00
847	7	Hari venkat	172.18.0.1	8	Hari.in	\N	\N	2025-11-18 05:18:11.383+00	2025-11-18 05:18:45.661+00
848	7	Hari venkat	172.18.0.1	8	Hari.in	\N	\N	2025-11-18 05:19:05.829+00	2025-11-18 07:22:25.567+00
957	7	Hari venkat	172.18.0.1	9	Host Machine Virtual	\N	\N	2025-11-21 05:13:19.766+00	2025-11-21 05:13:20.149+00
1083	7	Hari venkat	172.18.0.1	6	Host Machine RDP	\N	\N	2025-11-26 06:46:12.636+00	2025-11-26 06:58:24.789+00
853	7	Hari venkat	172.18.0.1	8	Hari.in	\N	\N	2025-11-18 10:09:18.762+00	2025-11-18 10:30:02.481+00
1085	7	Hari venkat	172.18.0.1	9	Host Machine Virtual	\N	\N	2025-11-26 16:23:46.568+00	2025-11-26 16:23:47.023+00
863	7	Hari venkat	172.18.0.1	8	Hari.in	\N	\N	2025-11-19 11:58:48.413+00	2025-11-19 12:54:38.512+00
1096	7	Hari venkat	172.18.0.1	9	Host Machine Virtual	\N	\N	2025-11-26 16:33:23.18+00	2025-11-26 16:33:23.506+00
860	7	Hari venkat	172.18.0.1	8	Hari.in	\N	\N	2025-11-19 05:14:16.326+00	2025-11-19 05:40:32.164+00
1105	7	Hari venkat	172.18.0.1	9	Host Machine Virtual	\N	\N	2025-11-26 17:16:37.807+00	2025-11-26 17:28:20.803+00
865	7	Hari venkat	172.18.0.1	8	Hari.in	\N	\N	2025-11-19 16:05:39.537+00	2025-11-19 17:22:56.721+00
1110	7	Hari venkat	172.18.0.1	9	Host Machine Virtual	\N	\N	2025-11-26 17:52:41.701+00	2025-11-26 18:01:59.853+00
1117	7	Hari venkat	172.18.0.1	9	Host Machine Virtual	\N	\N	2025-11-27 11:45:32.144+00	\N
869	7	Hari venkat	172.18.0.1	8	Hari.in	\N	\N	2025-11-19 18:05:56.812+00	2025-11-19 18:06:31.095+00
871	7	Hari venkat	172.18.0.1	8	Hari.in	\N	\N	2025-11-19 18:42:25.038+00	2025-11-19 19:41:55.667+00
1119	7	Hari venkat	172.18.0.1	10	Host Machine Virtual 1	\N	\N	2025-11-27 11:47:59.351+00	2025-11-27 11:48:11.428+00
872	7	Hari venkat	172.18.0.1	8	Hari.in	\N	\N	2025-11-19 19:42:12.925+00	2025-11-19 19:44:05.564+00
875	7	Hari venkat	172.18.0.1	8	Hari.in	\N	\N	2025-11-20 05:06:59.066+00	2025-11-20 05:16:01.889+00
877	7	Hari venkat	172.18.0.1	8	Hari.in	\N	\N	2025-11-20 05:17:35.828+00	2025-11-20 05:27:30.106+00
108	2	Virtual24	172.18.0.1	\N	CMD_Win-11	\N	\N	2025-10-17 06:18:00.366+00	2025-10-17 06:18:02.569+00
109	2	Virtual24	172.18.0.1	\N	CMD_Win-11	\N	\N	2025-10-17 06:18:18.318+00	2025-10-17 06:18:20.366+00
110	2	Virtual24	172.18.0.1	\N	CMD_Win-11	\N	\N	2025-10-17 06:18:36.324+00	2025-10-17 06:18:38.396+00
301	2	Virtual24	172.18.0.1	\N	CMD_Win-11	\N	\N	2025-10-19 20:07:29.056+00	2025-10-19 20:07:31.212+00
335	2	Virtual24	172.18.0.1	\N	CMD_Win-11	\N	\N	2025-10-21 20:09:40.172+00	2025-10-21 20:09:42.707+00
843	8	Kamraann Rajaani	172.18.0.1	\N	CMD_Win-11	\N	\N	2025-11-17 22:19:28.065+00	2025-11-17 22:19:30.161+00
844	8	Kamraann Rajaani	172.18.0.1	\N	CMD_Win-11	\N	\N	2025-11-17 22:19:45.344+00	2025-11-17 22:19:47.427+00
845	8	Kamraann Rajaani	172.18.0.1	\N	CMD_Win-11	\N	\N	2025-11-17 22:19:49.575+00	2025-11-17 22:19:51.651+00
63	2	Virtual24	172.18.0.1	\N	Win-11	\N	\N	2025-10-16 05:35:55.303+00	2025-10-16 05:35:55.859+00
64	2	Virtual24	172.18.0.1	\N	Win-11	\N	\N	2025-10-16 05:36:07.108+00	2025-10-16 05:36:07.45+00
65	2	Virtual24	172.18.0.1	\N	Win-11	\N	\N	2025-10-16 05:36:15.492+00	2025-10-16 05:36:15.835+00
66	2	Virtual24	172.18.0.1	\N	Win-11	\N	\N	2025-10-16 05:36:30.854+00	2025-10-16 05:36:31.196+00
67	2	Virtual24	172.18.0.1	\N	Win-11	\N	\N	2025-10-16 05:36:46.319+00	2025-10-16 05:36:46.661+00
68	2	Virtual24	172.18.0.1	\N	Win-11	\N	\N	2025-10-16 05:46:46.314+00	2025-10-16 05:46:46.866+00
69	2	Virtual24	172.18.0.1	\N	Win-11	\N	\N	2025-10-16 05:46:52.99+00	2025-10-16 05:46:53.536+00
70	2	Virtual24	172.18.0.1	\N	Win-11	\N	\N	2025-10-16 12:47:00.629+00	2025-10-16 12:47:01.221+00
53	2	Virtual24	172.18.0.1	\N	Win-11	\N	\N	2025-10-16 05:29:20.05+00	2025-10-16 05:29:20.622+00
54	2	Virtual24	172.18.0.1	\N	Win-11	\N	\N	2025-10-16 05:29:35.645+00	2025-10-16 05:29:36.187+00
55	2	Virtual24	172.18.0.1	\N	Win-11	\N	\N	2025-10-16 05:29:51.22+00	2025-10-16 05:29:51.777+00
56	2	Virtual24	172.18.0.1	\N	Win-11	\N	\N	2025-10-16 05:32:47.568+00	2025-10-16 05:32:48.125+00
57	2	Virtual24	172.18.0.1	\N	Win-11	\N	\N	2025-10-16 05:33:03.148+00	2025-10-16 05:33:03.717+00
58	2	Virtual24	172.18.0.1	\N	Win-11	\N	\N	2025-10-16 05:33:18.738+00	2025-10-16 05:33:19.286+00
59	2	Virtual24	172.18.0.1	\N	Win-11	\N	\N	2025-10-16 05:33:43.31+00	2025-10-16 05:33:43.862+00
60	2	Virtual24	172.18.0.1	\N	Win-11	\N	\N	2025-10-16 05:33:59.308+00	2025-10-16 05:33:59.867+00
61	2	Virtual24	172.18.0.1	\N	Win-11	\N	\N	2025-10-16 05:34:15.308+00	2025-10-16 05:34:15.859+00
62	2	Virtual24	172.18.0.1	\N	Win-11	\N	\N	2025-10-16 05:35:39.3+00	2025-10-16 05:35:39.856+00
102	2	Virtual24	172.18.0.1	\N	Win-11	\N	\N	2025-10-16 16:26:46.896+00	2025-10-16 16:26:47.496+00
103	2	Virtual24	172.18.0.1	\N	Win-11	\N	\N	2025-10-16 16:26:49.877+00	2025-10-16 16:26:50.435+00
104	2	Virtual24	172.18.0.1	\N	Win-11	\N	\N	2025-10-16 16:26:56.21+00	2025-10-16 16:26:56.767+00
106	2	Virtual24	172.18.0.1	\N	Win-11	\N	\N	2025-10-17 06:17:26.189+00	2025-10-17 06:17:26.783+00
219	2	Virtual24	172.18.0.1	\N	Win-11	\N	\N	2025-10-18 16:12:30.641+00	2025-10-18 16:12:31.188+00
96	2	Virtual24	172.18.0.1	\N	Sample_Win	\N	\N	2025-10-16 13:41:57.691+00	2025-10-16 13:45:10.594+00
97	2	Virtual24	172.18.0.1	\N	Sample_Win	\N	\N	2025-10-16 13:45:07.226+00	2025-10-16 13:47:47.704+00
98	2	Virtual24	172.18.0.1	\N	Sample_Win	\N	\N	2025-10-16 13:47:44.386+00	2025-10-16 13:48:26.682+00
99	2	Virtual24	172.18.0.1	\N	Sample_Win	\N	\N	2025-10-16 13:51:43.746+00	2025-10-16 13:55:22.685+00
100	2	Virtual24	172.18.0.1	\N	Sample_Win	\N	\N	2025-10-16 13:55:19.341+00	2025-10-16 13:55:28.348+00
101	2	Virtual24	172.18.0.1	\N	Sample_Win	\N	\N	2025-10-16 14:34:20.69+00	2025-10-16 14:51:14.89+00
105	2	Virtual24	172.18.0.1	\N	Sample_Win	\N	\N	2025-10-16 16:27:02.62+00	2025-10-16 16:29:06.45+00
107	2	Virtual24	172.18.0.1	\N	Sample_Win	\N	\N	2025-10-17 06:17:34.073+00	2025-10-17 06:17:48.582+00
111	2	Virtual24	172.18.0.1	\N	Sample_Win	\N	\N	2025-10-18 05:02:31.074+00	2025-10-18 05:03:18.397+00
112	2	Virtual24	172.18.0.1	\N	Sample_Win	\N	\N	2025-10-18 05:03:15.036+00	2025-10-18 05:05:38.731+00
113	2	Virtual24	172.18.0.1	\N	Sample_Win	\N	\N	2025-10-18 05:05:35.404+00	2025-10-18 05:09:43.937+00
114	2	Virtual24	172.18.0.1	\N	Sample_Win	\N	\N	2025-10-18 05:09:59.776+00	2025-10-18 05:10:29.831+00
210	3	Hari	172.18.0.1	\N	Sample_Win	\N	\N	2025-10-18 16:06:17.516+00	2025-10-18 16:10:38.239+00
223	2	Virtual24	172.18.0.1	\N	Sample_Win	\N	\N	2025-10-18 16:17:29.91+00	2025-10-18 16:18:10.868+00
137	2	Virtual24	172.18.0.1	\N	Sample_Win	\N	\N	2025-10-18 05:53:45.229+00	2025-10-18 05:54:02.552+00
138	2	Virtual24	172.18.0.1	\N	Sample_Win	\N	\N	2025-10-18 05:54:18.07+00	2025-10-18 05:54:40.5+00
225	2	Virtual24	172.18.0.1	\N	Sample_Win	\N	\N	2025-10-18 16:20:09.666+00	2025-10-18 16:21:57.052+00
448	7	Hari venkat	172.18.0.1	\N	Sample_Win	\N	\N	2025-10-27 15:41:09.566+00	2025-10-27 15:41:22.745+00
450	7	Hari venkat	172.18.0.1	\N	Sample_Win	\N	\N	2025-10-27 15:43:33.989+00	2025-10-27 15:50:05.249+00
248	3	Hari	172.18.0.1	\N	Sample_Win	\N	\N	2025-10-19 07:48:08.895+00	2025-10-19 07:49:23.361+00
249	3	Hari	172.18.0.1	\N	Sample_Win	\N	\N	2025-10-19 07:52:40.694+00	2025-10-19 07:54:26.015+00
250	3	Hari	172.18.0.1	\N	Sample_Win	\N	\N	2025-10-19 07:54:36.844+00	2025-10-19 07:54:52.822+00
251	3	Hari	172.18.0.1	\N	Sample_Win	\N	\N	2025-10-19 07:55:13.552+00	2025-10-19 07:56:49.371+00
849	7	Hari venkat	172.18.0.1	\N	Virtual_Win	\N	\N	2025-11-18 05:39:36.468+00	2025-11-18 06:38:09.336+00
862	7	Hari venkat	172.18.0.1	\N	Virtual_Win	\N	\N	2025-11-19 07:26:58.138+00	2025-11-19 07:54:56.3+00
850	7	Hari venkat	172.18.0.1	\N	Virtual_Win	\N	\N	2025-11-18 06:46:59.263+00	2025-11-18 07:22:02.616+00
864	7	Hari venkat	172.18.0.1	\N	Virtual_Win	\N	\N	2025-11-19 12:02:17.027+00	2025-11-19 12:54:12.998+00
856	7	Hari venkat	172.18.0.1	\N	Virtual_Win	\N	\N	2025-11-18 17:32:08.127+00	2025-11-18 17:56:21.211+00
857	7	Hari venkat	172.18.0.1	\N	Virtual_Win	\N	\N	2025-11-18 18:12:41.908+00	2025-11-18 18:12:44.904+00
859	7	Hari venkat	172.18.0.1	\N	Virtual_Win	\N	\N	2025-11-18 18:55:48.933+00	2025-11-18 19:18:26.059+00
866	7	Hari venkat	172.18.0.1	\N	Virtual_Win	\N	\N	2025-11-19 16:10:41.724+00	2025-11-19 17:31:51.316+00
867	7	Hari venkat	172.18.0.1	\N	Virtual_Win	\N	\N	2025-11-19 17:40:56.844+00	2025-11-19 17:42:38.675+00
874	7	Hari venkat	172.18.0.1	\N	Virtual_Win	\N	\N	2025-11-19 20:08:11.93+00	2025-11-19 20:16:30.054+00
851	7	Hari venkat	172.18.0.1	8	Hari.in	\N	\N	2025-11-18 07:22:42.776+00	2025-11-18 07:23:17.061+00
852	7	Hari venkat	172.18.0.1	8	Hari.in	\N	\N	2025-11-18 10:08:26.773+00	2025-11-18 10:09:01.049+00
958	7	Hari venkat	172.18.0.1	9	Host Machine Virtual	\N	\N	2025-11-21 05:14:24.947+00	2025-11-21 05:14:25.334+00
854	7	Hari venkat	172.18.0.1	8	Hari.in	\N	\N	2025-11-18 10:31:34.835+00	2025-11-18 11:24:17.329+00
855	7	Hari venkat	172.18.0.1	8	Hari.in	\N	\N	2025-11-18 16:55:14.777+00	2025-11-18 17:56:21.236+00
858	7	Hari venkat	172.18.0.1	8	Hari.in	\N	\N	2025-11-18 18:12:47.425+00	2025-11-18 19:28:17.491+00
873	7	Hari venkat	172.18.0.1	8	Hari.in	\N	\N	2025-11-19 19:44:09.219+00	2025-11-19 20:16:27.731+00
879	7	Hari venkat	172.18.0.1	8	Hari.in	\N	\N	2025-11-20 05:48:25.312+00	2025-11-20 06:38:18.806+00
2	2	Virtual24	172.18.0.1	\N	CMD_Win-11	\N	\N	2025-10-16 04:58:33.275+00	2025-10-16 04:58:35.319+00
3	2	Virtual24	172.18.0.1	\N	CMD_Win-11	\N	\N	2025-10-16 04:58:37.071+00	2025-10-16 04:58:39.115+00
4	2	Virtual24	172.18.0.1	\N	CMD_Win-11	\N	\N	2025-10-16 04:58:51.129+00	2025-10-16 04:58:53.193+00
5	2	Virtual24	172.18.0.1	\N	CMD_Win-11	\N	\N	2025-10-16 04:59:08.221+00	2025-10-16 04:59:10.266+00
6	2	Virtual24	172.18.0.1	\N	CMD_Win-11	\N	\N	2025-10-16 04:59:25.289+00	2025-10-16 04:59:27.35+00
7	2	Virtual24	172.18.0.1	\N	CMD_Win-11	\N	\N	2025-10-16 04:59:42.384+00	2025-10-16 04:59:44.436+00
8	2	Virtual24	172.18.0.1	\N	CMD_Win-11	\N	\N	2025-10-16 04:59:59.461+00	2025-10-16 05:00:01.527+00
9	2	Virtual24	172.18.0.1	\N	CMD_Win-11	\N	\N	2025-10-16 05:00:16.559+00	2025-10-16 05:00:18.599+00
10	2	Virtual24	172.18.0.1	\N	CMD_Win-11	\N	\N	2025-10-16 05:00:33.621+00	2025-10-16 05:00:35.676+00
11	2	Virtual24	172.18.0.1	\N	CMD_Win-11	\N	\N	2025-10-16 05:00:50.709+00	2025-10-16 05:00:52.767+00
12	2	Virtual24	172.18.0.1	\N	CMD_Win-11	\N	\N	2025-10-16 05:01:07.8+00	2025-10-16 05:01:09.855+00
13	2	Virtual24	172.18.0.1	\N	CMD_Win-11	\N	\N	2025-10-16 05:01:24.88+00	2025-10-16 05:01:26.921+00
14	2	Virtual24	172.18.0.1	\N	CMD_Win-11	\N	\N	2025-10-16 05:01:41.955+00	2025-10-16 05:01:44.004+00
15	2	Virtual24	172.18.0.1	\N	CMD_Win-11	\N	\N	2025-10-16 05:01:59.03+00	2025-10-16 05:02:01.083+00
16	2	Virtual24	172.18.0.1	\N	CMD_Win-11	\N	\N	2025-10-16 05:02:16.11+00	2025-10-16 05:02:18.162+00
17	2	Virtual24	172.18.0.1	\N	CMD_Win-11	\N	\N	2025-10-16 05:02:33.184+00	2025-10-16 05:02:35.228+00
71	2	Virtual24	172.18.0.1	\N	CMD_Win-11	\N	\N	2025-10-16 12:47:12.461+00	2025-10-16 12:47:14.543+00
18	2	Virtual24	172.18.0.1	\N	CMD_Win-11	\N	\N	2025-10-16 05:02:50.252+00	2025-10-16 05:02:52.3+00
19	2	Virtual24	172.18.0.1	\N	CMD_Win-11	\N	\N	2025-10-16 05:03:07.318+00	2025-10-16 05:03:09.357+00
72	2	Virtual24	172.18.0.1	\N	CMD_Win-11	\N	\N	2025-10-16 12:47:29.587+00	2025-10-16 12:47:31.637+00
20	2	Virtual24	172.18.0.1	\N	CMD_Win-11	\N	\N	2025-10-16 05:03:24.378+00	2025-10-16 05:03:26.422+00
21	2	Virtual24	172.18.0.1	\N	CMD_Win-11	\N	\N	2025-10-16 05:03:41.453+00	2025-10-16 05:03:43.512+00
73	2	Virtual24	172.18.0.1	\N	CMD_Win-11	\N	\N	2025-10-16 12:47:46.661+00	2025-10-16 12:47:48.716+00
22	2	Virtual24	172.18.0.1	\N	CMD_Win-11	\N	\N	2025-10-16 05:03:58.544+00	2025-10-16 05:04:00.585+00
23	2	Virtual24	172.18.0.1	\N	CMD_Win-11	\N	\N	2025-10-16 05:04:15.612+00	2025-10-16 05:04:17.664+00
74	2	Virtual24	172.18.0.1	\N	CMD_Win-11	\N	\N	2025-10-16 12:48:04.311+00	2025-10-16 12:48:06.351+00
24	2	Virtual24	172.18.0.1	\N	CMD_Win-11	\N	\N	2025-10-16 05:04:32.689+00	2025-10-16 05:04:34.744+00
25	2	Virtual24	172.18.0.1	\N	CMD_Win-11	\N	\N	2025-10-16 05:04:49.771+00	2025-10-16 05:04:51.833+00
75	2	Virtual24	172.18.0.1	\N	CMD_Win-11	\N	\N	2025-10-16 12:48:22.307+00	2025-10-16 12:48:24.345+00
26	2	Virtual24	172.18.0.1	\N	CMD_Win-11	\N	\N	2025-10-16 05:05:06.864+00	2025-10-16 05:05:08.907+00
27	2	Virtual24	172.18.0.1	\N	CMD_Win-11	\N	\N	2025-10-16 05:05:23.929+00	2025-10-16 05:05:25.968+00
76	2	Virtual24	172.18.0.1	\N	CMD_Win-11	\N	\N	2025-10-16 12:48:40.369+00	2025-10-16 12:48:42.418+00
28	2	Virtual24	172.18.0.1	\N	CMD_Win-11	\N	\N	2025-10-16 05:05:40.987+00	2025-10-16 05:05:43.025+00
29	2	Virtual24	172.18.0.1	\N	CMD_Win-11	\N	\N	2025-10-16 05:05:58.053+00	2025-10-16 05:06:00.102+00
77	2	Virtual24	172.18.0.1	\N	CMD_Win-11	\N	\N	2025-10-16 12:48:58.307+00	2025-10-16 12:49:00.361+00
30	2	Virtual24	172.18.0.1	\N	CMD_Win-11	\N	\N	2025-10-16 05:06:15.129+00	2025-10-16 05:06:17.179+00
31	2	Virtual24	172.18.0.1	\N	CMD_Win-11	\N	\N	2025-10-16 05:06:32.199+00	2025-10-16 05:06:34.259+00
78	2	Virtual24	172.18.0.1	\N	CMD_Win-11	\N	\N	2025-10-16 12:49:16.307+00	2025-10-16 12:49:18.357+00
32	2	Virtual24	172.18.0.1	\N	CMD_Win-11	\N	\N	2025-10-16 05:06:49.288+00	2025-10-16 05:06:51.339+00
33	2	Virtual24	172.18.0.1	\N	CMD_Win-11	\N	\N	2025-10-16 05:07:06.364+00	2025-10-16 05:07:08.405+00
34	2	Virtual24	172.18.0.1	\N	CMD_Win-11	\N	\N	2025-10-16 05:07:23.428+00	2025-10-16 05:07:25.474+00
35	2	Virtual24	172.18.0.1	\N	CMD_Win-11	\N	\N	2025-10-16 05:07:40.506+00	2025-10-16 05:07:42.547+00
36	2	Virtual24	172.18.0.1	\N	CMD_Win-11	\N	\N	2025-10-16 05:07:57.567+00	2025-10-16 05:07:59.602+00
37	2	Virtual24	172.18.0.1	\N	CMD_Win-11	\N	\N	2025-10-16 05:08:14.628+00	2025-10-16 05:08:16.663+00
38	2	Virtual24	172.18.0.1	\N	CMD_Win-11	\N	\N	2025-10-16 05:08:31.695+00	2025-10-16 05:08:33.735+00
39	2	Virtual24	172.18.0.1	\N	CMD_Win-11	\N	\N	2025-10-16 05:08:48.759+00	2025-10-16 05:08:50.805+00
40	2	Virtual24	172.18.0.1	\N	CMD_Win-11	\N	\N	2025-10-16 05:09:05.828+00	2025-10-16 05:09:07.871+00
41	2	Virtual24	172.18.0.1	\N	CMD_Win-11	\N	\N	2025-10-16 05:10:07.552+00	2025-10-16 05:10:26.268+00
42	2	Virtual24	172.18.0.1	\N	CMD_Win-11	\N	\N	2025-10-16 05:10:33.703+00	2025-10-16 05:11:02.337+00
43	2	Virtual24	172.18.0.1	\N	CMD_Win-11	\N	\N	2025-10-16 05:11:39.281+00	2025-10-16 05:18:11.571+00
44	2	Virtual24	172.18.0.1	\N	CMD_Win-11	\N	\N	2025-10-16 05:18:24.156+00	2025-10-16 05:18:26.194+00
45	2	Virtual24	172.18.0.1	\N	CMD_Win-11	\N	\N	2025-10-16 05:18:29.304+00	2025-10-16 05:18:31.371+00
46	2	Virtual24	172.18.0.1	\N	CMD_Win-11	\N	\N	2025-10-16 05:21:27.616+00	2025-10-16 05:21:31.231+00
47	2	Virtual24	172.18.0.1	\N	CMD_Win-11	\N	\N	2025-10-16 05:25:01.636+00	2025-10-16 05:25:03.689+00
48	2	Virtual24	172.18.0.1	\N	CMD_Win-11	\N	\N	2025-10-16 05:25:06.524+00	2025-10-16 05:25:08.567+00
49	2	Virtual24	172.18.0.1	\N	CMD_Win-11	\N	\N	2025-10-16 05:25:24.306+00	2025-10-16 05:25:26.356+00
50	2	Virtual24	172.18.0.1	\N	CMD_Win-11	\N	\N	2025-10-16 05:25:42.309+00	2025-10-16 05:25:44.348+00
51	2	Virtual24	172.18.0.1	\N	CMD_Win-11	\N	\N	2025-10-16 05:26:00.306+00	2025-10-16 05:26:02.356+00
52	2	Virtual24	172.18.0.1	\N	CMD_Win-11	\N	\N	2025-10-16 05:26:16.215+00	2025-10-16 05:26:18.266+00
79	2	Virtual24	172.18.0.1	\N	CMD_Win-11	\N	\N	2025-10-16 12:49:34.303+00	2025-10-16 12:49:36.342+00
80	2	Virtual24	172.18.0.1	\N	CMD_Win-11	\N	\N	2025-10-16 12:58:09.322+00	2025-10-16 12:58:11.38+00
81	2	Virtual24	172.18.0.1	\N	CMD_Win-11	\N	\N	2025-10-16 12:58:42.738+00	2025-10-16 12:58:44.794+00
82	2	Virtual24	172.18.0.1	\N	CMD_Win-11	\N	\N	2025-10-16 12:58:59.828+00	2025-10-16 12:59:01.858+00
83	2	Virtual24	172.18.0.1	\N	CMD_Win-11	\N	\N	2025-10-16 12:59:17.311+00	2025-10-16 12:59:19.352+00
84	2	Virtual24	172.18.0.1	\N	CMD_Win-11	\N	\N	2025-10-16 12:59:35.316+00	2025-10-16 12:59:37.349+00
85	2	Virtual24	172.18.0.1	\N	CMD_Win-11	\N	\N	2025-10-16 12:59:53.311+00	2025-10-16 12:59:55.357+00
86	2	Virtual24	172.18.0.1	\N	CMD_Win-11	\N	\N	2025-10-16 13:00:33.381+00	2025-10-16 13:00:35.433+00
87	2	Virtual24	172.18.0.1	\N	CMD_Win-11	\N	\N	2025-10-16 13:00:50.456+00	2025-10-16 13:00:52.503+00
88	2	Virtual24	172.18.0.1	\N	CMD_Win-11	\N	\N	2025-10-16 13:01:07.531+00	2025-10-16 13:01:08.939+00
89	2	Virtual24	172.18.0.1	\N	CMD_Win-11	\N	\N	2025-10-16 13:01:09.064+00	2025-10-16 13:01:11.117+00
90	2	Virtual24	172.18.0.1	\N	CMD_Win-11	\N	\N	2025-10-16 13:01:26.318+00	2025-10-16 13:01:28.371+00
91	2	Virtual24	172.18.0.1	\N	CMD_Win-11	\N	\N	2025-10-16 13:01:44.311+00	2025-10-16 13:01:46.364+00
92	2	Virtual24	172.18.0.1	\N	CMD_Win-11	\N	\N	2025-10-16 13:02:02.309+00	2025-10-16 13:02:04.353+00
93	2	Virtual24	172.18.0.1	\N	CMD_Win-11	\N	\N	2025-10-16 13:03:09.312+00	2025-10-16 13:03:11.359+00
94	2	Virtual24	172.18.0.1	\N	CMD_Win-11	\N	\N	2025-10-16 13:12:09.314+00	2025-10-16 13:12:11.356+00
95	2	Virtual24	172.18.0.1	\N	CMD_Win-11	\N	\N	2025-10-16 13:21:09.312+00	2025-10-16 13:21:11.356+00
868	7	Hari venkat	172.18.0.1	\N	Virtual_Win	\N	\N	2025-11-19 17:50:56.857+00	2025-11-19 18:17:34.182+00
870	7	Hari venkat	172.18.0.1	\N	Virtual_Win	\N	\N	2025-11-19 18:17:37.18+00	2025-11-19 20:07:58.854+00
253	3	Hari	172.18.0.1	\N	Sample_Win	\N	\N	2025-10-19 15:36:47.175+00	2025-10-19 15:37:38.111+00
504	7	Hari venkat	172.18.0.1	\N	Sample_Win	\N	\N	2025-10-27 19:10:00.752+00	2025-10-27 19:26:13.656+00
135	2	Virtual24	172.18.0.1	\N	Virtual_Win	\N	\N	2025-10-18 05:51:46.471+00	2025-10-18 06:43:50.859+00
136	2	Virtual24	172.18.0.1	\N	Virtual_Win	\N	\N	2025-10-18 05:52:23.023+00	2025-10-18 15:29:53.217+00
163	3	Hari	172.18.0.1	\N	Virtual_Win	\N	\N	2025-10-18 06:16:03.767+00	2025-10-18 15:50:47.73+00
204	3	Hari	172.18.0.1	\N	Virtual_Win	\N	\N	2025-10-18 15:53:26.055+00	2025-10-18 16:04:56.433+00
115	2	Virtual24	172.18.0.1	\N	Virtual_Win	\N	\N	2025-10-18 05:18:47.52+00	2025-10-18 05:18:49.567+00
116	2	Virtual24	172.18.0.1	\N	Virtual_Win	\N	\N	2025-10-18 05:19:04.586+00	2025-10-18 05:19:06.633+00
117	2	Virtual24	172.18.0.1	\N	Virtual_Win	\N	\N	2025-10-18 05:42:17.974+00	2025-10-18 05:42:17.984+00
118	2	Virtual24	172.18.0.1	\N	Virtual_Win	\N	\N	2025-10-18 05:42:19.888+00	2025-10-18 05:42:19.898+00
119	2	Virtual24	172.18.0.1	\N	Virtual_Win	\N	\N	2025-10-18 05:42:21.238+00	2025-10-18 05:42:21.246+00
120	2	Virtual24	172.18.0.1	\N	Virtual_Win	\N	\N	2025-10-18 05:42:31.812+00	2025-10-18 05:42:31.827+00
212	3	Hari	172.18.0.1	\N	Virtual_Win	\N	\N	2025-10-18 16:06:36.251+00	2025-10-18 16:10:38.239+00
121	2	Virtual24	172.18.0.1	\N	Virtual_Win	\N	\N	2025-10-18 05:42:46.856+00	2025-10-18 05:42:46.863+00
122	2	Virtual24	172.18.0.1	\N	Virtual_Win	\N	\N	2025-10-18 05:43:01.893+00	2025-10-18 05:43:01.902+00
123	2	Virtual24	172.18.0.1	\N	Virtual_Win	\N	\N	2025-10-18 05:43:16.926+00	2025-10-18 05:43:16.935+00
124	2	Virtual24	172.18.0.1	\N	Virtual_Win	\N	\N	2025-10-18 05:43:31.963+00	2025-10-18 05:43:31.972+00
125	2	Virtual24	172.18.0.1	\N	Virtual_Win	\N	\N	2025-10-18 05:43:46.992+00	2025-10-18 05:43:47+00
126	2	Virtual24	172.18.0.1	\N	Virtual_Win	\N	\N	2025-10-18 05:44:02.024+00	2025-10-18 05:44:02.032+00
127	2	Virtual24	172.18.0.1	\N	Virtual_Win	\N	\N	2025-10-18 05:44:17.055+00	2025-10-18 05:44:17.063+00
128	2	Virtual24	172.18.0.1	\N	Virtual_Win	\N	\N	2025-10-18 05:44:32.085+00	2025-10-18 05:44:32.092+00
129	2	Virtual24	172.18.0.1	\N	Virtual_Win	\N	\N	2025-10-18 05:44:47.123+00	2025-10-18 05:44:47.13+00
130	2	Virtual24	172.18.0.1	\N	Virtual_Win	\N	\N	2025-10-18 05:45:02.152+00	2025-10-18 05:45:02.159+00
131	2	Virtual24	172.18.0.1	\N	Virtual_Win	\N	\N	2025-10-18 05:45:17.183+00	2025-10-18 05:45:17.191+00
132	2	Virtual24	172.18.0.1	\N	Virtual_Win	\N	\N	2025-10-18 05:45:32.212+00	2025-10-18 05:45:32.22+00
133	2	Virtual24	172.18.0.1	\N	Virtual_Win	\N	\N	2025-10-18 05:45:47.247+00	2025-10-18 05:45:47.254+00
224	2	Virtual24	172.18.0.1	\N	Virtual_Win	\N	\N	2025-10-18 16:18:14.559+00	2025-10-18 16:18:56.514+00
134	2	Virtual24	172.18.0.1	\N	Virtual_Win	\N	\N	2025-10-18 05:50:18.504+00	2025-10-18 06:00:24.121+00
310	3	Hari	172.18.0.1	\N	Virtual_Win	\N	\N	2025-10-21 13:33:22.242+00	2025-10-21 13:33:49.718+00
317	3	Hari	172.18.0.1	\N	Virtual_Win	\N	\N	2025-10-21 13:57:58.977+00	2025-10-21 13:58:30.562+00
410	7	Hari venkat	172.18.0.1	\N	Virtual_Win	\N	\N	2025-10-26 11:00:08.141+00	2025-10-26 11:07:45.707+00
346	7	Hari venkat	172.18.0.1	\N	Virtual_Win	\N	\N	2025-10-23 16:48:42.772+00	2025-10-23 18:46:30.213+00
416	7	Hari venkat	172.18.0.1	\N	Virtual_Win	\N	\N	2025-10-26 14:28:06.752+00	2025-10-26 15:22:25.579+00
365	7	Hari venkat	172.18.0.1	\N	Virtual_Win	\N	\N	2025-10-26 03:57:17.848+00	2025-10-26 04:39:16.605+00
373	7	Hari venkat	172.18.0.1	\N	Virtual_Win	\N	\N	2025-10-26 06:49:54.483+00	2025-10-26 07:12:36.526+00
384	7	Hari venkat	172.18.0.1	\N	Virtual_Win	\N	\N	2025-10-26 08:26:47.225+00	2025-10-26 09:22:25.977+00
388	7	Hari venkat	172.18.0.1	\N	Virtual_Win	\N	\N	2025-10-26 09:22:36.525+00	2025-10-26 09:23:10.498+00
421	7	Hari venkat	172.18.0.1	\N	Virtual_Win	\N	\N	2025-10-26 17:44:58.252+00	2025-10-26 19:21:54.107+00
390	7	Hari venkat	172.18.0.1	\N	Virtual_Win	\N	\N	2025-10-26 09:38:23.6+00	2025-10-26 09:48:26.528+00
395	7	Hari venkat	172.18.0.1	\N	Virtual_Win	\N	\N	2025-10-26 09:52:42.657+00	2025-10-26 09:54:19.781+00
449	7	Hari venkat	172.18.0.1	\N	Virtual_Win	\N	\N	2025-10-27 15:42:18.642+00	2025-10-27 15:57:14.789+00
460	7	Hari venkat	172.18.0.1	\N	Virtual_Win	\N	\N	2025-10-27 17:22:18.599+00	2025-10-27 17:22:46.235+00
303	2	Virtual24	172.18.0.1	\N	Virtual_Win	\N	\N	2025-10-20 03:37:01.702+00	2025-10-20 03:37:15.584+00
411	7	Hari venkat	172.18.0.1	\N	Virtual_Win	\N	\N	2025-10-26 11:11:46.421+00	2025-10-26 12:04:49.998+00
414	7	Hari venkat	172.18.0.1	\N	Virtual_Win	\N	\N	2025-10-26 12:10:21.208+00	2025-10-26 12:11:01.813+00
418	7	Hari venkat	172.18.0.1	\N	Virtual_Win	\N	\N	2025-10-26 15:23:15.153+00	2025-10-26 15:30:21.58+00
324	3	Hari	172.18.0.1	\N	Virtual_Win	\N	\N	2025-10-21 14:17:45.007+00	2025-10-21 14:32:35.131+00
330	3	Hari	172.18.0.1	\N	Virtual_Win	\N	\N	2025-10-21 16:18:47.197+00	2025-10-21 16:35:04.634+00
338	3	Hari	172.18.0.1	\N	Virtual_Win	\N	\N	2025-10-22 05:18:34.868+00	2025-10-22 05:18:38.121+00
339	3	Hari	172.18.0.1	\N	Virtual_Win	\N	\N	2025-10-22 05:19:05.17+00	2025-10-22 05:42:03.355+00
349	7	Hari venkat	172.18.0.1	\N	Virtual_Win	\N	\N	2025-10-24 05:10:48.388+00	2025-10-24 06:13:33.024+00
350	7	Hari venkat	172.18.0.1	\N	Virtual_Win	\N	\N	2025-10-24 15:43:11.447+00	2025-10-24 17:37:09.299+00
427	7	Hari venkat	172.18.0.1	\N	Virtual_Win	\N	\N	2025-10-27 14:34:53.985+00	2025-10-27 14:47:27.263+00
353	7	Hari venkat	172.18.0.1	\N	Virtual_Win	\N	\N	2025-10-24 17:45:50.466+00	2025-10-24 18:43:15.711+00
436	7	Hari venkat	172.18.0.1	\N	Virtual_Win	\N	\N	2025-10-27 14:53:40.574+00	\N
370	7	Hari venkat	172.18.0.1	\N	Virtual_Win	\N	\N	2025-10-26 04:49:24.161+00	2025-10-26 05:18:17.169+00
374	7	Hari venkat	172.18.0.1	\N	Virtual_Win	\N	\N	2025-10-26 07:00:30.376+00	2025-10-26 07:00:44.185+00
386	7	Hari venkat	172.18.0.1	\N	Virtual_Win	\N	\N	2025-10-26 09:14:59.732+00	2025-10-26 09:15:04.366+00
437	7	Hari venkat	172.18.0.1	\N	Virtual_Win	\N	\N	2025-10-27 14:54:57.533+00	2025-10-27 15:42:08.165+00
457	7	Hari venkat	172.18.0.1	\N	Virtual_Win	\N	\N	2025-10-27 17:18:59.757+00	2025-10-27 17:21:43.431+00
458	7	Hari venkat	172.18.0.1	\N	Virtual_Win	\N	\N	2025-10-27 17:21:33.352+00	2025-10-27 17:21:45.003+00
461	7	Hari venkat	172.18.0.1	\N	Virtual_Win	\N	\N	2025-10-27 17:24:22.624+00	2025-10-27 17:25:58.316+00
462	7	Hari venkat	172.18.0.1	\N	Virtual_Win	\N	\N	2025-10-27 17:28:28.433+00	2025-10-27 17:52:18.019+00
255	3	Hari	172.18.0.1	\N	Virtual_Win	\N	\N	2025-10-19 15:38:11.009+00	2025-10-19 19:47:36.022+00
230	2	Virtual24	172.18.0.1	\N	Virtual_Win	\N	\N	2025-10-18 16:24:06.152+00	\N
313	3	Hari	172.18.0.1	\N	Virtual_Win	\N	\N	2025-10-21 13:44:59.998+00	2025-10-21 13:49:30.768+00
252	3	Hari	172.18.0.1	\N	Virtual_Win	\N	\N	2025-10-19 07:56:02.057+00	2025-10-19 08:07:38.331+00
254	3	Hari	172.18.0.1	\N	Virtual_Win	\N	\N	2025-10-19 15:37:08.23+00	2025-10-19 15:38:06.599+00
329	3	Hari	172.18.0.1	\N	Virtual_Win	\N	\N	2025-10-21 14:59:37.47+00	2025-10-21 16:12:19.768+00
337	3	Hari	172.18.0.1	\N	Virtual_Win	\N	\N	2025-10-22 03:47:48.479+00	2025-10-22 05:18:11.658+00
435	7	Hari venkat	172.18.0.1	\N	Virtual_Win	\N	\N	2025-10-27 14:49:48.484+00	\N
344	7	Hari venkat	172.18.0.1	\N	Virtual_Win	\N	\N	2025-10-23 16:26:58.438+00	2025-10-23 16:42:29.914+00
348	7	Hari venkat	172.18.0.1	\N	Virtual_Win	\N	\N	2025-10-24 04:22:50.407+00	2025-10-24 05:10:45.167+00
355	7	Hari venkat	172.18.0.1	\N	Virtual_Win	\N	\N	2025-10-25 07:25:33.562+00	2025-10-25 07:25:46.873+00
367	7	Hari venkat	172.18.0.1	\N	Virtual_Win	\N	\N	2025-10-26 04:39:00.981+00	2025-10-26 04:39:13.551+00
378	7	Hari venkat	172.18.0.1	\N	Virtual_Win	\N	\N	2025-10-26 07:19:55.297+00	2025-10-26 07:21:21.663+00
380	7	Hari venkat	172.18.0.1	\N	Virtual_Win	\N	\N	2025-10-26 07:30:25.496+00	2025-10-26 07:51:54.676+00
570	7	Hari venkat	172.18.0.1	\N	Virtual_Win	\N	\N	2025-10-31 16:35:42.508+00	2025-10-31 17:36:05.818+00
571	7	Hari venkat	172.18.0.1	\N	Virtual_Win	\N	\N	2025-10-31 17:45:04.519+00	2025-10-31 18:35:59.764+00
498	7	Hari venkat	172.18.0.1	\N	Virtual_Win	\N	\N	2025-10-27 18:57:52.509+00	2025-10-27 18:58:05.748+00
501	7	Hari venkat	172.18.0.1	\N	Virtual_Win	\N	\N	2025-10-27 19:07:42.55+00	2025-10-27 19:08:02.664+00
502	7	Hari venkat	172.18.0.1	\N	Virtual_Win	\N	\N	2025-10-27 19:08:11.021+00	2025-10-27 19:15:04.129+00
574	7	Hari venkat	172.18.0.1	\N	Virtual_Win	\N	\N	2025-10-31 18:38:36.187+00	2025-10-31 18:52:06.294+00
577	7	Hari venkat	172.18.0.1	\N	Virtual_Win	\N	\N	2025-11-01 04:33:17.23+00	2025-11-01 06:07:53.007+00
580	7	Hari venkat	172.18.0.1	\N	Virtual_Win	\N	\N	2025-11-01 12:49:45.281+00	2025-11-01 13:19:41.226+00
582	7	Hari venkat	172.18.0.1	\N	Virtual_Win	\N	\N	2025-11-01 13:23:43.166+00	2025-11-01 14:34:09.816+00
584	7	Hari venkat	172.18.0.1	\N	Virtual_Win	\N	\N	2025-11-01 14:59:13.667+00	2025-11-01 15:09:39.651+00
585	7	Hari venkat	172.18.0.1	\N	Virtual_Win	\N	\N	2025-11-01 16:11:56.908+00	2025-11-01 18:35:09.729+00
593	7	Hari venkat	172.18.0.1	\N	Virtual_Win	\N	\N	2025-11-02 14:02:37.765+00	2025-11-02 15:42:04.859+00
600	7	Hari venkat	172.18.0.1	\N	Virtual_Win	\N	\N	2025-11-05 16:02:57.841+00	2025-11-05 16:47:04.593+00
611	7	Hari venkat	172.18.0.1	\N	Virtual_Win	\N	\N	2025-11-06 13:58:35.47+00	2025-11-06 14:13:01.157+00
613	7	Hari venkat	172.18.0.1	\N	Virtual_Win	\N	\N	2025-11-06 14:39:54.483+00	2025-11-06 14:46:20.014+00
640	7	Hari venkat	172.18.0.1	\N	Virtual_Win	\N	\N	2025-11-11 05:43:46.195+00	2025-11-11 05:44:24.967+00
662	7	Hari venkat	172.18.0.1	\N	Virtual_Win	\N	\N	2025-11-13 04:28:47.207+00	2025-11-13 04:29:00.158+00
665	7	Hari venkat	172.18.0.1	\N	Virtual_Win	\N	\N	2025-11-13 04:31:04.519+00	\N
668	7	Hari venkat	172.18.0.1	\N	Virtual_Win	\N	\N	2025-11-13 04:47:42.779+00	\N
703	7	Hari venkat	172.18.0.1	\N	Virtual_Win	\N	\N	2025-11-13 05:11:14.198+00	\N
575	7	Hari venkat	172.18.0.1	\N	Virtual_Win	\N	\N	2025-10-31 18:52:08.653+00	2025-10-31 19:01:57.075+00
495	7	Hari venkat	172.18.0.1	\N	Virtual_Win	\N	\N	2025-10-27 18:18:12.569+00	2025-10-27 18:41:58.502+00
496	7	Hari venkat	172.18.0.1	\N	Virtual_Win	\N	\N	2025-10-27 18:45:20.395+00	2025-10-27 18:54:02.847+00
500	7	Hari venkat	172.18.0.1	\N	Virtual_Win	\N	\N	2025-10-27 19:07:21.62+00	2025-10-27 19:07:37.835+00
524	7	Hari venkat	172.18.0.1	\N	Virtual_Win	\N	\N	2025-10-28 11:36:06.833+00	2025-10-28 11:48:46.845+00
526	7	Hari venkat	172.18.0.1	\N	Virtual_Win	\N	\N	2025-10-28 11:55:29.665+00	2025-10-28 11:55:32.706+00
541	7	Hari venkat	172.18.0.1	\N	Virtual_Win	\N	\N	2025-10-29 18:01:40.859+00	2025-10-29 18:25:08.021+00
542	7	Hari venkat	172.18.0.1	\N	Virtual_Win	\N	\N	2025-10-29 18:26:58.049+00	2025-10-29 18:45:02.123+00
543	7	Hari venkat	172.18.0.1	\N	Virtual_Win	\N	\N	2025-10-30 05:01:36.383+00	2025-10-30 05:01:43.354+00
555	7	Hari venkat	172.18.0.1	\N	Virtual_Win	\N	\N	2025-10-30 18:04:04.365+00	2025-10-30 18:05:10.772+00
559	7	Hari venkat	172.18.0.1	\N	Virtual_Win	\N	\N	2025-10-31 05:56:17.154+00	2025-10-31 07:02:11.63+00
564	7	Hari venkat	172.18.0.1	\N	Virtual_Win	\N	\N	2025-10-31 07:40:37.271+00	2025-10-31 07:40:42.278+00
861	7	Hari venkat	172.18.0.1	\N	Virtual_Win	\N	\N	2025-11-19 06:34:24.045+00	2025-11-19 07:18:20.505+00
590	7	Hari venkat	172.18.0.1	\N	Virtual_Win	\N	\N	2025-11-02 07:36:46.903+00	2025-11-02 08:34:50.629+00
595	7	Hari venkat	172.18.0.1	\N	Virtual_Win	\N	\N	2025-11-02 17:20:27.029+00	2025-11-02 18:54:46.015+00
596	7	Hari venkat	172.18.0.1	\N	Virtual_Win	\N	\N	2025-11-02 18:59:49.836+00	2025-11-02 19:02:18.564+00
605	7	Hari venkat	172.18.0.1	\N	Virtual_Win	\N	\N	2025-11-05 16:47:04.497+00	2025-11-05 16:58:08.13+00
606	7	Hari venkat	172.18.0.1	\N	Virtual_Win	\N	\N	2025-11-05 17:06:49.597+00	2025-11-05 19:55:07.588+00
612	7	Hari venkat	172.18.0.1	\N	Virtual_Win	\N	\N	2025-11-06 14:21:46.32+00	2025-11-06 14:38:19.281+00
658	7	Hari venkat	172.18.0.1	\N	Virtual_Win	\N	\N	2025-11-13 04:21:31.342+00	2025-11-13 04:23:57.221+00
663	7	Hari venkat	172.18.0.1	\N	Virtual_Win	\N	\N	2025-11-13 04:29:05.949+00	2025-11-13 04:29:09.049+00
667	7	Hari venkat	172.18.0.1	\N	Virtual_Win	\N	\N	2025-11-13 04:42:54.609+00	2025-11-13 04:47:40.279+00
713	7	Hari venkat	172.18.0.1	\N	Virtual_Win	\N	\N	2025-11-13 05:17:29.434+00	2025-11-13 05:21:23.607+00
734	7	Hari venkat	172.18.0.1	\N	Virtual_Win	\N	\N	2025-11-13 05:39:07.964+00	2025-11-13 05:39:13+00
780	7	Hari venkat	172.18.0.1	\N	Virtual_Win	\N	\N	2025-11-14 17:31:47.641+00	2025-11-14 19:01:38.016+00
782	7	Hari venkat	172.18.0.1	\N	Virtual_Win	\N	\N	2025-11-14 19:10:14.253+00	2025-11-14 19:43:59.913+00
784	7	Hari venkat	172.18.0.1	\N	Virtual_Win	\N	\N	2025-11-15 05:03:54.741+00	2025-11-15 06:21:20.641+00
786	7	Hari venkat	172.18.0.1	\N	Virtual_Win	\N	\N	2025-11-15 06:30:01.205+00	2025-11-15 06:39:14.118+00
787	7	Hari venkat	172.18.0.1	\N	Virtual_Win	\N	\N	2025-11-15 06:48:02.52+00	2025-11-15 06:59:07.018+00
788	7	Hari venkat	172.18.0.1	\N	Virtual_Win	\N	\N	2025-11-15 11:30:49.326+00	2025-11-15 11:33:40.491+00
790	7	Hari venkat	172.18.0.1	\N	Virtual_Win	\N	\N	2025-11-15 11:33:42.861+00	2025-11-15 12:14:40.006+00
793	7	Hari venkat	172.18.0.1	\N	Virtual_Win	\N	\N	2025-11-15 12:21:27.271+00	2025-11-15 12:49:38.683+00
794	7	Hari venkat	172.18.0.1	\N	Virtual_Win	\N	\N	2025-11-15 13:05:15.804+00	2025-11-15 13:54:54.682+00
796	7	Hari venkat	172.18.0.1	\N	Virtual_Win	\N	\N	2025-11-15 14:03:12.151+00	2025-11-15 14:55:43.879+00
798	7	Hari venkat	172.18.0.1	\N	Virtual_Win	\N	\N	2025-11-15 15:12:28.566+00	2025-11-15 15:53:07.513+00
800	7	Hari venkat	172.18.0.1	\N	Virtual_Win	\N	\N	2025-11-15 17:03:19.099+00	\N
802	7	Hari venkat	172.18.0.1	\N	Virtual_Win	\N	\N	2025-11-15 18:58:58.377+00	2025-11-15 19:00:46.178+00
804	7	Hari venkat	172.18.0.1	\N	Virtual_Win	\N	\N	2025-11-15 19:00:44.901+00	2025-11-15 20:01:39.41+00
807	7	Hari venkat	172.18.0.1	\N	Virtual_Win	\N	\N	2025-11-16 05:35:27.592+00	2025-11-16 07:08:21.922+00
809	7	Hari venkat	172.18.0.1	\N	Virtual_Win	\N	\N	2025-11-16 07:41:32.467+00	2025-11-16 08:00:47.708+00
811	7	Hari venkat	172.18.0.1	\N	Virtual_Win	\N	\N	2025-11-16 08:29:01.053+00	2025-11-16 08:47:34.178+00
812	7	Hari venkat	172.18.0.1	\N	Virtual_Win	\N	\N	2025-11-16 09:25:37.069+00	2025-11-16 09:34:13.069+00
815	7	Hari venkat	172.18.0.1	\N	Virtual_Win	\N	\N	2025-11-16 11:27:47.498+00	2025-11-16 13:32:03.712+00
817	7	Hari venkat	172.18.0.1	\N	Virtual_Win	\N	\N	2025-11-16 16:01:31.153+00	2025-11-16 18:23:59.743+00
820	7	Hari venkat	172.18.0.1	\N	Virtual_Win	\N	\N	2025-11-16 18:33:01.178+00	2025-11-16 18:33:07.057+00
821	7	Hari venkat	172.18.0.1	\N	Virtual_Win	\N	\N	2025-11-16 18:42:57.11+00	2025-11-16 19:46:49.868+00
823	7	Hari venkat	172.18.0.1	\N	Virtual_Win	\N	\N	2025-11-16 19:50:05.808+00	2025-11-16 19:57:50.705+00
824	7	Hari venkat	172.18.0.1	\N	Virtual_Win	\N	\N	2025-11-17 05:13:59.919+00	2025-11-17 05:28:12.037+00
825	7	Hari venkat	172.18.0.1	\N	Virtual_Win	\N	\N	2025-11-17 05:32:26.736+00	2025-11-17 05:36:38.576+00
826	7	Hari venkat	172.18.0.1	\N	Virtual_Win	\N	\N	2025-11-17 05:56:31.314+00	2025-11-17 05:57:33.846+00
828	7	Hari venkat	172.18.0.1	\N	Virtual_Win	\N	\N	2025-11-17 07:10:52.916+00	2025-11-17 08:03:20.619+00
830	7	Hari venkat	172.18.0.1	\N	Virtual_Win	\N	\N	2025-11-17 09:38:56.872+00	2025-11-17 11:44:08.936+00
833	7	Hari venkat	172.18.0.1	\N	Virtual_Win	\N	\N	2025-11-17 14:22:16.638+00	2025-11-17 15:38:37.4+00
835	7	Hari venkat	172.18.0.1	\N	Virtual_Win	\N	\N	2025-11-17 15:43:58.511+00	2025-11-17 15:45:03.367+00
836	7	Hari venkat	172.18.0.1	\N	Virtual_Win	\N	\N	2025-11-17 17:14:59.715+00	2025-11-17 17:37:24.419+00
839	7	Hari venkat	172.18.0.1	\N	Virtual_Win	\N	\N	2025-11-17 18:11:15.014+00	2025-11-17 19:20:25.381+00
876	7	Hari venkat	172.18.0.1	\N	Virtual_Win	\N	\N	2025-11-20 05:16:52.704+00	2025-11-20 05:17:19.617+00
878	7	Hari venkat	172.18.0.1	\N	Virtual_Win	\N	\N	2025-11-20 05:48:10.757+00	2025-11-20 06:35:21.686+00
959	7	Hari venkat	172.18.0.1	9	Host Machine Virtual	\N	\N	2025-11-21 05:20:36.191+00	2025-11-21 05:20:36.578+00
960	7	Hari venkat	172.18.0.1	9	Host Machine Virtual	\N	\N	2025-11-21 05:20:58.664+00	2025-11-21 05:21:01.019+00
961	7	Hari venkat	172.18.0.1	9	Host Machine Virtual	\N	\N	2025-11-21 05:21:31.836+00	2025-11-21 05:21:34.176+00
963	7	Hari venkat	172.18.0.1	9	Host Machine Virtual	\N	\N	2025-11-21 05:22:05.087+00	2025-11-21 05:22:05.483+00
964	7	Hari venkat	172.18.0.1	9	Host Machine Virtual	\N	\N	2025-11-21 05:25:19.058+00	2025-11-21 05:25:19.429+00
965	7	Hari venkat	172.18.0.1	9	Host Machine Virtual	\N	\N	2025-11-21 05:26:25.431+00	2025-11-21 05:26:25.82+00
966	7	Hari venkat	172.18.0.1	9	Host Machine Virtual	\N	\N	2025-11-21 05:29:09.578+00	2025-11-21 05:29:09.984+00
\.


--
-- Data for Name: guacamole_connection_parameter; Type: TABLE DATA; Schema: public; Owner: guacamole_user
--

COPY public.guacamole_connection_parameter (connection_id, parameter_name, parameter_value) FROM stdin;
8	enable-font-smoothing	true
8	hostname	DESKTOP-FPK5T9G
8	color-depth	32
8	recording-name	${HISTORY_UUID}
8	disable-auth	true
8	console-audio	true
8	enable-full-window-drag	true
8	port	3389
8	create-recording-path	true
8	enable-wallpaper	true
8	enable-theming	true
8	timezone	Asia/Calcutta
8	server-layout	en-gb-qwerty
8	security	tls
8	ignore-cert	true
8	dpi	120
8	enable-desktop-composition	true
8	enable-printing	true
8	resize-method	display-update
8	create-drive-path	true
8	enable-drive	true
8	enable-audio-input	true
8	recording-path	record
6	enable-font-smoothing	true
6	hostname	192.168.1.77
6	password	Virtualmachine
6	color-depth	32
6	recording-name	${HISTORY_UUID}
6	console-audio	true
6	enable-full-window-drag	true
6	port	3389
6	create-recording-path	true
6	enable-wallpaper	true
6	enable-theming	true
6	security	nla
6	ignore-cert	true
6	dpi	120
6	enable-desktop-composition	true
6	console	true
6	enable-printing	true
6	resize-method	display-update
6	enable-drive	true
6	enable-audio-input	true
6	recording-path	record
6	username	Kamraann
10	cursor	local
10	password	Kamraann
10	color-depth	24
10	hostname	host.docker.internal
10	port	5900
10	username	Kamraann
9	cursor	local
9	password	Kamraann
9	color-depth	24
9	hostname	192.168.1.77
9	port	5900
\.


--
-- Data for Name: guacamole_connection_permission; Type: TABLE DATA; Schema: public; Owner: guacamole_user
--

COPY public.guacamole_connection_permission (entity_id, connection_id, permission) FROM stdin;
3	6	READ
3	6	UPDATE
3	6	DELETE
3	6	ADMINISTER
3	8	READ
3	8	UPDATE
3	8	DELETE
3	8	ADMINISTER
8	8	READ
11	8	READ
8	9	READ
8	9	UPDATE
8	9	DELETE
8	9	ADMINISTER
8	10	READ
8	10	UPDATE
8	10	DELETE
8	10	ADMINISTER
\.


--
-- Data for Name: guacamole_sharing_profile_attribute; Type: TABLE DATA; Schema: public; Owner: guacamole_user
--

COPY public.guacamole_sharing_profile_attribute (sharing_profile_id, attribute_name, attribute_value) FROM stdin;
\.


--
-- Data for Name: guacamole_sharing_profile_parameter; Type: TABLE DATA; Schema: public; Owner: guacamole_user
--

COPY public.guacamole_sharing_profile_parameter (sharing_profile_id, parameter_name, parameter_value) FROM stdin;
\.


--
-- Data for Name: guacamole_sharing_profile_permission; Type: TABLE DATA; Schema: public; Owner: guacamole_user
--

COPY public.guacamole_sharing_profile_permission (entity_id, sharing_profile_id, permission) FROM stdin;
\.


--
-- Data for Name: guacamole_system_permission; Type: TABLE DATA; Schema: public; Owner: guacamole_user
--

COPY public.guacamole_system_permission (entity_id, permission) FROM stdin;
2	CREATE_CONNECTION
2	CREATE_CONNECTION_GROUP
2	CREATE_SHARING_PROFILE
2	CREATE_USER
2	CREATE_USER_GROUP
2	AUDIT
2	ADMINISTER
3	CREATE_CONNECTION
3	CREATE_CONNECTION_GROUP
3	CREATE_SHARING_PROFILE
3	CREATE_USER
3	CREATE_USER_GROUP
3	AUDIT
3	ADMINISTER
5	CREATE_CONNECTION
5	CREATE_CONNECTION_GROUP
5	CREATE_SHARING_PROFILE
5	CREATE_USER
5	CREATE_USER_GROUP
5	AUDIT
5	ADMINISTER
9	CREATE_CONNECTION
9	CREATE_CONNECTION_GROUP
9	CREATE_SHARING_PROFILE
9	CREATE_USER
9	CREATE_USER_GROUP
9	AUDIT
9	ADMINISTER
8	CREATE_CONNECTION
8	CREATE_SHARING_PROFILE
8	AUDIT
8	CREATE_USER
8	CREATE_CONNECTION_GROUP
8	CREATE_USER_GROUP
8	ADMINISTER
\.


--
-- Data for Name: guacamole_user_attribute; Type: TABLE DATA; Schema: public; Owner: guacamole_user
--

COPY public.guacamole_user_attribute (user_id, attribute_name, attribute_value) FROM stdin;
\.


--
-- Data for Name: guacamole_user_group; Type: TABLE DATA; Schema: public; Owner: guacamole_user
--

COPY public.guacamole_user_group (user_group_id, entity_id, disabled) FROM stdin;
\.


--
-- Data for Name: guacamole_user_group_attribute; Type: TABLE DATA; Schema: public; Owner: guacamole_user
--

COPY public.guacamole_user_group_attribute (user_group_id, attribute_name, attribute_value) FROM stdin;
\.


--
-- Data for Name: guacamole_user_group_member; Type: TABLE DATA; Schema: public; Owner: guacamole_user
--

COPY public.guacamole_user_group_member (user_group_id, member_entity_id) FROM stdin;
\.


--
-- Data for Name: guacamole_user_group_permission; Type: TABLE DATA; Schema: public; Owner: guacamole_user
--

COPY public.guacamole_user_group_permission (entity_id, affected_user_group_id, permission) FROM stdin;
\.


--
-- Data for Name: guacamole_user_history; Type: TABLE DATA; Schema: public; Owner: guacamole_user
--

COPY public.guacamole_user_history (history_id, user_id, username, remote_host, start_date, end_date) FROM stdin;
13	2	Virtual24	172.18.0.1	2025-10-16 04:50:59.258+00	\N
14	2	Virtual24	172.18.0.1	2025-10-16 04:50:59.266+00	\N
15	2	Virtual24	172.18.0.1	2025-10-16 04:51:05.245+00	\N
16	2	Virtual24	172.18.0.1	2025-10-16 04:51:29.663+00	\N
17	2	Virtual24	172.18.0.1	2025-10-16 04:51:32.999+00	\N
1	\N	guacadmin	172.18.0.1	2025-10-16 04:44:22.704+00	\N
2	\N	guacadmin	172.18.0.1	2025-10-16 04:44:22.732+00	\N
3	\N	guacadmin	172.18.0.1	2025-10-16 04:44:27.537+00	\N
4	\N	guacadmin	172.18.0.1	2025-10-16 04:44:32.364+00	\N
5	\N	guacadmin	172.18.0.1	2025-10-16 04:44:35.947+00	\N
6	\N	guacadmin	172.18.0.1	2025-10-16 04:47:11.536+00	2025-10-16 04:47:17.634+00
7	\N	guacadmin	172.18.0.1	2025-10-16 04:48:57.187+00	\N
8	\N	guacadmin	172.18.0.1	2025-10-16 04:48:57.195+00	\N
9	\N	guacadmin	172.18.0.1	2025-10-16 04:49:01.644+00	\N
10	\N	guacadmin	172.18.0.1	2025-10-16 04:49:03.966+00	\N
11	\N	guacadmin	172.18.0.1	2025-10-16 04:49:06.143+00	\N
12	\N	guacadmin	172.18.0.1	2025-10-16 04:50:35.42+00	2025-10-16 04:50:41.179+00
18	2	Virtual24	172.18.0.1	2025-10-16 04:51:49.928+00	\N
19	2	Virtual24	172.18.0.1	2025-10-16 04:51:56.031+00	\N
20	2	Virtual24	172.18.0.1	2025-10-16 04:52:00.628+00	\N
21	2	Virtual24	172.18.0.1	2025-10-16 04:52:25.705+00	\N
22	2	Virtual24	172.18.0.1	2025-10-16 04:52:32.857+00	\N
23	2	Virtual24	172.18.0.1	2025-10-16 04:52:34.884+00	\N
24	2	Virtual24	172.18.0.1	2025-10-16 04:52:36.488+00	\N
25	2	Virtual24	172.18.0.1	2025-10-16 04:52:49.873+00	\N
26	2	Virtual24	172.18.0.1	2025-10-16 04:52:52.938+00	\N
27	2	Virtual24	172.18.0.1	2025-10-16 04:57:46.983+00	\N
28	2	Virtual24	172.18.0.1	2025-10-16 04:57:58.223+00	\N
29	2	Virtual24	172.18.0.1	2025-10-16 04:58:00.915+00	\N
30	2	Virtual24	172.18.0.1	2025-10-16 04:58:05.04+00	\N
31	2	Virtual24	172.18.0.1	2025-10-16 04:58:15.994+00	\N
32	2	Virtual24	172.18.0.1	2025-10-16 04:58:18.254+00	\N
33	2	Virtual24	172.18.0.1	2025-10-16 04:58:35.322+00	\N
34	2	Virtual24	172.18.0.1	2025-10-16 04:58:37.016+00	\N
35	2	Virtual24	172.18.0.1	2025-10-16 04:58:39.119+00	\N
36	2	Virtual24	172.18.0.1	2025-10-16 04:58:53.198+00	\N
37	2	Virtual24	172.18.0.1	2025-10-16 04:59:10.27+00	\N
38	2	Virtual24	172.18.0.1	2025-10-16 04:59:27.353+00	\N
39	2	Virtual24	172.18.0.1	2025-10-16 04:59:44.44+00	\N
40	2	Virtual24	172.18.0.1	2025-10-16 05:00:01.533+00	\N
41	2	Virtual24	172.18.0.1	2025-10-16 05:00:18.603+00	\N
42	2	Virtual24	172.18.0.1	2025-10-16 05:00:35.68+00	\N
43	2	Virtual24	172.18.0.1	2025-10-16 05:00:52.773+00	\N
44	2	Virtual24	172.18.0.1	2025-10-16 05:01:09.859+00	\N
45	2	Virtual24	172.18.0.1	2025-10-16 05:01:26.924+00	\N
46	2	Virtual24	172.18.0.1	2025-10-16 05:01:44.008+00	\N
47	2	Virtual24	172.18.0.1	2025-10-16 05:02:01.089+00	\N
48	2	Virtual24	172.18.0.1	2025-10-16 05:02:18.164+00	\N
49	2	Virtual24	172.18.0.1	2025-10-16 05:02:35.233+00	\N
50	2	Virtual24	172.18.0.1	2025-10-16 05:02:52.303+00	\N
51	2	Virtual24	172.18.0.1	2025-10-16 05:03:09.361+00	\N
52	2	Virtual24	172.18.0.1	2025-10-16 05:03:26.425+00	\N
53	2	Virtual24	172.18.0.1	2025-10-16 05:03:43.516+00	\N
54	2	Virtual24	172.18.0.1	2025-10-16 05:04:00.588+00	\N
55	2	Virtual24	172.18.0.1	2025-10-16 05:04:17.668+00	\N
56	2	Virtual24	172.18.0.1	2025-10-16 05:04:34.748+00	\N
57	2	Virtual24	172.18.0.1	2025-10-16 05:04:51.837+00	\N
58	2	Virtual24	172.18.0.1	2025-10-16 05:05:08.91+00	\N
59	2	Virtual24	172.18.0.1	2025-10-16 05:05:25.971+00	\N
60	2	Virtual24	172.18.0.1	2025-10-16 05:05:43.027+00	\N
61	2	Virtual24	172.18.0.1	2025-10-16 05:06:00.106+00	\N
62	2	Virtual24	172.18.0.1	2025-10-16 05:06:17.182+00	\N
63	2	Virtual24	172.18.0.1	2025-10-16 05:06:34.263+00	\N
64	2	Virtual24	172.18.0.1	2025-10-16 05:06:51.342+00	\N
65	2	Virtual24	172.18.0.1	2025-10-16 05:07:08.408+00	\N
66	2	Virtual24	172.18.0.1	2025-10-16 05:07:25.477+00	\N
67	2	Virtual24	172.18.0.1	2025-10-16 05:07:42.551+00	\N
68	2	Virtual24	172.18.0.1	2025-10-16 05:07:59.606+00	\N
69	2	Virtual24	172.18.0.1	2025-10-16 05:08:16.667+00	\N
70	2	Virtual24	172.18.0.1	2025-10-16 05:08:33.739+00	\N
71	2	Virtual24	172.18.0.1	2025-10-16 05:08:50.808+00	\N
72	2	Virtual24	172.18.0.1	2025-10-16 05:09:07.874+00	\N
73	2	Virtual24	172.18.0.1	2025-10-16 05:09:19.743+00	\N
74	2	Virtual24	172.18.0.1	2025-10-16 05:09:24.384+00	\N
75	2	Virtual24	172.18.0.1	2025-10-16 05:09:29.072+00	\N
76	2	Virtual24	172.18.0.1	2025-10-16 05:09:30.635+00	\N
77	2	Virtual24	172.18.0.1	2025-10-16 05:09:35.982+00	\N
78	2	Virtual24	172.18.0.1	2025-10-16 05:09:52.752+00	\N
79	2	Virtual24	172.18.0.1	2025-10-16 05:10:00.081+00	\N
80	2	Virtual24	172.18.0.1	2025-10-16 05:10:07.529+00	\N
81	2	Virtual24	172.18.0.1	2025-10-16 05:10:26.281+00	\N
82	2	Virtual24	172.18.0.1	2025-10-16 05:10:30.211+00	\N
83	2	Virtual24	172.18.0.1	2025-10-16 05:10:33.683+00	\N
84	2	Virtual24	172.18.0.1	2025-10-16 05:11:02.346+00	\N
85	2	Virtual24	172.18.0.1	2025-10-16 05:11:14.269+00	\N
86	2	Virtual24	172.18.0.1	2025-10-16 05:11:39.244+00	\N
87	2	Virtual24	172.18.0.1	2025-10-16 05:14:47.202+00	\N
88	2	Virtual24	172.18.0.1	2025-10-16 05:16:27.52+00	\N
89	2	Virtual24	172.18.0.1	2025-10-16 05:16:34.93+00	\N
90	2	Virtual24	172.18.0.1	2025-10-16 05:16:40.65+00	\N
91	2	Virtual24	172.18.0.1	2025-10-16 05:17:51.781+00	\N
92	2	Virtual24	172.18.0.1	2025-10-16 05:17:58.227+00	\N
93	2	Virtual24	172.18.0.1	2025-10-16 05:18:00.918+00	\N
94	2	Virtual24	172.18.0.1	2025-10-16 05:18:11.579+00	\N
95	2	Virtual24	172.18.0.1	2025-10-16 05:18:24.104+00	\N
96	2	Virtual24	172.18.0.1	2025-10-16 05:18:26.197+00	\N
97	2	Virtual24	172.18.0.1	2025-10-16 05:18:31.375+00	\N
98	2	Virtual24	172.18.0.1	2025-10-16 05:18:34.521+00	\N
99	2	Virtual24	172.18.0.1	2025-10-16 05:18:43.769+00	\N
100	2	Virtual24	172.18.0.1	2025-10-16 05:18:46.717+00	\N
101	2	Virtual24	172.18.0.1	2025-10-16 05:18:52.1+00	\N
102	2	Virtual24	172.18.0.1	2025-10-16 05:20:55.528+00	\N
103	2	Virtual24	172.18.0.1	2025-10-16 05:21:05.365+00	\N
104	2	Virtual24	172.18.0.1	2025-10-16 05:21:19.632+00	\N
105	2	Virtual24	172.18.0.1	2025-10-16 05:21:25.443+00	\N
106	2	Virtual24	172.18.0.1	2025-10-16 05:21:27.584+00	\N
107	2	Virtual24	172.18.0.1	2025-10-16 05:21:31.245+00	\N
108	2	Virtual24	172.18.0.1	2025-10-16 05:21:33.86+00	\N
109	2	Virtual24	172.18.0.1	2025-10-16 05:21:39.389+00	\N
110	2	Virtual24	172.18.0.1	2025-10-16 05:21:46.505+00	\N
111	2	Virtual24	172.18.0.1	2025-10-16 05:22:00.246+00	\N
112	2	Virtual24	172.18.0.1	2025-10-16 05:24:03.691+00	\N
113	2	Virtual24	172.18.0.1	2025-10-16 05:24:10.169+00	\N
114	2	Virtual24	172.18.0.1	2025-10-16 05:24:46.357+00	\N
115	2	Virtual24	172.18.0.1	2025-10-16 05:24:55.436+00	\N
116	2	Virtual24	172.18.0.1	2025-10-16 05:24:59.691+00	\N
117	2	Virtual24	172.18.0.1	2025-10-16 05:25:01.607+00	\N
118	2	Virtual24	172.18.0.1	2025-10-16 05:25:03.692+00	\N
119	2	Virtual24	172.18.0.1	2025-10-16 05:25:08.57+00	\N
120	2	Virtual24	172.18.0.1	2025-10-16 05:25:26.358+00	\N
128	2	Virtual24	172.18.0.1	2025-10-16 05:26:18.271+00	\N
131	2	Virtual24	172.18.0.1	2025-10-16 05:28:56.101+00	\N
133	2	Virtual24	172.18.0.1	2025-10-16 05:29:20.029+00	\N
138	2	Virtual24	172.18.0.1	2025-10-16 05:30:18.034+00	\N
142	2	Virtual24	172.18.0.1	2025-10-16 05:30:42.786+00	\N
144	2	Virtual24	172.18.0.1	2025-10-16 05:32:42.459+00	\N
146	2	Virtual24	172.18.0.1	2025-10-16 05:32:48.127+00	\N
147	2	Virtual24	172.18.0.1	2025-10-16 05:33:03.72+00	\N
148	2	Virtual24	172.18.0.1	2025-10-16 05:33:19.289+00	\N
150	2	Virtual24	172.18.0.1	2025-10-16 05:33:24.799+00	\N
152	2	Virtual24	172.18.0.1	2025-10-16 05:33:43.865+00	\N
153	2	Virtual24	172.18.0.1	2025-10-16 05:33:59.871+00	\N
154	2	Virtual24	172.18.0.1	2025-10-16 05:34:15.862+00	\N
161	2	Virtual24	172.18.0.1	2025-10-16 05:36:02.776+00	\N
165	2	Virtual24	172.18.0.1	2025-10-16 05:36:15.454+00	\N
166	2	Virtual24	172.18.0.1	2025-10-16 05:36:15.837+00	\N
167	2	Virtual24	172.18.0.1	2025-10-16 05:36:31.2+00	\N
168	2	Virtual24	172.18.0.1	2025-10-16 05:36:46.663+00	\N
121	2	Virtual24	172.18.0.1	2025-10-16 05:25:37.332+00	\N
137	2	Virtual24	172.18.0.1	2025-10-16 05:30:18.026+00	\N
139	2	Virtual24	172.18.0.1	2025-10-16 05:30:27.718+00	\N
143	2	Virtual24	172.18.0.1	2025-10-16 05:32:37.372+00	\N
145	2	Virtual24	172.18.0.1	2025-10-16 05:32:47.538+00	\N
163	2	Virtual24	172.18.0.1	2025-10-16 05:36:07.452+00	\N
122	2	Virtual24	172.18.0.1	2025-10-16 05:25:44.352+00	\N
123	2	Virtual24	172.18.0.1	2025-10-16 05:26:02.359+00	\N
140	2	Virtual24	172.18.0.1	2025-10-16 05:30:31.945+00	\N
141	2	Virtual24	172.18.0.1	2025-10-16 05:30:34.174+00	\N
159	2	Virtual24	172.18.0.1	2025-10-16 05:35:51.331+00	\N
124	2	Virtual24	172.18.0.1	2025-10-16 05:26:06.906+00	\N
125	2	Virtual24	172.18.0.1	2025-10-16 05:26:11.841+00	\N
126	2	Virtual24	172.18.0.1	2025-10-16 05:26:13.441+00	\N
129	2	Virtual24	172.18.0.1	2025-10-16 05:26:20.896+00	\N
130	2	Virtual24	172.18.0.1	2025-10-16 05:27:21.836+00	\N
132	2	Virtual24	172.18.0.1	2025-10-16 05:29:14.106+00	\N
134	2	Virtual24	172.18.0.1	2025-10-16 05:29:20.625+00	\N
135	2	Virtual24	172.18.0.1	2025-10-16 05:29:36.189+00	\N
136	2	Virtual24	172.18.0.1	2025-10-16 05:29:51.781+00	2025-10-16 05:29:54.936+00
155	2	Virtual24	172.18.0.1	2025-10-16 05:35:13.501+00	\N
156	2	Virtual24	172.18.0.1	2025-10-16 05:35:37.837+00	\N
157	2	Virtual24	172.18.0.1	2025-10-16 05:35:39.859+00	\N
160	2	Virtual24	172.18.0.1	2025-10-16 05:35:55.861+00	\N
127	2	Virtual24	172.18.0.1	2025-10-16 05:26:16.191+00	\N
149	2	Virtual24	172.18.0.1	2025-10-16 05:33:23.446+00	\N
151	2	Virtual24	172.18.0.1	2025-10-16 05:33:27.14+00	\N
158	2	Virtual24	172.18.0.1	2025-10-16 05:35:42.96+00	\N
162	2	Virtual24	172.18.0.1	2025-10-16 05:36:07.06+00	\N
164	2	Virtual24	172.18.0.1	2025-10-16 05:36:08.73+00	\N
169	2	Virtual24	172.18.0.1	2025-10-16 05:37:46.385+00	\N
170	2	Virtual24	172.18.0.1	2025-10-16 05:46:24.53+00	\N
171	2	Virtual24	172.18.0.1	2025-10-16 05:46:35.71+00	\N
172	2	Virtual24	172.18.0.1	2025-10-16 05:46:39.036+00	\N
173	2	Virtual24	172.18.0.1	2025-10-16 05:46:46.263+00	\N
174	2	Virtual24	172.18.0.1	2025-10-16 05:46:46.869+00	\N
175	2	Virtual24	172.18.0.1	2025-10-16 05:46:53.539+00	\N
176	2	Virtual24	172.18.0.1	2025-10-16 05:46:56.078+00	2025-10-16 06:47:01.268+00
177	2	Virtual24	172.18.0.1	2025-10-16 12:44:20.908+00	\N
178	2	Virtual24	172.18.0.1	2025-10-16 12:44:20.941+00	\N
179	2	Virtual24	172.18.0.1	2025-10-16 12:47:00.571+00	\N
180	2	Virtual24	172.18.0.1	2025-10-16 12:47:01.225+00	\N
181	2	Virtual24	172.18.0.1	2025-10-16 12:47:04.465+00	\N
182	2	Virtual24	172.18.0.1	2025-10-16 12:47:12.438+00	\N
183	2	Virtual24	172.18.0.1	2025-10-16 12:47:14.55+00	\N
184	2	Virtual24	172.18.0.1	2025-10-16 12:47:31.641+00	\N
185	2	Virtual24	172.18.0.1	2025-10-16 12:47:48.72+00	\N
186	2	Virtual24	172.18.0.1	2025-10-16 12:48:06.356+00	\N
187	2	Virtual24	172.18.0.1	2025-10-16 12:48:24.349+00	\N
188	2	Virtual24	172.18.0.1	2025-10-16 12:48:42.422+00	\N
189	2	Virtual24	172.18.0.1	2025-10-16 12:49:00.365+00	\N
190	2	Virtual24	172.18.0.1	2025-10-16 12:49:18.361+00	\N
191	2	Virtual24	172.18.0.1	2025-10-16 12:49:36.346+00	\N
192	2	Virtual24	172.18.0.1	2025-10-16 12:58:11.384+00	\N
193	2	Virtual24	172.18.0.1	2025-10-16 12:58:42.567+00	\N
194	2	Virtual24	172.18.0.1	2025-10-16 12:58:44.798+00	\N
195	2	Virtual24	172.18.0.1	2025-10-16 12:59:01.862+00	\N
196	2	Virtual24	172.18.0.1	2025-10-16 12:59:19.356+00	\N
197	2	Virtual24	172.18.0.1	2025-10-16 12:59:37.352+00	\N
198	2	Virtual24	172.18.0.1	2025-10-16 12:59:55.361+00	\N
199	2	Virtual24	172.18.0.1	2025-10-16 13:00:35.437+00	\N
200	2	Virtual24	172.18.0.1	2025-10-16 13:00:52.506+00	\N
201	2	Virtual24	172.18.0.1	2025-10-16 13:01:09.021+00	\N
202	2	Virtual24	172.18.0.1	2025-10-16 13:01:11.135+00	\N
203	2	Virtual24	172.18.0.1	2025-10-16 13:01:28.375+00	\N
204	2	Virtual24	172.18.0.1	2025-10-16 13:01:46.368+00	\N
205	2	Virtual24	172.18.0.1	2025-10-16 13:02:04.36+00	\N
206	2	Virtual24	172.18.0.1	2025-10-16 13:03:11.365+00	\N
207	2	Virtual24	172.18.0.1	2025-10-16 13:12:11.361+00	\N
208	2	Virtual24	172.18.0.1	2025-10-16 13:21:11.361+00	2025-10-16 13:21:46.867+00
209	2	Virtual24	172.18.0.1	2025-10-16 13:36:20.529+00	\N
210	2	Virtual24	172.18.0.1	2025-10-16 13:36:20.597+00	\N
211	2	Virtual24	172.18.0.1	2025-10-16 13:36:34.246+00	\N
212	2	Virtual24	172.18.0.1	2025-10-16 13:36:36.897+00	\N
213	2	Virtual24	172.18.0.1	2025-10-16 13:36:45.799+00	\N
214	2	Virtual24	172.18.0.1	2025-10-16 13:41:28.421+00	\N
215	2	Virtual24	172.18.0.1	2025-10-16 13:41:39.417+00	\N
216	2	Virtual24	172.18.0.1	2025-10-16 13:41:44.642+00	\N
217	2	Virtual24	172.18.0.1	2025-10-16 13:41:49.679+00	\N
218	2	Virtual24	172.18.0.1	2025-10-16 13:41:57.642+00	\N
219	2	Virtual24	172.18.0.1	2025-10-16 13:44:59.572+00	\N
220	2	Virtual24	172.18.0.1	2025-10-16 13:44:59.58+00	\N
221	2	Virtual24	172.18.0.1	2025-10-16 13:45:07.188+00	\N
222	2	Virtual24	172.18.0.1	2025-10-16 13:45:10.612+00	\N
223	2	Virtual24	172.18.0.1	2025-10-16 13:45:18.611+00	\N
224	2	Virtual24	172.18.0.1	2025-10-16 13:46:46.313+00	\N
225	2	Virtual24	172.18.0.1	2025-10-16 13:47:42.582+00	\N
226	2	Virtual24	172.18.0.1	2025-10-16 13:47:44.363+00	\N
227	2	Virtual24	172.18.0.1	2025-10-16 13:47:47.724+00	\N
228	2	Virtual24	172.18.0.1	2025-10-16 13:48:15.366+00	\N
230	2	Virtual24	172.18.0.1	2025-10-16 13:51:25.627+00	\N
231	2	Virtual24	172.18.0.1	2025-10-16 13:51:43.717+00	\N
232	2	Virtual24	172.18.0.1	2025-10-16 13:54:57.988+00	\N
233	2	Virtual24	172.18.0.1	2025-10-16 13:55:17.091+00	\N
235	2	Virtual24	172.18.0.1	2025-10-16 14:33:08.85+00	\N
236	2	Virtual24	172.18.0.1	2025-10-16 14:33:08.87+00	\N
229	2	Virtual24	172.18.0.1	2025-10-16 13:48:26.684+00	2025-10-16 14:49:06.245+00
234	2	Virtual24	172.18.0.1	2025-10-16 13:55:19.319+00	2025-10-16 14:56:06.221+00
237	2	Virtual24	172.18.0.1	2025-10-16 14:34:20.498+00	2025-10-16 15:52:05.848+00
238	2	Virtual24	172.18.0.1	2025-10-16 16:12:35.117+00	\N
239	2	Virtual24	172.18.0.1	2025-10-16 16:12:35.124+00	\N
240	2	Virtual24	172.18.0.1	2025-10-16 16:12:42.801+00	\N
241	2	Virtual24	172.18.0.1	2025-10-16 16:12:45.098+00	\N
242	2	Virtual24	172.18.0.1	2025-10-16 16:12:49.477+00	\N
243	2	Virtual24	172.18.0.1	2025-10-16 16:12:51.986+00	\N
244	2	Virtual24	172.18.0.1	2025-10-16 16:12:53.956+00	\N
245	2	Virtual24	172.18.0.1	2025-10-16 16:12:55.777+00	\N
246	2	Virtual24	172.18.0.1	2025-10-16 16:13:13.507+00	\N
247	2	Virtual24	172.18.0.1	2025-10-16 16:13:20.483+00	\N
271	2	Virtual24	172.18.0.1	2025-10-16 16:25:34.272+00	\N
272	2	Virtual24	172.18.0.1	2025-10-16 16:25:34.324+00	\N
273	2	Virtual24	172.18.0.1	2025-10-16 16:25:56.002+00	\N
274	2	Virtual24	172.18.0.1	2025-10-16 16:26:02.008+00	\N
275	2	Virtual24	172.18.0.1	2025-10-16 16:26:03.248+00	\N
276	2	Virtual24	172.18.0.1	2025-10-16 16:26:07.478+00	\N
277	2	Virtual24	172.18.0.1	2025-10-16 16:26:33.412+00	\N
278	2	Virtual24	172.18.0.1	2025-10-16 16:26:36.733+00	\N
279	2	Virtual24	172.18.0.1	2025-10-16 16:26:41.588+00	\N
280	2	Virtual24	172.18.0.1	2025-10-16 16:26:46.846+00	\N
281	2	Virtual24	172.18.0.1	2025-10-16 16:26:47.5+00	\N
282	2	Virtual24	172.18.0.1	2025-10-16 16:26:50.439+00	\N
283	2	Virtual24	172.18.0.1	2025-10-16 16:26:52.092+00	\N
284	2	Virtual24	172.18.0.1	2025-10-16 16:26:56.19+00	\N
285	2	Virtual24	172.18.0.1	2025-10-16 16:26:56.771+00	\N
286	2	Virtual24	172.18.0.1	2025-10-16 16:26:58.544+00	\N
287	2	Virtual24	172.18.0.1	2025-10-16 16:27:02.599+00	\N
288	2	Virtual24	172.18.0.1	2025-10-16 16:27:04.375+00	\N
289	2	Virtual24	172.18.0.1	2025-10-16 16:27:04.9+00	\N
290	2	Virtual24	172.18.0.1	2025-10-16 16:29:14.666+00	\N
291	2	Virtual24	172.18.0.1	2025-10-16 16:29:21.808+00	\N
292	2	Virtual24	172.18.0.1	2025-10-16 16:29:24.226+00	\N
293	2	Virtual24	172.18.0.1	2025-10-16 16:29:26.865+00	\N
294	2	Virtual24	172.18.0.1	2025-10-16 16:29:29.456+00	\N
295	2	Virtual24	172.18.0.1	2025-10-16 16:29:31.124+00	\N
296	2	Virtual24	172.18.0.1	2025-10-16 16:29:31.911+00	\N
297	2	Virtual24	172.18.0.1	2025-10-16 16:29:35.672+00	\N
298	2	Virtual24	172.18.0.1	2025-10-16 16:29:42.973+00	\N
299	2	Virtual24	172.18.0.1	2025-10-17 04:02:28.857+00	\N
300	2	Virtual24	172.18.0.1	2025-10-17 04:02:28.905+00	2025-10-17 05:02:57.458+00
301	2	Virtual24	172.18.0.1	2025-10-17 06:17:13.854+00	\N
302	2	Virtual24	172.18.0.1	2025-10-17 06:17:13.868+00	\N
303	2	Virtual24	172.18.0.1	2025-10-17 06:17:26.136+00	\N
304	2	Virtual24	172.18.0.1	2025-10-17 06:17:26.787+00	\N
305	2	Virtual24	172.18.0.1	2025-10-17 06:17:29.068+00	\N
308	2	Virtual24	172.18.0.1	2025-10-17 06:17:53.846+00	\N
312	2	Virtual24	172.18.0.1	2025-10-17 06:18:35.443+00	\N
313	2	Virtual24	172.18.0.1	2025-10-17 06:18:38.401+00	\N
315	2	Virtual24	172.18.0.1	2025-10-17 06:18:56.475+00	\N
316	2	Virtual24	172.18.0.1	2025-10-17 06:18:57.637+00	\N
317	2	Virtual24	172.18.0.1	2025-10-17 06:18:59.325+00	\N
319	2	Virtual24	172.18.0.1	2025-10-17 06:19:03.331+00	2025-10-17 07:19:56.063+00
321	2	Virtual24	172.18.0.1	2025-10-17 15:16:02.462+00	\N
323	2	Virtual24	172.18.0.1	2025-10-17 15:16:11.09+00	\N
326	2	Virtual24	172.18.0.1	2025-10-17 15:16:18.186+00	\N
329	2	Virtual24	172.18.0.1	2025-10-17 15:16:25.346+00	\N
333	2	Virtual24	172.18.0.1	2025-10-17 15:16:36.826+00	\N
337	2	Virtual24	172.18.0.1	2025-10-17 15:16:46.194+00	2025-10-17 15:25:40.55+00
306	2	Virtual24	172.18.0.1	2025-10-17 06:17:34.052+00	\N
307	2	Virtual24	172.18.0.1	2025-10-17 06:17:48.607+00	\N
309	2	Virtual24	172.18.0.1	2025-10-17 06:18:00.346+00	\N
310	2	Virtual24	172.18.0.1	2025-10-17 06:18:02.574+00	\N
311	2	Virtual24	172.18.0.1	2025-10-17 06:18:20.37+00	\N
314	2	Virtual24	172.18.0.1	2025-10-17 06:18:54.373+00	\N
318	2	Virtual24	172.18.0.1	2025-10-17 06:19:00.247+00	\N
320	2	Virtual24	172.18.0.1	2025-10-17 15:16:02.453+00	\N
322	2	Virtual24	172.18.0.1	2025-10-17 15:16:08.096+00	\N
324	2	Virtual24	172.18.0.1	2025-10-17 15:16:12.769+00	\N
325	2	Virtual24	172.18.0.1	2025-10-17 15:16:16.739+00	\N
327	2	Virtual24	172.18.0.1	2025-10-17 15:16:22.506+00	\N
328	2	Virtual24	172.18.0.1	2025-10-17 15:16:24.293+00	\N
330	2	Virtual24	172.18.0.1	2025-10-17 15:16:27.061+00	\N
331	2	Virtual24	172.18.0.1	2025-10-17 15:16:28.564+00	\N
332	2	Virtual24	172.18.0.1	2025-10-17 15:16:34.202+00	\N
334	2	Virtual24	172.18.0.1	2025-10-17 15:16:38.133+00	\N
335	2	Virtual24	172.18.0.1	2025-10-17 15:16:43.971+00	\N
336	2	Virtual24	172.18.0.1	2025-10-17 15:16:45.384+00	\N
338	2	Virtual24	172.18.0.1	2025-10-18 05:02:06.658+00	\N
339	2	Virtual24	172.18.0.1	2025-10-18 05:02:06.691+00	\N
340	2	Virtual24	172.18.0.1	2025-10-18 05:02:13.242+00	\N
341	2	Virtual24	172.18.0.1	2025-10-18 05:02:15.928+00	\N
342	2	Virtual24	172.18.0.1	2025-10-18 05:02:24.211+00	\N
343	2	Virtual24	172.18.0.1	2025-10-18 05:02:31.023+00	\N
344	2	Virtual24	172.18.0.1	2025-10-18 05:02:45.742+00	\N
345	2	Virtual24	172.18.0.1	2025-10-18 05:02:45.759+00	\N
346	2	Virtual24	172.18.0.1	2025-10-18 05:02:47.71+00	\N
347	2	Virtual24	172.18.0.1	2025-10-18 05:03:14.918+00	\N
348	2	Virtual24	172.18.0.1	2025-10-18 05:04:07.566+00	\N
349	2	Virtual24	172.18.0.1	2025-10-18 05:04:12.287+00	\N
350	2	Virtual24	172.18.0.1	2025-10-18 05:04:14.862+00	\N
351	2	Virtual24	172.18.0.1	2025-10-18 05:05:29.536+00	\N
352	2	Virtual24	172.18.0.1	2025-10-18 05:05:29.551+00	\N
353	2	Virtual24	172.18.0.1	2025-10-18 05:05:35.36+00	\N
354	2	Virtual24	172.18.0.1	2025-10-18 05:05:38.877+00	\N
355	2	Virtual24	172.18.0.1	2025-10-18 05:06:12.854+00	\N
356	2	Virtual24	172.18.0.1	2025-10-18 05:06:14.882+00	\N
357	2	Virtual24	172.18.0.1	2025-10-18 05:06:15.803+00	\N
358	2	Virtual24	172.18.0.1	2025-10-18 05:06:29.795+00	\N
359	2	Virtual24	172.18.0.1	2025-10-18 05:06:29.816+00	\N
360	2	Virtual24	172.18.0.1	2025-10-18 05:06:38.682+00	\N
361	2	Virtual24	172.18.0.1	2025-10-18 05:06:46.651+00	\N
362	2	Virtual24	172.18.0.1	2025-10-18 05:06:50.687+00	\N
363	2	Virtual24	172.18.0.1	2025-10-18 05:06:54.622+00	\N
364	2	Virtual24	172.18.0.1	2025-10-18 05:08:50.91+00	\N
365	2	Virtual24	172.18.0.1	2025-10-18 05:08:50.926+00	\N
366	2	Virtual24	172.18.0.1	2025-10-18 05:09:43.969+00	\N
367	2	Virtual24	172.18.0.1	2025-10-18 05:09:59.716+00	\N
368	2	Virtual24	172.18.0.1	2025-10-18 05:10:30.402+00	2025-10-18 05:10:33.446+00
369	2	Virtual24	172.18.0.1	2025-10-18 05:18:34.762+00	\N
370	2	Virtual24	172.18.0.1	2025-10-18 05:18:40.225+00	\N
371	2	Virtual24	172.18.0.1	2025-10-18 05:18:47.48+00	\N
372	2	Virtual24	172.18.0.1	2025-10-18 05:18:49.57+00	\N
373	2	Virtual24	172.18.0.1	2025-10-18 05:19:06.636+00	\N
374	2	Virtual24	172.18.0.1	2025-10-18 05:19:17.472+00	\N
375	2	Virtual24	172.18.0.1	2025-10-18 05:42:17.955+00	\N
376	2	Virtual24	172.18.0.1	2025-10-18 05:42:17.994+00	\N
377	2	Virtual24	172.18.0.1	2025-10-18 05:42:17.995+00	\N
378	2	Virtual24	172.18.0.1	2025-10-18 05:42:19.902+00	\N
379	2	Virtual24	172.18.0.1	2025-10-18 05:42:21.266+00	\N
380	2	Virtual24	172.18.0.1	2025-10-18 05:42:21.274+00	\N
381	2	Virtual24	172.18.0.1	2025-10-18 05:42:31.76+00	\N
382	2	Virtual24	172.18.0.1	2025-10-18 05:42:31.831+00	\N
383	2	Virtual24	172.18.0.1	2025-10-18 05:42:46.867+00	\N
384	2	Virtual24	172.18.0.1	2025-10-18 05:42:46.869+00	\N
385	2	Virtual24	172.18.0.1	2025-10-18 05:43:01.906+00	\N
386	2	Virtual24	172.18.0.1	2025-10-18 05:43:01.907+00	\N
387	2	Virtual24	172.18.0.1	2025-10-18 05:43:16.939+00	\N
388	2	Virtual24	172.18.0.1	2025-10-18 05:43:31.976+00	\N
389	2	Virtual24	172.18.0.1	2025-10-18 05:43:47.004+00	\N
390	2	Virtual24	172.18.0.1	2025-10-18 05:44:02.036+00	\N
391	2	Virtual24	172.18.0.1	2025-10-18 05:44:17.066+00	\N
392	2	Virtual24	172.18.0.1	2025-10-18 05:44:17.068+00	\N
393	2	Virtual24	172.18.0.1	2025-10-18 05:44:32.095+00	\N
394	2	Virtual24	172.18.0.1	2025-10-18 05:44:47.133+00	\N
395	2	Virtual24	172.18.0.1	2025-10-18 05:44:47.135+00	\N
396	2	Virtual24	172.18.0.1	2025-10-18 05:45:02.162+00	\N
397	2	Virtual24	172.18.0.1	2025-10-18 05:45:17.193+00	\N
398	2	Virtual24	172.18.0.1	2025-10-18 05:45:17.196+00	\N
399	2	Virtual24	172.18.0.1	2025-10-18 05:45:32.223+00	\N
400	2	Virtual24	172.18.0.1	2025-10-18 05:45:32.224+00	\N
401	2	Virtual24	172.18.0.1	2025-10-18 05:45:47.257+00	\N
402	2	Virtual24	172.18.0.1	2025-10-18 05:45:57.501+00	\N
403	2	Virtual24	172.18.0.1	2025-10-18 05:48:13.943+00	\N
404	2	Virtual24	172.18.0.1	2025-10-18 05:48:16.621+00	\N
405	2	Virtual24	172.18.0.1	2025-10-18 05:48:24.278+00	\N
406	2	Virtual24	172.18.0.1	2025-10-18 05:50:04.696+00	\N
407	2	Virtual24	172.18.0.1	2025-10-18 05:50:10.451+00	\N
408	2	Virtual24	172.18.0.1	2025-10-18 05:50:18.485+00	\N
409	2	Virtual24	172.18.0.1	2025-10-18 05:50:32.215+00	\N
410	2	Virtual24	172.18.0.1	2025-10-18 05:51:11.88+00	\N
411	2	Virtual24	172.18.0.1	2025-10-18 05:51:46.351+00	\N
412	2	Virtual24	172.18.0.1	2025-10-18 05:52:18.141+00	\N
413	2	Virtual24	172.18.0.1	2025-10-18 05:52:22.974+00	\N
414	2	Virtual24	172.18.0.1	2025-10-18 05:53:45.16+00	\N
415	2	Virtual24	172.18.0.1	2025-10-18 05:53:45.178+00	\N
416	2	Virtual24	172.18.0.1	2025-10-18 05:53:45.6+00	\N
417	2	Virtual24	172.18.0.1	2025-10-18 05:53:56.012+00	\N
418	2	Virtual24	172.18.0.1	2025-10-18 05:54:02.917+00	\N
419	2	Virtual24	172.18.0.1	2025-10-18 05:55:05.196+00	2025-10-18 05:55:07.815+00
420	2	Virtual24	172.18.0.1	2025-10-18 05:58:06.521+00	\N
421	2	Virtual24	172.18.0.1	2025-10-18 05:58:18.465+00	\N
422	2	Virtual24	172.18.0.1	2025-10-18 05:58:20.658+00	\N
423	2	Virtual24	172.18.0.1	2025-10-18 06:00:16.436+00	2025-10-18 06:00:24.131+00
424	3	Hari	172.18.0.1	2025-10-18 06:00:39.61+00	\N
425	3	Hari	172.18.0.1	2025-10-18 06:00:39.616+00	\N
426	3	Hari	172.18.0.1	2025-10-18 06:00:45.804+00	\N
427	3	Hari	172.18.0.1	2025-10-18 06:00:48.371+00	\N
428	3	Hari	172.18.0.1	2025-10-18 06:00:50.496+00	\N
429	3	Hari	172.18.0.1	2025-10-18 06:00:52.087+00	\N
430	3	Hari	172.18.0.1	2025-10-18 06:00:53.526+00	\N
431	3	Hari	172.18.0.1	2025-10-18 06:00:56.7+00	\N
432	3	Hari	172.18.0.1	2025-10-18 06:00:58.165+00	\N
433	3	Hari	172.18.0.1	2025-10-18 06:01:10.251+00	2025-10-18 06:01:17.035+00
434	3	Hari	172.18.0.1	2025-10-18 06:01:31.624+00	\N
435	3	Hari	172.18.0.1	2025-10-18 06:01:31.63+00	\N
436	3	Hari	172.18.0.1	2025-10-18 06:01:41.313+00	\N
437	3	Hari	172.18.0.1	2025-10-18 06:01:44.419+00	\N
438	3	Hari	172.18.0.1	2025-10-18 06:01:45.747+00	\N
439	3	Hari	172.18.0.1	2025-10-18 06:01:47.501+00	\N
440	3	Hari	172.18.0.1	2025-10-18 06:01:55.916+00	\N
444	3	Hari	172.18.0.1	2025-10-18 06:02:10.201+00	\N
445	3	Hari	172.18.0.1	2025-10-18 06:02:18.987+00	\N
449	3	Hari	172.18.0.1	2025-10-18 06:04:27.654+00	\N
456	3	Hari	172.18.0.1	2025-10-18 06:05:52.681+00	\N
463	3	Hari	172.18.0.1	2025-10-18 06:07:30.369+00	\N
468	3	Hari	172.18.0.1	2025-10-18 06:10:49.859+00	\N
473	2	Virtual24	172.18.0.1	2025-10-18 06:11:41.434+00	\N
486	3	Hari	172.18.0.1	2025-10-18 06:16:00.052+00	\N
488	3	Hari	172.18.0.1	2025-10-18 06:16:02.348+00	\N
489	3	Hari	172.18.0.1	2025-10-18 06:16:03.748+00	\N
496	3	Hari	172.18.0.1	2025-10-18 06:16:56.871+00	\N
441	3	Hari	172.18.0.1	2025-10-18 06:02:01.346+00	\N
442	3	Hari	172.18.0.1	2025-10-18 06:02:05.382+00	\N
443	3	Hari	172.18.0.1	2025-10-18 06:02:08.761+00	\N
447	3	Hari	172.18.0.1	2025-10-18 06:04:17.281+00	\N
448	3	Hari	172.18.0.1	2025-10-18 06:04:23.089+00	\N
450	3	Hari	172.18.0.1	2025-10-18 06:04:31.746+00	\N
452	3	Hari	172.18.0.1	2025-10-18 06:04:51.212+00	\N
453	3	Hari	172.18.0.1	2025-10-18 06:04:55.373+00	\N
454	3	Hari	172.18.0.1	2025-10-18 06:05:14.461+00	\N
458	3	Hari	172.18.0.1	2025-10-18 06:06:30.887+00	\N
459	3	Hari	172.18.0.1	2025-10-18 06:06:49.974+00	\N
461	3	Hari	172.18.0.1	2025-10-18 06:07:15.486+00	\N
462	3	Hari	172.18.0.1	2025-10-18 06:07:24.864+00	\N
466	3	Hari	172.18.0.1	2025-10-18 06:08:02.889+00	\N
469	3	Hari	172.18.0.1	2025-10-18 06:10:53.497+00	\N
470	3	Hari	172.18.0.1	2025-10-18 06:10:53.55+00	\N
471	3	Hari	172.18.0.1	2025-10-18 06:10:58.911+00	2025-10-18 06:11:23.386+00
476	2	Virtual24	172.18.0.1	2025-10-18 06:11:52.806+00	\N
480	2	Virtual24	172.18.0.1	2025-10-18 06:12:18.098+00	\N
481	2	Virtual24	172.18.0.1	2025-10-18 06:12:26.47+00	\N
483	2	Virtual24	172.18.0.1	2025-10-18 06:15:36.138+00	2025-10-18 06:15:39.921+00
485	3	Hari	172.18.0.1	2025-10-18 06:15:51.607+00	\N
487	3	Hari	172.18.0.1	2025-10-18 06:16:00.104+00	\N
446	3	Hari	172.18.0.1	2025-10-18 06:02:21.819+00	\N
451	3	Hari	172.18.0.1	2025-10-18 06:04:50.836+00	\N
455	3	Hari	172.18.0.1	2025-10-18 06:05:33.572+00	\N
457	3	Hari	172.18.0.1	2025-10-18 06:06:11.783+00	\N
460	3	Hari	172.18.0.1	2025-10-18 06:07:09.078+00	\N
464	3	Hari	172.18.0.1	2025-10-18 06:07:35.505+00	\N
465	3	Hari	172.18.0.1	2025-10-18 06:07:50.81+00	\N
467	3	Hari	172.18.0.1	2025-10-18 06:10:44.796+00	\N
472	2	Virtual24	172.18.0.1	2025-10-18 06:11:41.427+00	\N
474	2	Virtual24	172.18.0.1	2025-10-18 06:11:47.561+00	\N
475	2	Virtual24	172.18.0.1	2025-10-18 06:11:49.652+00	\N
477	2	Virtual24	172.18.0.1	2025-10-18 06:12:00.921+00	\N
478	2	Virtual24	172.18.0.1	2025-10-18 06:12:03.038+00	\N
479	2	Virtual24	172.18.0.1	2025-10-18 06:12:07.893+00	\N
482	2	Virtual24	172.18.0.1	2025-10-18 06:12:28.284+00	\N
484	3	Hari	172.18.0.1	2025-10-18 06:15:51.601+00	\N
490	3	Hari	172.18.0.1	2025-10-18 06:16:10.185+00	\N
491	3	Hari	172.18.0.1	2025-10-18 06:16:20.034+00	\N
492	3	Hari	172.18.0.1	2025-10-18 06:16:27.011+00	\N
493	3	Hari	172.18.0.1	2025-10-18 06:16:34.361+00	\N
494	3	Hari	172.18.0.1	2025-10-18 06:16:50.646+00	\N
495	3	Hari	172.18.0.1	2025-10-18 06:16:56.825+00	\N
497	3	Hari	172.18.0.1	2025-10-18 06:17:11.911+00	\N
498	3	Hari	172.18.0.1	2025-10-18 06:17:26.957+00	\N
499	3	Hari	172.18.0.1	2025-10-18 06:17:41.992+00	\N
500	3	Hari	172.18.0.1	2025-10-18 06:17:57.033+00	\N
501	3	Hari	172.18.0.1	2025-10-18 06:18:12.072+00	\N
502	3	Hari	172.18.0.1	2025-10-18 06:18:27.115+00	\N
503	3	Hari	172.18.0.1	2025-10-18 06:18:42.151+00	\N
504	3	Hari	172.18.0.1	2025-10-18 06:18:57.19+00	\N
505	3	Hari	172.18.0.1	2025-10-18 06:19:07.867+00	\N
506	3	Hari	172.18.0.1	2025-10-18 06:19:09.898+00	\N
507	3	Hari	172.18.0.1	2025-10-18 06:19:11.227+00	\N
508	3	Hari	172.18.0.1	2025-10-18 06:19:26.314+00	\N
509	3	Hari	172.18.0.1	2025-10-18 06:19:35.544+00	\N
510	3	Hari	172.18.0.1	2025-10-18 06:19:40.251+00	\N
511	3	Hari	172.18.0.1	2025-10-18 06:19:45.139+00	\N
512	3	Hari	172.18.0.1	2025-10-18 06:19:45.175+00	\N
513	3	Hari	172.18.0.1	2025-10-18 06:19:52.957+00	\N
514	3	Hari	172.18.0.1	2025-10-18 06:21:26.431+00	\N
515	3	Hari	172.18.0.1	2025-10-18 06:21:26.47+00	\N
516	3	Hari	172.18.0.1	2025-10-18 06:21:41.506+00	\N
517	3	Hari	172.18.0.1	2025-10-18 06:21:56.546+00	\N
518	3	Hari	172.18.0.1	2025-10-18 06:22:01.003+00	\N
519	3	Hari	172.18.0.1	2025-10-18 06:22:06.192+00	\N
520	3	Hari	172.18.0.1	2025-10-18 06:22:08.954+00	\N
521	3	Hari	172.18.0.1	2025-10-18 06:22:12.162+00	\N
522	3	Hari	172.18.0.1	2025-10-18 06:22:19.517+00	\N
523	3	Hari	172.18.0.1	2025-10-18 06:22:23.474+00	\N
524	3	Hari	172.18.0.1	2025-10-18 06:22:26.759+00	\N
525	3	Hari	172.18.0.1	2025-10-18 06:22:30.891+00	\N
526	3	Hari	172.18.0.1	2025-10-18 06:22:33.39+00	\N
527	3	Hari	172.18.0.1	2025-10-18 06:22:41.095+00	\N
528	3	Hari	172.18.0.1	2025-10-18 06:22:45.222+00	\N
529	3	Hari	172.18.0.1	2025-10-18 06:22:48.915+00	\N
530	2	Virtual24	172.18.0.1	2025-10-18 06:43:55.646+00	2025-10-18 07:44:03.741+00
531	3	Hari	172.18.0.1	2025-10-18 15:52:58.832+00	\N
532	3	Hari	172.18.0.1	2025-10-18 15:53:17.301+00	\N
533	3	Hari	172.18.0.1	2025-10-18 15:53:21.406+00	\N
534	3	Hari	172.18.0.1	2025-10-18 15:53:24.352+00	\N
535	3	Hari	172.18.0.1	2025-10-18 15:53:26.035+00	\N
536	3	Hari	172.18.0.1	2025-10-18 15:53:30.375+00	\N
537	3	Hari	172.18.0.1	2025-10-18 16:00:37.295+00	\N
538	3	Hari	172.18.0.1	2025-10-18 16:00:46.286+00	\N
539	3	Hari	172.18.0.1	2025-10-18 16:00:55.074+00	\N
540	3	Hari	172.18.0.1	2025-10-18 16:01:11.417+00	\N
541	3	Hari	172.18.0.1	2025-10-18 16:01:37.338+00	\N
542	3	Hari	172.18.0.1	2025-10-18 16:04:46.788+00	\N
543	3	Hari	172.18.0.1	2025-10-18 16:04:56.494+00	\N
544	3	Hari	172.18.0.1	2025-10-18 16:05:04.02+00	\N
545	3	Hari	172.18.0.1	2025-10-18 16:05:04.616+00	\N
546	3	Hari	172.18.0.1	2025-10-18 16:05:10.563+00	\N
547	3	Hari	172.18.0.1	2025-10-18 16:05:12.765+00	2025-10-18 16:05:17.05+00
548	3	Hari	172.18.0.1	2025-10-18 16:05:29.121+00	\N
549	3	Hari	172.18.0.1	2025-10-18 16:05:29.127+00	\N
550	3	Hari	172.18.0.1	2025-10-18 16:05:36.376+00	\N
551	3	Hari	172.18.0.1	2025-10-18 16:05:36.971+00	\N
552	3	Hari	172.18.0.1	2025-10-18 16:05:52.556+00	\N
553	3	Hari	172.18.0.1	2025-10-18 16:06:08.144+00	\N
554	3	Hari	172.18.0.1	2025-10-18 16:06:13.668+00	\N
555	3	Hari	172.18.0.1	2025-10-18 16:06:17.474+00	\N
556	3	Hari	172.18.0.1	2025-10-18 16:06:23.865+00	\N
557	3	Hari	172.18.0.1	2025-10-18 16:06:32.647+00	\N
558	3	Hari	172.18.0.1	2025-10-18 16:06:36.204+00	\N
559	3	Hari	172.18.0.1	2025-10-18 16:06:39.86+00	\N
560	3	Hari	172.18.0.1	2025-10-18 16:06:55.844+00	\N
561	3	Hari	172.18.0.1	2025-10-18 16:07:29.512+00	\N
562	3	Hari	172.18.0.1	2025-10-18 16:07:32.958+00	\N
563	3	Hari	172.18.0.1	2025-10-18 16:07:39.491+00	\N
564	3	Hari	172.18.0.1	2025-10-18 16:09:56.487+00	\N
565	3	Hari	172.18.0.1	2025-10-18 16:09:57.05+00	\N
566	3	Hari	172.18.0.1	2025-10-18 16:10:00.352+00	\N
567	3	Hari	172.18.0.1	2025-10-18 16:10:02.853+00	\N
568	3	Hari	172.18.0.1	2025-10-18 16:10:12.404+00	\N
569	3	Hari	172.18.0.1	2025-10-18 16:10:17.768+00	\N
570	3	Hari	172.18.0.1	2025-10-18 16:10:18.863+00	\N
571	3	Hari	172.18.0.1	2025-10-18 16:10:24.883+00	\N
572	3	Hari	172.18.0.1	2025-10-18 16:10:34.862+00	2025-10-18 16:10:38.27+00
573	2	Virtual24	172.18.0.1	2025-10-18 16:11:12.86+00	\N
574	2	Virtual24	172.18.0.1	2025-10-18 16:11:12.866+00	\N
575	2	Virtual24	172.18.0.1	2025-10-18 16:11:24.101+00	\N
576	2	Virtual24	172.18.0.1	2025-10-18 16:11:27.693+00	\N
577	2	Virtual24	172.18.0.1	2025-10-18 16:11:29.849+00	\N
578	2	Virtual24	172.18.0.1	2025-10-18 16:11:45.216+00	\N
579	2	Virtual24	172.18.0.1	2025-10-18 16:12:16.702+00	\N
580	2	Virtual24	172.18.0.1	2025-10-18 16:12:23.71+00	\N
581	2	Virtual24	172.18.0.1	2025-10-18 16:12:30.61+00	\N
582	2	Virtual24	172.18.0.1	2025-10-18 16:12:31.191+00	\N
583	2	Virtual24	172.18.0.1	2025-10-18 16:12:35.408+00	\N
584	2	Virtual24	172.18.0.1	2025-10-18 16:12:48.894+00	\N
585	2	Virtual24	172.18.0.1	2025-10-18 16:13:15+00	\N
586	2	Virtual24	172.18.0.1	2025-10-18 16:13:20.102+00	\N
587	2	Virtual24	172.18.0.1	2025-10-18 16:13:24.295+00	\N
588	2	Virtual24	172.18.0.1	2025-10-18 16:13:38.152+00	\N
589	2	Virtual24	172.18.0.1	2025-10-18 16:13:54.948+00	\N
590	2	Virtual24	172.18.0.1	2025-10-18 16:14:19.161+00	\N
591	2	Virtual24	172.18.0.1	2025-10-18 16:14:24.442+00	\N
592	2	Virtual24	172.18.0.1	2025-10-18 16:15:04.617+00	\N
593	2	Virtual24	172.18.0.1	2025-10-18 16:15:04.67+00	\N
594	2	Virtual24	172.18.0.1	2025-10-18 16:15:07.989+00	\N
595	2	Virtual24	172.18.0.1	2025-10-18 16:15:36.58+00	\N
596	2	Virtual24	172.18.0.1	2025-10-18 16:15:36.594+00	\N
597	3	Hari	172.18.0.1	2025-10-18 16:16:51.293+00	\N
599	2	Virtual24	172.18.0.1	2025-10-18 16:17:29.886+00	\N
600	2	Virtual24	172.18.0.1	2025-10-18 16:17:57.531+00	\N
601	2	Virtual24	172.18.0.1	2025-10-18 16:18:14.537+00	\N
602	2	Virtual24	172.18.0.1	2025-10-18 16:18:52.064+00	2025-10-18 16:18:56.526+00
603	2	Virtual24	172.18.0.1	2025-10-18 16:19:54.997+00	\N
604	2	Virtual24	172.18.0.1	2025-10-18 16:20:09.621+00	\N
605	2	Virtual24	172.18.0.1	2025-10-18 16:21:53.396+00	\N
611	2	Virtual24	172.18.0.1	2025-10-18 16:23:06.028+00	\N
614	2	Virtual24	172.18.0.1	2025-10-18 16:23:53.68+00	\N
618	2	Virtual24	172.18.0.1	2025-10-18 16:27:20.063+00	\N
619	2	Virtual24	172.18.0.1	2025-10-18 16:27:56.179+00	\N
621	3	Hari	172.18.0.1	2025-10-18 16:41:03.505+00	\N
630	3	Hari	172.18.0.1	2025-10-18 16:50:45.096+00	\N
649	3	Hari	172.18.0.1	2025-10-18 17:31:58.108+00	\N
650	3	Hari	172.18.0.1	2025-10-18 17:31:59.922+00	\N
653	3	Hari	172.18.0.1	2025-10-18 17:32:03.801+00	\N
657	3	Hari	172.18.0.1	2025-10-18 17:32:14.546+00	\N
661	3	Hari	172.18.0.1	2025-10-18 17:35:47.541+00	\N
664	3	Hari	172.18.0.1	2025-10-18 17:35:58.301+00	\N
606	2	Virtual24	172.18.0.1	2025-10-18 16:21:57.063+00	\N
609	3	Hari	172.18.0.1	2025-10-18 16:22:48.033+00	\N
631	3	Hari	172.18.0.1	2025-10-18 16:50:45.678+00	\N
632	3	Hari	172.18.0.1	2025-10-18 16:51:01.845+00	\N
633	3	Hari	172.18.0.1	2025-10-18 16:51:17.404+00	\N
635	3	Hari	172.18.0.1	2025-10-18 16:51:32.967+00	\N
636	3	Hari	172.18.0.1	2025-10-18 16:51:48.531+00	\N
637	3	Hari	172.18.0.1	2025-10-18 16:52:04.877+00	\N
638	3	Hari	172.18.0.1	2025-10-18 16:52:20.848+00	\N
639	3	Hari	172.18.0.1	2025-10-18 16:52:36.85+00	\N
640	3	Hari	172.18.0.1	2025-10-18 16:52:52.845+00	\N
641	3	Hari	172.18.0.1	2025-10-18 17:00:09.234+00	\N
642	3	Hari	172.18.0.1	2025-10-18 17:00:24.8+00	\N
598	3	Hari	172.18.0.1	2025-10-18 16:16:51.311+00	2025-10-18 17:17:01.271+00
644	3	Hari	172.18.0.1	2025-10-18 17:31:04.671+00	\N
645	3	Hari	172.18.0.1	2025-10-18 17:31:10.972+00	\N
651	3	Hari	172.18.0.1	2025-10-18 17:32:01.244+00	\N
654	3	Hari	172.18.0.1	2025-10-18 17:32:04.393+00	\N
607	2	Virtual24	172.18.0.1	2025-10-18 16:22:17.526+00	2025-10-18 16:22:28.05+00
620	3	Hari	172.18.0.1	2025-10-18 16:41:03.5+00	\N
626	3	Hari	172.18.0.1	2025-10-18 16:48:59.657+00	\N
627	3	Hari	172.18.0.1	2025-10-18 16:49:10.221+00	\N
634	3	Hari	172.18.0.1	2025-10-18 16:51:32.37+00	\N
617	3	Hari	172.18.0.1	2025-10-18 16:26:35.653+00	2025-10-18 17:27:01.249+00
652	3	Hari	172.18.0.1	2025-10-18 17:32:01.447+00	\N
655	3	Hari	172.18.0.1	2025-10-18 17:32:06.054+00	\N
656	3	Hari	172.18.0.1	2025-10-18 17:32:08.207+00	\N
658	3	Hari	172.18.0.1	2025-10-18 17:32:15.121+00	\N
663	3	Hari	172.18.0.1	2025-10-18 17:35:54.188+00	\N
666	3	Hari	172.18.0.1	2025-10-18 17:36:02.702+00	\N
608	3	Hari	172.18.0.1	2025-10-18 16:22:48.02+00	\N
610	3	Hari	172.18.0.1	2025-10-18 16:23:02.535+00	\N
622	3	Hari	172.18.0.1	2025-10-18 16:43:15.466+00	\N
623	3	Hari	172.18.0.1	2025-10-18 16:43:18.08+00	\N
624	3	Hari	172.18.0.1	2025-10-18 16:43:23.685+00	\N
625	3	Hari	172.18.0.1	2025-10-18 16:48:54.985+00	\N
628	3	Hari	172.18.0.1	2025-10-18 16:50:22.186+00	\N
643	3	Hari	172.18.0.1	2025-10-18 17:00:58.236+00	\N
646	3	Hari	172.18.0.1	2025-10-18 17:31:17.45+00	\N
659	3	Hari	172.18.0.1	2025-10-18 17:32:32.059+00	\N
660	3	Hari	172.18.0.1	2025-10-18 17:35:15.565+00	\N
612	2	Virtual24	172.18.0.1	2025-10-18 16:23:47.074+00	\N
613	2	Virtual24	172.18.0.1	2025-10-18 16:23:53.569+00	\N
615	2	Virtual24	172.18.0.1	2025-10-18 16:23:55.349+00	\N
616	2	Virtual24	172.18.0.1	2025-10-18 16:24:06.087+00	\N
629	3	Hari	172.18.0.1	2025-10-18 16:50:35.404+00	\N
647	3	Hari	172.18.0.1	2025-10-18 17:31:39.21+00	\N
648	3	Hari	172.18.0.1	2025-10-18 17:31:55.113+00	\N
662	3	Hari	172.18.0.1	2025-10-18 17:35:52.895+00	\N
665	3	Hari	172.18.0.1	2025-10-18 17:35:58.892+00	\N
667	3	Hari	172.18.0.1	2025-10-18 17:40:47.689+00	\N
668	3	Hari	172.18.0.1	2025-10-18 17:40:47.716+00	\N
669	3	Hari	172.18.0.1	2025-10-18 17:41:13.818+00	\N
670	3	Hari	172.18.0.1	2025-10-18 17:41:14.458+00	\N
671	3	Hari	172.18.0.1	2025-10-18 17:41:27.344+00	\N
672	2	Virtual24	172.18.0.1	2025-10-18 17:43:48.895+00	\N
674	3	Hari	172.18.0.1	2025-10-18 17:48:53.323+00	\N
675	3	Hari	172.18.0.1	2025-10-18 17:48:57.561+00	\N
676	3	Hari	172.18.0.1	2025-10-18 17:51:02.988+00	\N
673	2	Virtual24	172.18.0.1	2025-10-18 17:43:48.913+00	2025-10-18 18:44:15.816+00
677	3	Hari	172.18.0.1	2025-10-18 17:51:44.289+00	2025-10-18 18:52:15.726+00
678	2	Virtual24	172.18.0.1	2025-10-18 19:20:17.36+00	\N
679	2	Virtual24	172.18.0.1	2025-10-18 19:20:17.367+00	\N
680	2	Virtual24	172.18.0.1	2025-10-18 19:20:20.813+00	\N
681	2	Virtual24	172.18.0.1	2025-10-18 19:21:12.656+00	\N
682	2	Virtual24	172.18.0.1	2025-10-18 19:51:41.432+00	\N
683	2	Virtual24	172.18.0.1	2025-10-18 19:51:58.734+00	\N
684	2	Virtual24	172.18.0.1	2025-10-18 19:52:00.741+00	\N
685	2	Virtual24	172.18.0.1	2025-10-18 19:52:06.356+00	\N
686	2	Virtual24	172.18.0.1	2025-10-18 19:52:10.098+00	\N
687	2	Virtual24	172.18.0.1	2025-10-18 19:52:13.883+00	\N
688	2	Virtual24	172.18.0.1	2025-10-18 19:52:20.235+00	\N
689	2	Virtual24	172.18.0.1	2025-10-18 19:52:40.962+00	\N
690	2	Virtual24	172.18.0.1	2025-10-18 19:52:45.013+00	\N
691	2	Virtual24	172.18.0.1	2025-10-18 19:52:53.166+00	\N
692	2	Virtual24	172.18.0.1	2025-10-18 19:53:09.54+00	\N
693	2	Virtual24	172.18.0.1	2025-10-18 19:53:11.686+00	\N
694	2	Virtual24	172.18.0.1	2025-10-18 19:53:15.032+00	2025-10-18 20:35:46.515+00
695	2	Virtual24	172.18.0.1	2025-10-18 20:47:51.712+00	\N
696	2	Virtual24	172.18.0.1	2025-10-18 20:47:51.721+00	\N
697	2	Virtual24	172.18.0.1	2025-10-18 20:47:56.498+00	\N
698	2	Virtual24	172.18.0.1	2025-10-18 20:47:58.708+00	\N
699	2	Virtual24	172.18.0.1	2025-10-18 20:48:00.228+00	\N
700	2	Virtual24	172.18.0.1	2025-10-18 20:48:03.785+00	\N
701	2	Virtual24	172.18.0.1	2025-10-18 20:48:07.36+00	\N
702	2	Virtual24	172.18.0.1	2025-10-18 20:48:08.878+00	\N
703	2	Virtual24	172.18.0.1	2025-10-18 20:48:09.931+00	\N
704	2	Virtual24	172.18.0.1	2025-10-18 20:48:11.069+00	\N
705	2	Virtual24	172.18.0.1	2025-10-18 20:48:13.293+00	\N
706	2	Virtual24	172.18.0.1	2025-10-18 20:48:29.196+00	\N
707	2	Virtual24	172.18.0.1	2025-10-18 20:48:31.92+00	\N
708	2	Virtual24	172.18.0.1	2025-10-18 20:48:33.063+00	\N
709	2	Virtual24	172.18.0.1	2025-10-18 20:48:33.973+00	\N
710	2	Virtual24	172.18.0.1	2025-10-18 20:48:34.921+00	\N
711	2	Virtual24	172.18.0.1	2025-10-18 20:52:31.71+00	\N
712	2	Virtual24	172.18.0.1	2025-10-18 20:52:49.812+00	\N
713	2	Virtual24	172.18.0.1	2025-10-18 20:52:51.947+00	\N
714	2	Virtual24	172.18.0.1	2025-10-18 20:52:54.33+00	\N
715	2	Virtual24	172.18.0.1	2025-10-18 20:52:57.502+00	\N
716	2	Virtual24	172.18.0.1	2025-10-18 20:52:59.169+00	\N
717	2	Virtual24	172.18.0.1	2025-10-18 20:53:03.26+00	\N
718	2	Virtual24	172.18.0.1	2025-10-18 20:53:07.364+00	\N
719	2	Virtual24	172.18.0.1	2025-10-19 07:46:56.956+00	\N
721	3	Hari	172.18.0.1	2025-10-19 07:47:43.93+00	\N
722	3	Hari	172.18.0.1	2025-10-19 07:47:44.23+00	\N
723	3	Hari	172.18.0.1	2025-10-19 07:48:07.882+00	\N
724	3	Hari	172.18.0.1	2025-10-19 07:51:56.928+00	\N
725	3	Hari	172.18.0.1	2025-10-19 07:51:59.767+00	\N
726	3	Hari	172.18.0.1	2025-10-19 07:52:30.991+00	\N
727	3	Hari	172.18.0.1	2025-10-19 07:52:39.763+00	\N
728	3	Hari	172.18.0.1	2025-10-19 07:54:26.669+00	\N
729	3	Hari	172.18.0.1	2025-10-19 07:54:52.824+00	\N
730	3	Hari	172.18.0.1	2025-10-19 07:55:10.744+00	\N
731	3	Hari	172.18.0.1	2025-10-19 07:55:12.634+00	\N
732	3	Hari	172.18.0.1	2025-10-19 07:55:52.702+00	\N
734	2	Virtual24	172.18.0.1	2025-10-19 08:19:39.347+00	\N
735	2	Virtual24	172.18.0.1	2025-10-19 08:19:39.408+00	\N
736	2	Virtual24	172.18.0.1	2025-10-19 08:19:43.133+00	\N
737	2	Virtual24	172.18.0.1	2025-10-19 08:19:48.367+00	\N
738	2	Virtual24	172.18.0.1	2025-10-19 08:19:50.868+00	\N
739	2	Virtual24	172.18.0.1	2025-10-19 08:19:54.524+00	\N
740	2	Virtual24	172.18.0.1	2025-10-19 08:20:16.887+00	\N
741	2	Virtual24	172.18.0.1	2025-10-19 08:20:20.132+00	\N
742	2	Virtual24	172.18.0.1	2025-10-19 08:20:22.55+00	\N
743	2	Virtual24	172.18.0.1	2025-10-19 08:20:44.673+00	\N
744	2	Virtual24	172.18.0.1	2025-10-19 08:20:46.457+00	\N
745	2	Virtual24	172.18.0.1	2025-10-19 08:20:47.593+00	\N
746	2	Virtual24	172.18.0.1	2025-10-19 08:20:49.018+00	\N
747	2	Virtual24	172.18.0.1	2025-10-19 08:20:50.527+00	\N
720	2	Virtual24	172.18.0.1	2025-10-19 07:46:57.028+00	2025-10-19 08:47:50.661+00
733	3	Hari	172.18.0.1	2025-10-19 07:56:01.128+00	2025-10-19 09:07:50.553+00
748	2	Virtual24	172.18.0.1	2025-10-19 08:20:52.61+00	2025-10-19 09:21:50.473+00
749	2	Virtual24	172.18.0.1	2025-10-19 15:23:49.907+00	\N
750	2	Virtual24	172.18.0.1	2025-10-19 15:23:49.95+00	\N
751	2	Virtual24	172.18.0.1	2025-10-19 15:24:01.286+00	\N
752	2	Virtual24	172.18.0.1	2025-10-19 15:24:03.354+00	\N
753	2	Virtual24	172.18.0.1	2025-10-19 15:24:18.07+00	2025-10-19 15:25:05.644+00
754	3	Hari	172.18.0.1	2025-10-19 15:36:42.78+00	\N
755	3	Hari	172.18.0.1	2025-10-19 15:36:43.121+00	\N
756	3	Hari	172.18.0.1	2025-10-19 15:36:46.169+00	\N
757	3	Hari	172.18.0.1	2025-10-19 15:36:49.41+00	\N
758	3	Hari	172.18.0.1	2025-10-19 15:37:07.306+00	\N
759	3	Hari	172.18.0.1	2025-10-19 15:38:04.368+00	\N
760	3	Hari	172.18.0.1	2025-10-19 15:38:07.478+00	\N
761	3	Hari	172.18.0.1	2025-10-19 15:38:10.026+00	\N
762	3	Hari	172.18.0.1	2025-10-19 16:45:05.282+00	\N
763	3	Hari	172.18.0.1	2025-10-19 16:45:08.972+00	\N
764	3	Hari	172.18.0.1	2025-10-19 18:43:27.793+00	\N
765	3	Hari	172.18.0.1	2025-10-19 18:43:27.849+00	\N
766	3	Hari	172.18.0.1	2025-10-19 18:43:32.805+00	\N
767	3	Hari	172.18.0.1	2025-10-19 18:44:05.739+00	\N
768	3	Hari	172.18.0.1	2025-10-19 18:44:09.831+00	\N
769	3	Hari	172.18.0.1	2025-10-19 18:44:31.455+00	\N
770	3	Hari	172.18.0.1	2025-10-19 18:45:28.178+00	\N
771	3	Hari	172.18.0.1	2025-10-19 18:45:56.166+00	\N
772	3	Hari	172.18.0.1	2025-10-19 18:46:02.983+00	\N
773	3	Hari	172.18.0.1	2025-10-19 18:46:05.197+00	\N
774	3	Hari	172.18.0.1	2025-10-19 18:46:10.122+00	\N
775	3	Hari	172.18.0.1	2025-10-19 18:49:17.829+00	\N
776	3	Hari	172.18.0.1	2025-10-19 18:49:23.562+00	\N
777	3	Hari	172.18.0.1	2025-10-19 18:49:28.356+00	\N
778	3	Hari	172.18.0.1	2025-10-19 18:50:05.67+00	\N
779	3	Hari	172.18.0.1	2025-10-19 18:50:11.567+00	\N
780	3	Hari	172.18.0.1	2025-10-19 18:50:17.87+00	\N
781	3	Hari	172.18.0.1	2025-10-19 18:50:21.484+00	\N
782	3	Hari	172.18.0.1	2025-10-19 18:50:23.108+00	\N
783	3	Hari	172.18.0.1	2025-10-19 18:50:25.304+00	\N
784	3	Hari	172.18.0.1	2025-10-19 18:50:28.283+00	\N
787	3	Hari	172.18.0.1	2025-10-19 18:50:47.689+00	\N
792	3	Hari	172.18.0.1	2025-10-19 18:51:42.542+00	\N
794	3	Hari	172.18.0.1	2025-10-19 18:51:46.995+00	\N
797	3	Hari	172.18.0.1	2025-10-19 18:52:18.39+00	\N
799	3	Hari	172.18.0.1	2025-10-19 18:52:49.483+00	\N
802	3	Hari	172.18.0.1	2025-10-19 18:53:36.158+00	\N
804	3	Hari	172.18.0.1	2025-10-19 18:53:45.508+00	\N
806	3	Hari	172.18.0.1	2025-10-19 18:54:16.574+00	\N
808	3	Hari	172.18.0.1	2025-10-19 18:54:48.421+00	\N
810	3	Hari	172.18.0.1	2025-10-19 18:55:19.473+00	\N
812	3	Hari	172.18.0.1	2025-10-19 18:55:50.695+00	\N
814	3	Hari	172.18.0.1	2025-10-19 18:56:21.839+00	\N
816	3	Hari	172.18.0.1	2025-10-19 18:56:53.406+00	\N
828	3	Hari	172.18.0.1	2025-10-19 19:00:00.082+00	\N
838	3	Hari	172.18.0.1	2025-10-19 19:02:41.808+00	\N
840	3	Hari	172.18.0.1	2025-10-19 19:02:47.753+00	\N
842	3	Hari	172.18.0.1	2025-10-19 19:04:50.724+00	\N
850	2	Virtual24	172.18.0.1	2025-10-19 20:07:13.921+00	\N
853	2	Virtual24	172.18.0.1	2025-10-19 20:07:25.049+00	\N
854	2	Virtual24	172.18.0.1	2025-10-19 20:07:28.908+00	\N
857	2	Virtual24	172.18.0.1	2025-10-19 20:07:44.332+00	\N
785	3	Hari	172.18.0.1	2025-10-19 18:50:41.238+00	\N
788	3	Hari	172.18.0.1	2025-10-19 18:50:48.247+00	\N
789	3	Hari	172.18.0.1	2025-10-19 18:50:56.726+00	\N
790	3	Hari	172.18.0.1	2025-10-19 18:51:06.553+00	\N
795	3	Hari	172.18.0.1	2025-10-19 18:52:02.282+00	\N
800	3	Hari	172.18.0.1	2025-10-19 18:53:05.029+00	\N
803	3	Hari	172.18.0.1	2025-10-19 18:53:44.902+00	\N
811	3	Hari	172.18.0.1	2025-10-19 18:55:35.114+00	\N
813	3	Hari	172.18.0.1	2025-10-19 18:56:06.261+00	\N
815	3	Hari	172.18.0.1	2025-10-19 18:56:37.872+00	\N
817	3	Hari	172.18.0.1	2025-10-19 18:57:08.969+00	\N
819	3	Hari	172.18.0.1	2025-10-19 18:57:40.067+00	\N
821	3	Hari	172.18.0.1	2025-10-19 18:58:11.183+00	\N
824	3	Hari	172.18.0.1	2025-10-19 18:58:57.871+00	\N
827	3	Hari	172.18.0.1	2025-10-19 18:59:44.564+00	\N
829	3	Hari	172.18.0.1	2025-10-19 19:00:15.637+00	\N
831	3	Hari	172.18.0.1	2025-10-19 19:00:42.946+00	\N
832	3	Hari	172.18.0.1	2025-10-19 19:00:49.107+00	\N
834	3	Hari	172.18.0.1	2025-10-19 19:01:21.014+00	\N
835	3	Hari	172.18.0.1	2025-10-19 19:01:23.687+00	\N
837	3	Hari	172.18.0.1	2025-10-19 19:02:32.119+00	\N
848	3	Hari	172.18.0.1	2025-10-19 19:44:11.717+00	\N
786	3	Hari	172.18.0.1	2025-10-19 18:50:44.938+00	\N
791	3	Hari	172.18.0.1	2025-10-19 18:51:38.431+00	\N
793	3	Hari	172.18.0.1	2025-10-19 18:51:46.459+00	\N
796	3	Hari	172.18.0.1	2025-10-19 18:52:02.876+00	\N
798	3	Hari	172.18.0.1	2025-10-19 18:52:33.942+00	\N
801	3	Hari	172.18.0.1	2025-10-19 18:53:20.582+00	\N
805	3	Hari	172.18.0.1	2025-10-19 18:54:01.03+00	\N
807	3	Hari	172.18.0.1	2025-10-19 18:54:32.867+00	\N
809	3	Hari	172.18.0.1	2025-10-19 18:55:03.948+00	\N
818	3	Hari	172.18.0.1	2025-10-19 18:57:24.53+00	\N
820	3	Hari	172.18.0.1	2025-10-19 18:57:55.604+00	\N
822	3	Hari	172.18.0.1	2025-10-19 18:58:26.722+00	\N
823	3	Hari	172.18.0.1	2025-10-19 18:58:42.299+00	\N
825	3	Hari	172.18.0.1	2025-10-19 18:59:13.462+00	\N
826	3	Hari	172.18.0.1	2025-10-19 18:59:28.995+00	\N
830	3	Hari	172.18.0.1	2025-10-19 19:00:31.175+00	\N
833	3	Hari	172.18.0.1	2025-10-19 19:01:16.724+00	\N
836	3	Hari	172.18.0.1	2025-10-19 19:01:58.304+00	\N
839	3	Hari	172.18.0.1	2025-10-19 19:02:45.554+00	\N
843	3	Hari	172.18.0.1	2025-10-19 19:04:51.037+00	\N
845	3	Hari	172.18.0.1	2025-10-19 19:05:15.971+00	\N
847	3	Hari	172.18.0.1	2025-10-19 19:44:11.409+00	\N
846	3	Hari	172.18.0.1	2025-10-19 19:07:00.464+00	2025-10-19 19:48:11.017+00
851	2	Virtual24	172.18.0.1	2025-10-19 20:07:13.975+00	\N
852	2	Virtual24	172.18.0.1	2025-10-19 20:07:20.367+00	\N
844	3	Hari	172.18.0.1	2025-10-19 19:04:55.021+00	2025-10-19 20:07:26.097+00
855	2	Virtual24	172.18.0.1	2025-10-19 20:07:31.175+00	\N
856	2	Virtual24	172.18.0.1	2025-10-19 20:07:34.17+00	\N
849	3	Hari	172.18.0.1	2025-10-19 19:44:16.164+00	2025-10-19 20:46:25.715+00
841	3	Hari	172.18.0.1	2025-10-19 19:04:26.595+00	2025-10-19 20:48:25.681+00
858	2	Virtual24	172.18.0.1	2025-10-19 20:07:50.262+00	2025-10-19 21:09:25.348+00
859	2	Virtual24	172.18.0.1	2025-10-20 03:36:31.601+00	\N
860	2	Virtual24	172.18.0.1	2025-10-20 03:36:31.669+00	\N
861	2	Virtual24	172.18.0.1	2025-10-20 03:36:36.645+00	\N
862	2	Virtual24	172.18.0.1	2025-10-20 03:36:51.338+00	\N
863	2	Virtual24	172.18.0.1	2025-10-20 03:36:54.706+00	\N
864	2	Virtual24	172.18.0.1	2025-10-20 03:36:56.001+00	\N
865	2	Virtual24	172.18.0.1	2025-10-20 03:37:01.55+00	\N
866	2	Virtual24	172.18.0.1	2025-10-20 03:37:04.941+00	\N
867	2	Virtual24	172.18.0.1	2025-10-20 03:37:07.749+00	\N
868	2	Virtual24	172.18.0.1	2025-10-20 03:37:09.722+00	\N
869	2	Virtual24	172.18.0.1	2025-10-20 03:37:19.052+00	\N
870	2	Virtual24	172.18.0.1	2025-10-20 03:46:53.201+00	\N
871	2	Virtual24	172.18.0.1	2025-10-20 03:46:59.386+00	\N
872	2	Virtual24	172.18.0.1	2025-10-20 03:47:00.957+00	\N
873	2	Virtual24	172.18.0.1	2025-10-20 03:47:11.05+00	\N
874	2	Virtual24	172.18.0.1	2025-10-20 03:47:47.497+00	\N
875	2	Virtual24	172.18.0.1	2025-10-20 03:47:52.383+00	\N
876	2	Virtual24	172.18.0.1	2025-10-20 03:47:59.705+00	\N
877	2	Virtual24	172.18.0.1	2025-10-20 03:48:20.608+00	\N
878	2	Virtual24	172.18.0.1	2025-10-20 03:48:27.103+00	2025-10-20 03:48:49.456+00
879	3	Hari	172.18.0.1	2025-10-21 13:26:56.706+00	\N
880	3	Hari	172.18.0.1	2025-10-21 13:26:57.027+00	\N
881	3	Hari	172.18.0.1	2025-10-21 13:27:02.386+00	\N
882	3	Hari	172.18.0.1	2025-10-21 13:30:48.231+00	\N
883	3	Hari	172.18.0.1	2025-10-21 13:30:50.643+00	\N
884	3	Hari	172.18.0.1	2025-10-21 13:30:54.139+00	2025-10-21 13:31:05.137+00
885	3	Hari	172.18.0.1	2025-10-21 13:31:21.31+00	\N
886	3	Hari	172.18.0.1	2025-10-21 13:31:21.643+00	\N
887	3	Hari	172.18.0.1	2025-10-21 13:31:28.545+00	\N
888	3	Hari	172.18.0.1	2025-10-21 13:32:07.862+00	\N
889	3	Hari	172.18.0.1	2025-10-21 13:32:10.726+00	\N
890	3	Hari	172.18.0.1	2025-10-21 13:32:14.92+00	\N
891	3	Hari	172.18.0.1	2025-10-21 13:32:17.323+00	\N
892	3	Hari	172.18.0.1	2025-10-21 13:32:41.635+00	\N
893	3	Hari	172.18.0.1	2025-10-21 13:33:11.458+00	\N
894	3	Hari	172.18.0.1	2025-10-21 13:33:21.285+00	\N
895	3	Hari	172.18.0.1	2025-10-21 13:33:47.714+00	\N
896	3	Hari	172.18.0.1	2025-10-21 13:33:50.584+00	\N
897	3	Hari	172.18.0.1	2025-10-21 13:33:52.514+00	\N
898	3	Hari	172.18.0.1	2025-10-21 13:43:57.598+00	\N
899	3	Hari	172.18.0.1	2025-10-21 13:44:02.093+00	\N
900	3	Hari	172.18.0.1	2025-10-21 13:44:05.594+00	\N
901	3	Hari	172.18.0.1	2025-10-21 13:44:09.045+00	\N
902	3	Hari	172.18.0.1	2025-10-21 13:44:52.824+00	\N
903	3	Hari	172.18.0.1	2025-10-21 13:44:59.08+00	\N
904	3	Hari	172.18.0.1	2025-10-21 13:48:45.147+00	\N
905	3	Hari	172.18.0.1	2025-10-21 13:48:54.938+00	\N
906	3	Hari	172.18.0.1	2025-10-21 13:49:21.102+00	\N
907	3	Hari	172.18.0.1	2025-10-21 13:49:23.449+00	\N
908	3	Hari	172.18.0.1	2025-10-21 13:49:31.85+00	\N
909	3	Hari	172.18.0.1	2025-10-21 13:49:38.806+00	\N
910	3	Hari	172.18.0.1	2025-10-21 13:50:36.486+00	\N
911	3	Hari	172.18.0.1	2025-10-21 13:54:07.085+00	\N
912	3	Hari	172.18.0.1	2025-10-21 13:54:39.411+00	\N
913	3	Hari	172.18.0.1	2025-10-21 13:54:59.354+00	\N
914	3	Hari	172.18.0.1	2025-10-21 13:55:51.264+00	\N
915	3	Hari	172.18.0.1	2025-10-21 13:55:53.844+00	\N
916	3	Hari	172.18.0.1	2025-10-21 13:57:21.164+00	\N
917	3	Hari	172.18.0.1	2025-10-21 13:57:23.956+00	\N
918	3	Hari	172.18.0.1	2025-10-21 13:57:28.052+00	\N
919	3	Hari	172.18.0.1	2025-10-21 13:57:58.018+00	\N
920	3	Hari	172.18.0.1	2025-10-21 13:58:04.537+00	\N
921	3	Hari	172.18.0.1	2025-10-21 13:58:06.622+00	\N
922	3	Hari	172.18.0.1	2025-10-21 13:58:25.385+00	\N
923	3	Hari	172.18.0.1	2025-10-21 13:58:27.203+00	\N
924	3	Hari	172.18.0.1	2025-10-21 13:58:31.907+00	\N
925	3	Hari	172.18.0.1	2025-10-21 13:58:43.618+00	\N
926	3	Hari	172.18.0.1	2025-10-21 13:59:00.26+00	\N
927	3	Hari	172.18.0.1	2025-10-21 14:04:54.601+00	\N
928	3	Hari	172.18.0.1	2025-10-21 14:04:57.454+00	\N
929	3	Hari	172.18.0.1	2025-10-21 14:05:04.064+00	\N
930	3	Hari	172.18.0.1	2025-10-21 14:05:06.149+00	\N
931	3	Hari	172.18.0.1	2025-10-21 14:05:10.222+00	\N
932	3	Hari	172.18.0.1	2025-10-21 14:07:11.789+00	\N
933	3	Hari	172.18.0.1	2025-10-21 14:07:29.98+00	\N
934	3	Hari	172.18.0.1	2025-10-21 14:07:31.604+00	\N
935	3	Hari	172.18.0.1	2025-10-21 14:07:48.219+00	\N
936	3	Hari	172.18.0.1	2025-10-21 14:07:49.619+00	\N
937	3	Hari	172.18.0.1	2025-10-21 14:07:52.888+00	\N
938	3	Hari	172.18.0.1	2025-10-21 14:07:54.735+00	\N
939	3	Hari	172.18.0.1	2025-10-21 14:10:15.455+00	\N
940	3	Hari	172.18.0.1	2025-10-21 14:17:39.515+00	\N
941	3	Hari	172.18.0.1	2025-10-21 14:17:42.365+00	\N
942	3	Hari	172.18.0.1	2025-10-21 14:17:44.074+00	\N
943	3	Hari	172.18.0.1	2025-10-21 14:19:59.515+00	\N
944	3	Hari	172.18.0.1	2025-10-21 14:20:03.543+00	\N
945	3	Hari	172.18.0.1	2025-10-21 14:20:27.553+00	\N
946	3	Hari	172.18.0.1	2025-10-21 14:20:31.207+00	\N
947	3	Hari	172.18.0.1	2025-10-21 14:20:32.728+00	\N
948	3	Hari	172.18.0.1	2025-10-21 14:32:30.511+00	\N
949	3	Hari	172.18.0.1	2025-10-21 14:32:36+00	\N
950	3	Hari	172.18.0.1	2025-10-21 14:32:38.085+00	\N
951	3	Hari	172.18.0.1	2025-10-21 14:40:32.973+00	\N
952	3	Hari	172.18.0.1	2025-10-21 14:43:23.835+00	\N
953	3	Hari	172.18.0.1	2025-10-21 14:54:26.38+00	\N
954	3	Hari	172.18.0.1	2025-10-21 14:54:30.825+00	\N
955	3	Hari	172.18.0.1	2025-10-21 14:55:04.889+00	\N
956	3	Hari	172.18.0.1	2025-10-21 14:55:14.437+00	\N
957	3	Hari	172.18.0.1	2025-10-21 14:55:16.635+00	\N
958	3	Hari	172.18.0.1	2025-10-21 14:55:17.545+00	\N
959	3	Hari	172.18.0.1	2025-10-21 14:55:19.282+00	\N
962	3	Hari	172.18.0.1	2025-10-21 14:55:32.455+00	\N
970	3	Hari	172.18.0.1	2025-10-21 14:58:34.976+00	\N
974	3	Hari	172.18.0.1	2025-10-21 14:59:36.306+00	2025-10-21 16:12:19.782+00
960	3	Hari	172.18.0.1	2025-10-21 14:55:22.016+00	\N
961	3	Hari	172.18.0.1	2025-10-21 14:55:31.436+00	\N
964	3	Hari	172.18.0.1	2025-10-21 14:58:12.582+00	\N
967	3	Hari	172.18.0.1	2025-10-21 14:58:26.074+00	\N
971	3	Hari	172.18.0.1	2025-10-21 14:58:37.64+00	\N
963	3	Hari	172.18.0.1	2025-10-21 14:57:44.388+00	\N
966	3	Hari	172.18.0.1	2025-10-21 14:58:21.826+00	\N
969	3	Hari	172.18.0.1	2025-10-21 14:58:32.549+00	\N
973	3	Hari	172.18.0.1	2025-10-21 14:59:33.682+00	\N
965	3	Hari	172.18.0.1	2025-10-21 14:58:17.059+00	\N
968	3	Hari	172.18.0.1	2025-10-21 14:58:30.394+00	\N
972	3	Hari	172.18.0.1	2025-10-21 14:58:44.463+00	\N
975	3	Hari	172.18.0.1	2025-10-21 16:18:41.776+00	\N
976	3	Hari	172.18.0.1	2025-10-21 16:18:42.143+00	\N
977	3	Hari	172.18.0.1	2025-10-21 16:18:46.24+00	2025-10-21 16:35:04.658+00
978	2	Virtual24	172.18.0.1	2025-10-21 17:13:00.902+00	\N
979	2	Virtual24	172.18.0.1	2025-10-21 17:13:00.991+00	\N
980	2	Virtual24	172.18.0.1	2025-10-21 17:13:06.543+00	\N
981	2	Virtual24	172.18.0.1	2025-10-21 17:13:50.634+00	2025-10-21 18:14:35.379+00
982	2	Virtual24	172.18.0.1	2025-10-21 20:05:12.087+00	\N
983	2	Virtual24	172.18.0.1	2025-10-21 20:05:12.209+00	\N
984	2	Virtual24	172.18.0.1	2025-10-21 20:05:22.282+00	\N
985	2	Virtual24	172.18.0.1	2025-10-21 20:05:59.181+00	\N
986	2	Virtual24	172.18.0.1	2025-10-21 20:06:03.154+00	\N
987	2	Virtual24	172.18.0.1	2025-10-21 20:06:16.628+00	\N
988	2	Virtual24	172.18.0.1	2025-10-21 20:06:21.254+00	\N
989	2	Virtual24	172.18.0.1	2025-10-21 20:06:27.512+00	\N
990	2	Virtual24	172.18.0.1	2025-10-21 20:09:39.787+00	\N
991	2	Virtual24	172.18.0.1	2025-10-21 20:09:42.71+00	\N
992	2	Virtual24	172.18.0.1	2025-10-21 20:09:45.497+00	\N
993	2	Virtual24	172.18.0.1	2025-10-21 20:10:59.74+00	\N
994	2	Virtual24	172.18.0.1	2025-10-21 20:11:03.142+00	\N
995	2	Virtual24	172.18.0.1	2025-10-21 20:11:10.566+00	\N
996	2	Virtual24	172.18.0.1	2025-10-21 20:11:12.838+00	\N
997	2	Virtual24	172.18.0.1	2025-10-21 20:11:23.252+00	2025-10-21 20:11:26.928+00
998	3	Hari	172.18.0.1	2025-10-22 03:46:29.452+00	\N
999	3	Hari	172.18.0.1	2025-10-22 03:46:29.771+00	\N
1000	3	Hari	172.18.0.1	2025-10-22 03:46:33.015+00	\N
1001	3	Hari	172.18.0.1	2025-10-22 03:47:42.864+00	\N
1002	3	Hari	172.18.0.1	2025-10-22 03:47:47.515+00	\N
1003	3	Hari	172.18.0.1	2025-10-22 05:18:33.335+00	\N
1004	3	Hari	172.18.0.1	2025-10-22 05:18:40.551+00	2025-10-22 05:18:45.253+00
1005	3	Hari	172.18.0.1	2025-10-22 05:18:59.988+00	\N
1006	3	Hari	172.18.0.1	2025-10-22 05:19:00.34+00	\N
1007	3	Hari	172.18.0.1	2025-10-22 05:19:04.177+00	2025-10-22 05:42:03.367+00
1008	\N	hari@rhayzestudio.com	172.18.0.1	2025-10-22 08:48:56.351+00	\N
1009	\N	hari@rhayzestudio.com	172.18.0.1	2025-10-22 08:49:10.704+00	\N
1010	\N	hari@rhayzestudio.com	172.18.0.1	2025-10-22 08:49:11.154+00	\N
1011	\N	hari@rhayzestudio.com	172.18.0.1	2025-10-22 08:49:14.994+00	\N
1012	\N	hari@rhayzestudio.com	172.18.0.1	2025-10-22 08:49:17.889+00	2025-10-22 08:49:21.461+00
1013	\N	hari@rhayzestudio.com	172.18.0.1	2025-10-22 08:49:24.935+00	\N
1014	\N	hari@rhayzestudio.com	172.18.0.1	2025-10-22 08:50:17.449+00	\N
1015	\N	hari@rhayzestudio.com	172.18.0.1	2025-10-22 08:50:22.572+00	\N
1016	\N	hari@rhayzestudio.com	172.18.0.1	2025-10-22 08:50:27.433+00	\N
1017	\N	hari@rhayzestudio.com	172.18.0.1	2025-10-22 08:50:31.45+00	\N
1019	\N	hari@rhayzestudio.com	172.18.0.1	2025-10-22 08:52:56.56+00	2025-10-22 08:53:01.554+00
1020	\N	hari@rhayzestudio.com	172.18.0.1	2025-10-22 08:53:07.544+00	\N
1021	\N	hari@rhayzestudio.com	172.18.0.1	2025-10-22 08:53:16.476+00	\N
1022	\N	hari@rhayzestudio.com	172.18.0.1	2025-10-22 08:53:16.478+00	\N
1023	\N	hari@rhayzestudio.com	172.18.0.1	2025-10-22 08:53:18.229+00	\N
1018	\N	hari@rhayzestudio.com	172.18.0.1	2025-10-22 08:51:38.535+00	2025-10-22 09:52:34.411+00
1024	\N	hari@rhayzestudio.com	172.18.0.1	2025-10-22 08:53:19.91+00	2025-10-22 09:53:34.398+00
1025	\N	hari@rhayzestudio.com	172.18.0.1	2025-10-22 18:05:49.387+00	\N
1026	\N	hari@rhayzestudio.com	172.18.0.1	2025-10-22 18:05:55.149+00	\N
1027	\N	hari@rhayzestudio.com	172.18.0.1	2025-10-22 18:05:55.158+00	2025-10-22 19:06:29.428+00
1028	\N	hari@rhayzestudio.com	172.18.0.1	2025-10-23 04:00:08.357+00	\N
1029	\N	hari@rhayzestudio.com	172.18.0.1	2025-10-23 04:05:14.885+00	\N
1030	\N	hari@rhayzestudio.com	172.18.0.1	2025-10-23 04:05:21.038+00	\N
1031	\N	hari@rhayzestudio.com	172.18.0.1	2025-10-23 04:05:23.285+00	\N
1034	\N	hari@rhayzestudio.com	172.18.0.1	2025-10-23 04:13:22.025+00	\N
1035	\N	hari@rhayzestudio.com	172.18.0.1	2025-10-23 04:13:31.722+00	\N
1037	\N	hari@rhayzestudio.com	172.18.0.1	2025-10-23 04:16:22.024+00	2025-10-23 04:16:29.211+00
1038	\N	hari@rhayzestudio.com	172.18.0.1	2025-10-23 04:16:32.676+00	\N
1040	\N	kamraann@rhayzestudio.com	172.18.0.1	2025-10-23 04:40:18.429+00	\N
1042	\N	hari@rhayzestudio.com	172.18.0.1	2025-10-23 04:44:10.547+00	\N
1044	\N	kamraann@rhayzestudio.com	172.18.0.1	2025-10-23 04:44:51.514+00	\N
1045	\N	kamraann@rhayzestudio.com	172.18.0.1	2025-10-23 04:44:55.739+00	\N
1041	\N	kamraann@rhayzestudio.com	172.18.0.1	2025-10-23 04:41:51.891+00	2025-10-23 04:46:04.68+00
1047	\N	kamraann@rhayzestudio.com	172.18.0.1	2025-10-23 04:48:02.531+00	\N
1048	\N	kamraann@rhayzestudio.com	172.18.0.1	2025-10-23 04:48:52.164+00	\N
1049	\N	kamraann@rhayzestudio.com	172.18.0.1	2025-10-23 04:48:52.164+00	\N
1043	\N	hari@rhayzestudio.com	172.18.0.1	2025-10-23 04:44:30.482+00	2025-10-23 04:50:16.266+00
1036	\N	hari@rhayzestudio.com	172.18.0.1	2025-10-23 04:14:13.918+00	2025-10-23 04:50:16.286+00
1039	\N	hari@rhayzestudio.com	172.18.0.1	2025-10-23 04:16:40.542+00	2025-10-23 04:50:16.289+00
1033	\N	kamraann@rhayzestudio.com	172.18.0.1	2025-10-23 04:10:12.775+00	2025-10-23 04:50:16.29+00
1050	\N	kamraann@rhayzestudio.com	172.18.0.1	2025-10-23 04:48:58.915+00	2025-10-23 04:50:16.291+00
1032	\N	hari@rhayzestudio.com	172.18.0.1	2025-10-23 04:05:25.209+00	2025-10-23 04:50:16.292+00
1046	\N	kamraann@rhayzestudio.com	172.18.0.1	2025-10-23 04:45:08.19+00	2025-10-23 04:50:16.294+00
1051	\N	kamraann@rhayzestudio.com	172.18.0.1	2025-10-23 05:00:34.331+00	2025-10-23 05:00:37.4+00
1052	2	Virtual24	172.18.0.1	2025-10-23 05:22:18.642+00	\N
1053	2	Virtual24	172.18.0.1	2025-10-23 05:22:18.974+00	\N
1054	2	Virtual24	172.18.0.1	2025-10-23 05:22:23.175+00	\N
1055	2	Virtual24	172.18.0.1	2025-10-23 05:22:25.132+00	\N
1056	2	Virtual24	172.18.0.1	2025-10-23 05:22:29.087+00	\N
1057	2	Virtual24	172.18.0.1	2025-10-23 05:22:30.591+00	\N
1058	2	Virtual24	172.18.0.1	2025-10-23 05:22:32.568+00	\N
1059	2	Virtual24	172.18.0.1	2025-10-23 05:22:34.179+00	\N
1060	2	Virtual24	172.18.0.1	2025-10-23 05:22:44.758+00	\N
1061	2	Virtual24	172.18.0.1	2025-10-23 05:26:49.792+00	\N
1062	2	Virtual24	172.18.0.1	2025-10-23 05:27:37.067+00	2025-10-23 05:29:25.917+00
1063	4	kamraann@rhayzestudio.com	172.18.0.1	2025-10-23 05:29:33.403+00	\N
1064	4	kamraann@rhayzestudio.com	172.18.0.1	2025-10-23 05:29:37.807+00	\N
1065	4	kamraann@rhayzestudio.com	172.18.0.1	2025-10-23 05:29:37.817+00	\N
1066	4	kamraann@rhayzestudio.com	172.18.0.1	2025-10-23 05:29:40.313+00	\N
1067	4	kamraann@rhayzestudio.com	172.18.0.1	2025-10-23 05:29:43.05+00	\N
1068	4	kamraann@rhayzestudio.com	172.18.0.1	2025-10-23 05:29:51.135+00	\N
1069	4	kamraann@rhayzestudio.com	172.18.0.1	2025-10-23 05:29:54.031+00	\N
1070	4	kamraann@rhayzestudio.com	172.18.0.1	2025-10-23 05:29:55.429+00	\N
1071	4	kamraann@rhayzestudio.com	172.18.0.1	2025-10-23 05:29:56.747+00	\N
1072	\N	hari@rhayzestudio.com	172.18.0.1	2025-10-23 05:30:09.642+00	\N
1073	\N	hari@rhayzestudio.com	172.18.0.1	2025-10-23 05:30:15.181+00	\N
1075	4	kamraann@rhayzestudio.com	172.18.0.1	2025-10-23 05:30:22.813+00	\N
1076	4	kamraann@rhayzestudio.com	172.18.0.1	2025-10-23 05:30:25.41+00	\N
1077	4	kamraann@rhayzestudio.com	172.18.0.1	2025-10-23 05:30:27.599+00	\N
1078	4	kamraann@rhayzestudio.com	172.18.0.1	2025-10-23 05:30:29.115+00	\N
1074	\N	hari@rhayzestudio.com	172.18.0.1	2025-10-23 05:30:16.739+00	2025-10-23 05:33:12.129+00
1079	4	kamraann@rhayzestudio.com	172.18.0.1	2025-10-23 05:30:30.296+00	2025-10-23 05:33:12.115+00
1082	4	kamraann@rhayzestudio.com	172.18.0.1	2025-10-23 05:33:30.712+00	\N
1083	4	kamraann@rhayzestudio.com	172.18.0.1	2025-10-23 05:33:33.159+00	\N
1084	4	kamraann@rhayzestudio.com	172.18.0.1	2025-10-23 05:33:36.365+00	\N
1085	4	kamraann@rhayzestudio.com	172.18.0.1	2025-10-23 05:33:36.368+00	\N
1086	4	kamraann@rhayzestudio.com	172.18.0.1	2025-10-23 05:33:38.471+00	\N
1080	4	kamraann@rhayzestudio.com	172.18.0.1	2025-10-23 05:33:19.74+00	2025-10-23 06:24:14.445+00
1087	4	kamraann@rhayzestudio.com	172.18.0.1	2025-10-23 05:33:41.134+00	2025-10-23 06:24:14.447+00
1088	4	kamraann@rhayzestudio.com	172.18.0.1	2025-10-23 15:10:09.841+00	\N
1089	4	kamraann@rhayzestudio.com	172.18.0.1	2025-10-23 15:10:17.412+00	\N
1090	4	kamraann@rhayzestudio.com	172.18.0.1	2025-10-23 15:10:17.416+00	\N
1095	4	kamraann@rhayzestudio.com	172.18.0.1	2025-10-23 15:12:41.098+00	\N
1096	4	kamraann@rhayzestudio.com	172.18.0.1	2025-10-23 15:12:45.924+00	\N
1097	4	kamraann@rhayzestudio.com	172.18.0.1	2025-10-23 15:12:45.924+00	\N
1098	4	kamraann@rhayzestudio.com	172.18.0.1	2025-10-23 15:12:48.033+00	\N
1099	4	kamraann@rhayzestudio.com	172.18.0.1	2025-10-23 15:12:52.135+00	\N
1081	\N	hari@rhayzestudio.com	172.18.0.1	2025-10-23 05:33:25.509+00	2025-10-23 06:24:14.418+00
1091	4	kamraann@rhayzestudio.com	172.18.0.1	2025-10-23 15:10:22.186+00	2025-10-23 15:15:25.108+00
1100	4	kamraann@rhayzestudio.com	172.18.0.1	2025-10-23 15:12:57.452+00	2025-10-23 15:15:25.119+00
1101	4	kamraann@rhayzestudio.com	172.18.0.1	2025-10-23 15:22:01.06+00	\N
1102	4	kamraann@rhayzestudio.com	172.18.0.1	2025-10-23 15:22:06.001+00	\N
1103	4	kamraann@rhayzestudio.com	172.18.0.1	2025-10-23 15:22:05.999+00	\N
1104	4	kamraann@rhayzestudio.com	172.18.0.1	2025-10-23 15:22:08.385+00	\N
1105	4	kamraann@rhayzestudio.com	172.18.0.1	2025-10-23 15:22:11.538+00	\N
1106	4	kamraann@rhayzestudio.com	172.18.0.1	2025-10-23 15:23:31.619+00	\N
1107	4	kamraann@rhayzestudio.com	172.18.0.1	2025-10-23 15:23:34.13+00	\N
1108	4	kamraann@rhayzestudio.com	172.18.0.1	2025-10-23 15:23:37.426+00	\N
1109	4	kamraann@rhayzestudio.com	172.18.0.1	2025-10-23 15:24:02.498+00	\N
1110	4	kamraann@rhayzestudio.com	172.18.0.1	2025-10-23 15:24:08.336+00	\N
1111	4	kamraann@rhayzestudio.com	172.18.0.1	2025-10-23 15:24:11.151+00	\N
1112	4	kamraann@rhayzestudio.com	172.18.0.1	2025-10-23 15:24:16.775+00	\N
1113	4	kamraann@rhayzestudio.com	172.18.0.1	2025-10-23 15:31:03.194+00	\N
1092	\N	harigenai@gmail.com	172.18.0.1	2025-10-23 15:10:47.511+00	\N
1093	\N	harigenai@gmail.com	172.18.0.1	2025-10-23 15:10:52.775+00	\N
1094	\N	harigenai@gmail.com	172.18.0.1	2025-10-23 15:10:52.844+00	2025-10-23 15:15:25.093+00
1114	4	kamraann@rhayzestudio.com	172.18.0.1	2025-10-23 15:31:07.735+00	2025-10-23 15:31:29.788+00
1116	8	Kamraann Rajaani	172.18.0.1	2025-10-23 15:41:17.015+00	\N
1117	8	Kamraann Rajaani	172.18.0.1	2025-10-23 15:41:22.235+00	\N
1118	8	Kamraann Rajaani	172.18.0.1	2025-10-23 15:41:22.236+00	\N
1115	7	Hari venkat	172.18.0.1	2025-10-23 15:39:53.191+00	2025-10-23 15:42:47.437+00
1119	8	Kamraann Rajaani	172.18.0.1	2025-10-23 15:41:35.789+00	2025-10-23 15:42:47.45+00
1120	2	Virtual24	172.18.0.1	2025-10-23 15:43:43.929+00	\N
1121	2	Virtual24	172.18.0.1	2025-10-23 15:43:44.223+00	\N
1122	2	Virtual24	172.18.0.1	2025-10-23 15:43:49.526+00	\N
1123	2	Virtual24	172.18.0.1	2025-10-23 15:43:51.971+00	\N
1124	2	Virtual24	172.18.0.1	2025-10-23 15:43:55.476+00	\N
1125	2	Virtual24	172.18.0.1	2025-10-23 15:43:59.203+00	\N
1126	2	Virtual24	172.18.0.1	2025-10-23 15:44:02.572+00	\N
1127	2	Virtual24	172.18.0.1	2025-10-23 15:44:29.603+00	\N
1128	2	Virtual24	172.18.0.1	2025-10-23 15:44:34.247+00	\N
1129	2	Virtual24	172.18.0.1	2025-10-23 15:44:37.966+00	\N
1130	2	Virtual24	172.18.0.1	2025-10-23 15:45:16.416+00	\N
1131	2	Virtual24	172.18.0.1	2025-10-23 15:48:27.165+00	\N
1132	2	Virtual24	172.18.0.1	2025-10-23 15:48:32.54+00	\N
1133	2	Virtual24	172.18.0.1	2025-10-23 15:48:36.604+00	\N
1134	2	Virtual24	172.18.0.1	2025-10-23 15:49:38.139+00	\N
1135	2	Virtual24	172.18.0.1	2025-10-23 15:49:48.382+00	\N
1136	2	Virtual24	172.18.0.1	2025-10-23 15:49:51.894+00	\N
1137	2	Virtual24	172.18.0.1	2025-10-23 15:50:07.955+00	\N
1138	2	Virtual24	172.18.0.1	2025-10-23 15:50:27.561+00	\N
1139	2	Virtual24	172.18.0.1	2025-10-23 15:50:56.389+00	\N
1140	2	Virtual24	172.18.0.1	2025-10-23 15:51:40.584+00	\N
1141	2	Virtual24	172.18.0.1	2025-10-23 15:52:18.154+00	\N
1142	2	Virtual24	172.18.0.1	2025-10-23 15:52:25.007+00	\N
1143	2	Virtual24	172.18.0.1	2025-10-23 15:52:37.601+00	2025-10-23 15:57:11.606+00
1144	8	Kamraann Rajaani	172.18.0.1	2025-10-23 15:57:17.214+00	2025-10-23 15:57:23.881+00
1145	8	Kamraann Rajaani	172.18.0.1	2025-10-23 15:57:26.772+00	\N
1146	8	Kamraann Rajaani	172.18.0.1	2025-10-23 15:58:04.25+00	\N
1147	8	Kamraann Rajaani	172.18.0.1	2025-10-23 15:58:22.071+00	\N
1148	8	Kamraann Rajaani	172.18.0.1	2025-10-23 15:58:22.071+00	\N
1149	8	Kamraann Rajaani	172.18.0.1	2025-10-23 15:58:39.765+00	\N
1150	8	Kamraann Rajaani	172.18.0.1	2025-10-23 15:59:11.335+00	\N
1151	8	Kamraann Rajaani	172.18.0.1	2025-10-23 15:59:23.306+00	\N
1152	8	Kamraann Rajaani	172.18.0.1	2025-10-23 15:59:29.968+00	\N
1153	8	Kamraann Rajaani	172.18.0.1	2025-10-23 15:59:33.307+00	\N
1154	8	Kamraann Rajaani	172.18.0.1	2025-10-23 15:59:38.876+00	\N
1155	8	Kamraann Rajaani	172.18.0.1	2025-10-23 16:00:26.451+00	\N
1156	8	Kamraann Rajaani	172.18.0.1	2025-10-23 16:00:29.503+00	\N
1157	8	Kamraann Rajaani	172.18.0.1	2025-10-23 16:00:58.922+00	\N
1158	7	Hari venkat	172.18.0.1	2025-10-23 16:01:09.244+00	\N
1159	7	Hari venkat	172.18.0.1	2025-10-23 16:01:13.434+00	\N
1160	7	Hari venkat	172.18.0.1	2025-10-23 16:01:13.438+00	\N
1161	7	Hari venkat	172.18.0.1	2025-10-23 16:01:15.226+00	\N
1162	7	Hari venkat	172.18.0.1	2025-10-23 16:01:17.139+00	\N
1163	8	Kamraann Rajaani	172.18.0.1	2025-10-23 16:01:24.863+00	\N
1164	8	Kamraann Rajaani	172.18.0.1	2025-10-23 16:01:27.192+00	\N
1165	8	Kamraann Rajaani	172.18.0.1	2025-10-23 16:01:29.12+00	\N
1166	8	Kamraann Rajaani	172.18.0.1	2025-10-23 16:01:47.614+00	\N
1167	7	Hari venkat	172.18.0.1	2025-10-23 16:01:52.994+00	\N
1168	7	Hari venkat	172.18.0.1	2025-10-23 16:01:55.334+00	\N
1169	7	Hari venkat	172.18.0.1	2025-10-23 16:02:00.229+00	\N
1170	7	Hari venkat	172.18.0.1	2025-10-23 16:02:02.79+00	\N
1171	8	Kamraann Rajaani	172.18.0.1	2025-10-23 16:02:12.26+00	\N
1172	8	Kamraann Rajaani	172.18.0.1	2025-10-23 16:02:23.19+00	\N
1173	7	Hari venkat	172.18.0.1	2025-10-23 16:02:27.112+00	\N
1174	7	Hari venkat	172.18.0.1	2025-10-23 16:02:32.256+00	\N
1175	7	Hari venkat	172.18.0.1	2025-10-23 16:02:37.946+00	\N
1177	8	Kamraann Rajaani	172.18.0.1	2025-10-23 16:04:31.653+00	\N
1178	8	Kamraann Rajaani	172.18.0.1	2025-10-23 16:04:33.825+00	\N
1176	\N	Hari Veera Venkat Pasapuleti	172.18.0.1	2025-10-23 16:03:51.851+00	2025-10-23 16:04:23.94+00
1179	8	Kamraann Rajaani	172.18.0.1	2025-10-23 16:04:38.894+00	\N
1180	10	Hari Veera Venkat Pasapuleti	172.18.0.1	2025-10-23 16:05:12.845+00	\N
1181	10	Hari Veera Venkat Pasapuleti	172.18.0.1	2025-10-23 16:05:29.016+00	\N
1182	10	Hari Veera Venkat Pasapuleti	172.18.0.1	2025-10-23 16:05:29.016+00	\N
1183	8	Kamraann Rajaani	172.18.0.1	2025-10-23 16:05:39.957+00	\N
1184	8	Kamraann Rajaani	172.18.0.1	2025-10-23 16:05:42.276+00	\N
1196	8	Kamraann Rajaani	172.18.0.1	2025-10-23 16:24:05.148+00	\N
1198	8	Kamraann Rajaani	172.18.0.1	2025-10-23 16:24:15.21+00	\N
1200	8	Kamraann Rajaani	172.18.0.1	2025-10-23 16:24:35.233+00	\N
1202	7	Hari venkat	172.18.0.1	2025-10-23 16:24:43.324+00	\N
1205	8	Kamraann Rajaani	172.18.0.1	2025-10-23 16:25:02.171+00	\N
1207	7	Hari venkat	172.18.0.1	2025-10-23 16:25:45.675+00	\N
1210	7	Hari venkat	172.18.0.1	2025-10-23 16:26:14.142+00	\N
1218	7	Hari venkat	172.18.0.1	2025-10-23 16:42:34.519+00	2025-10-23 16:42:39.17+00
1220	7	Hari venkat	172.18.0.1	2025-10-23 16:43:03.036+00	\N
1192	10	Hari Veera Venkat Pasapuleti	172.18.0.1	2025-10-23 16:06:46.135+00	2025-10-23 17:07:13.135+00
1225	8	Kamraann Rajaani	172.18.0.1	2025-10-23 17:58:25.935+00	\N
1233	8	Kamraann Rajaani	172.18.0.1	2025-10-23 18:48:57.599+00	2025-10-23 18:49:00.026+00
1227	8	Kamraann Rajaani	172.18.0.1	2025-10-23 18:28:35.124+00	2025-10-23 19:29:11.247+00
1190	10	Hari Veera Venkat Pasapuleti	172.18.0.1	2025-10-23 16:06:42.532+00	\N
1191	10	Hari Veera Venkat Pasapuleti	172.18.0.1	2025-10-23 16:06:45.603+00	\N
1197	8	Kamraann Rajaani	172.18.0.1	2025-10-23 16:24:12.349+00	\N
1203	7	Hari venkat	172.18.0.1	2025-10-23 16:24:46.158+00	\N
1211	8	Kamraann Rajaani	172.18.0.1	2025-10-23 16:26:19.342+00	\N
1216	7	Hari venkat	172.18.0.1	2025-10-23 16:34:53.497+00	\N
1185	8	Kamraann Rajaani	172.18.0.1	2025-10-23 16:06:07.318+00	2025-10-23 17:06:13.14+00
1226	8	Kamraann Rajaani	172.18.0.1	2025-10-23 17:58:34.198+00	\N
1228	8	Kamraann Rajaani	172.18.0.1	2025-10-23 18:47:36.888+00	2025-10-23 18:47:42.378+00
1229	8	Kamraann Rajaani	172.18.0.1	2025-10-23 18:47:47.437+00	2025-10-23 18:48:11.957+00
1232	8	Kamraann Rajaani	172.18.0.1	2025-10-23 18:48:32.789+00	2025-10-23 18:48:39.001+00
1235	7	Hari venkat	172.18.0.1	2025-10-24 04:22:49.461+00	\N
1237	7	Hari venkat	172.18.0.1	2025-10-24 05:59:24.011+00	\N
1239	8	Kamraann Rajaani	172.18.0.1	2025-10-24 06:03:14.16+00	\N
1241	8	Kamraann Rajaani	172.18.0.1	2025-10-24 06:03:16.364+00	\N
1186	10	Hari Veera Venkat Pasapuleti	172.18.0.1	2025-10-23 16:06:15.518+00	\N
1209	7	Hari venkat	172.18.0.1	2025-10-23 16:26:08.066+00	\N
1214	7	Hari venkat	172.18.0.1	2025-10-23 16:26:57.477+00	\N
1215	7	Hari venkat	172.18.0.1	2025-10-23 16:34:50.038+00	\N
1217	7	Hari venkat	172.18.0.1	2025-10-23 16:42:26.324+00	2025-10-23 16:42:29.964+00
1221	7	Hari venkat	172.18.0.1	2025-10-23 16:48:38.192+00	\N
1222	7	Hari venkat	172.18.0.1	2025-10-23 16:48:41.802+00	\N
1212	8	Kamraann Rajaani	172.18.0.1	2025-10-23 16:26:47.747+00	2025-10-23 17:27:13.046+00
1224	8	Kamraann Rajaani	172.18.0.1	2025-10-23 17:27:37.71+00	2025-10-23 18:28:11.692+00
1230	8	Kamraann Rajaani	172.18.0.1	2025-10-23 18:48:21.086+00	\N
1231	8	Kamraann Rajaani	172.18.0.1	2025-10-23 18:48:25.973+00	\N
1223	7	Hari venkat	172.18.0.1	2025-10-23 17:04:32.039+00	2025-10-23 19:47:11.091+00
1240	8	Kamraann Rajaani	172.18.0.1	2025-10-24 06:03:14.161+00	\N
1187	10	Hari Veera Venkat Pasapuleti	172.18.0.1	2025-10-23 16:06:18.729+00	\N
1188	10	Hari Veera Venkat Pasapuleti	172.18.0.1	2025-10-23 16:06:25.2+00	\N
1193	11	Sherry	172.18.0.1	2025-10-23 16:20:12.943+00	\N
1194	11	Sherry	172.18.0.1	2025-10-23 16:20:18.064+00	\N
1199	8	Kamraann Rajaani	172.18.0.1	2025-10-23 16:24:18.098+00	\N
1201	7	Hari venkat	172.18.0.1	2025-10-23 16:24:40.155+00	\N
1204	7	Hari venkat	172.18.0.1	2025-10-23 16:24:50.206+00	\N
1206	8	Kamraann Rajaani	172.18.0.1	2025-10-23 16:25:38.562+00	\N
1208	7	Hari venkat	172.18.0.1	2025-10-23 16:26:05.951+00	\N
1219	7	Hari venkat	172.18.0.1	2025-10-23 16:42:50.568+00	\N
1238	8	Kamraann Rajaani	172.18.0.1	2025-10-24 06:03:03.408+00	\N
1189	10	Hari Veera Venkat Pasapuleti	172.18.0.1	2025-10-23 16:06:42.185+00	\N
1213	7	Hari venkat	172.18.0.1	2025-10-23 16:26:52.656+00	\N
1195	11	Sherry	172.18.0.1	2025-10-23 16:20:20.194+00	2025-10-23 17:21:13.073+00
1234	7	Hari venkat	172.18.0.1	2025-10-24 04:22:45.411+00	\N
1236	7	Hari venkat	172.18.0.1	2025-10-24 05:10:46.609+00	\N
1242	8	Kamraann Rajaani	172.18.0.1	2025-10-24 06:05:02.946+00	\N
1244	7	Hari venkat	172.18.0.1	2025-10-24 06:13:32.12+00	\N
1245	7	Hari venkat	172.18.0.1	2025-10-24 06:13:35.87+00	\N
1246	7	Hari venkat	172.18.0.1	2025-10-24 06:13:44.469+00	\N
1247	7	Hari venkat	172.18.0.1	2025-10-24 06:13:44.485+00	\N
1248	7	Hari venkat	172.18.0.1	2025-10-24 06:13:46.355+00	\N
1249	7	Hari venkat	172.18.0.1	2025-10-24 06:13:47.666+00	\N
1250	7	Hari venkat	172.18.0.1	2025-10-24 06:13:48.813+00	\N
1243	8	Kamraann Rajaani	172.18.0.1	2025-10-24 06:05:16.094+00	2025-10-24 07:06:06.577+00
1251	7	Hari venkat	172.18.0.1	2025-10-24 06:13:50.726+00	2025-10-24 07:14:06.542+00
1252	7	Hari venkat	172.18.0.1	2025-10-24 12:52:58.992+00	2025-10-24 12:53:06.179+00
1253	7	Hari venkat	172.18.0.1	2025-10-24 12:53:09.1+00	2025-10-24 13:54:04.459+00
1254	7	Hari venkat	172.18.0.1	2025-10-24 15:42:46.834+00	\N
1255	7	Hari venkat	172.18.0.1	2025-10-24 15:43:04.563+00	\N
1256	7	Hari venkat	172.18.0.1	2025-10-24 15:43:10.48+00	\N
1257	7	Hari venkat	172.18.0.1	2025-10-24 15:49:48.035+00	\N
1258	7	Hari venkat	172.18.0.1	2025-10-24 15:49:50.843+00	\N
1259	7	Hari venkat	172.18.0.1	2025-10-24 17:34:53.084+00	\N
1260	7	Hari venkat	172.18.0.1	2025-10-24 17:37:09.505+00	\N
1261	7	Hari venkat	172.18.0.1	2025-10-24 17:44:25.493+00	\N
1262	7	Hari venkat	172.18.0.1	2025-10-24 18:43:06.334+00	\N
1263	7	Hari venkat	172.18.0.1	2025-10-24 18:43:12.036+00	\N
1264	7	Hari venkat	172.18.0.1	2025-10-24 18:43:55.429+00	\N
1265	7	Hari venkat	172.18.0.1	2025-10-24 18:44:03.971+00	\N
1266	7	Hari venkat	172.18.0.1	2025-10-24 18:44:06.345+00	\N
1267	7	Hari venkat	172.18.0.1	2025-10-24 18:44:13.725+00	\N
1268	7	Hari venkat	172.18.0.1	2025-10-24 18:44:16.241+00	\N
1269	7	Hari venkat	172.18.0.1	2025-10-24 18:44:17.373+00	\N
1270	7	Hari venkat	172.18.0.1	2025-10-24 18:48:09.344+00	\N
1271	7	Hari venkat	172.18.0.1	2025-10-24 18:48:11.828+00	2025-10-24 19:49:02.453+00
1272	7	Hari venkat	172.18.0.1	2025-10-25 07:24:33.881+00	\N
1273	7	Hari venkat	172.18.0.1	2025-10-25 07:24:50.574+00	\N
1274	7	Hari venkat	172.18.0.1	2025-10-25 07:24:50.591+00	\N
1275	7	Hari venkat	172.18.0.1	2025-10-25 07:24:52.568+00	\N
1276	7	Hari venkat	172.18.0.1	2025-10-25 07:24:54.728+00	\N
1277	7	Hari venkat	172.18.0.1	2025-10-25 07:25:06.484+00	\N
1278	7	Hari venkat	172.18.0.1	2025-10-25 07:25:09.474+00	\N
1279	7	Hari venkat	172.18.0.1	2025-10-25 07:25:19.943+00	\N
1280	7	Hari venkat	172.18.0.1	2025-10-25 07:25:21.784+00	\N
1281	7	Hari venkat	172.18.0.1	2025-10-25 07:25:22.995+00	\N
1282	7	Hari venkat	172.18.0.1	2025-10-25 07:25:24.632+00	\N
1283	7	Hari venkat	172.18.0.1	2025-10-25 07:25:27.363+00	\N
1284	7	Hari venkat	172.18.0.1	2025-10-25 07:25:30.031+00	\N
1285	7	Hari venkat	172.18.0.1	2025-10-25 07:25:32.057+00	\N
1286	7	Hari venkat	172.18.0.1	2025-10-25 07:25:40.81+00	\N
1287	7	Hari venkat	172.18.0.1	2025-10-25 07:25:45.224+00	2025-10-25 09:44:54.003+00
1288	7	Hari venkat	172.18.0.1	2025-10-25 09:45:52.274+00	2025-10-25 10:46:53.392+00
1289	7	Hari venkat	172.18.0.1	2025-10-25 13:45:47.494+00	\N
1290	7	Hari venkat	172.18.0.1	2025-10-25 13:45:51.554+00	\N
1291	7	Hari venkat	172.18.0.1	2025-10-25 13:54:55.265+00	\N
1292	7	Hari venkat	172.18.0.1	2025-10-25 13:55:00.271+00	2025-10-25 16:59:50.312+00
1293	7	Hari venkat	172.18.0.1	2025-10-25 17:24:51.96+00	\N
1294	7	Hari venkat	172.18.0.1	2025-10-25 17:24:56.624+00	2025-10-25 18:34:49.326+00
1295	7	Hari venkat	172.18.0.1	2025-10-25 18:37:46.789+00	\N
1296	7	Hari venkat	172.18.0.1	2025-10-25 18:38:05.111+00	\N
1297	7	Hari venkat	172.18.0.1	2025-10-25 18:38:07.732+00	\N
1298	7	Hari venkat	172.18.0.1	2025-10-25 18:38:10.66+00	\N
1299	7	Hari venkat	172.18.0.1	2025-10-25 18:38:10.678+00	\N
1300	7	Hari venkat	172.18.0.1	2025-10-25 18:38:12.452+00	\N
1301	7	Hari venkat	172.18.0.1	2025-10-25 18:38:31.733+00	\N
1302	7	Hari venkat	172.18.0.1	2025-10-25 18:38:34.764+00	\N
1303	7	Hari venkat	172.18.0.1	2025-10-25 18:38:38.098+00	\N
1304	7	Hari venkat	172.18.0.1	2025-10-25 18:39:08.13+00	\N
1305	7	Hari venkat	172.18.0.1	2025-10-25 18:39:10.221+00	\N
1306	7	Hari venkat	172.18.0.1	2025-10-25 18:39:10.598+00	\N
1307	7	Hari venkat	172.18.0.1	2025-10-25 18:54:42.96+00	\N
1308	7	Hari venkat	172.18.0.1	2025-10-25 18:54:45.533+00	\N
1309	7	Hari venkat	172.18.0.1	2025-10-25 18:54:52.083+00	\N
1310	7	Hari venkat	172.18.0.1	2025-10-25 18:54:54.906+00	\N
1311	7	Hari venkat	172.18.0.1	2025-10-25 18:54:58.652+00	\N
1312	7	Hari venkat	172.18.0.1	2025-10-25 18:55:00.546+00	2025-10-25 19:55:48.634+00
1313	8	Kamraann Rajaani	172.18.0.1	2025-10-25 22:33:56.575+00	\N
1314	8	Kamraann Rajaani	172.18.0.1	2025-10-25 22:34:07.272+00	\N
1315	8	Kamraann Rajaani	172.18.0.1	2025-10-25 22:34:14.263+00	\N
1316	8	Kamraann Rajaani	172.18.0.1	2025-10-25 22:34:16.947+00	\N
1317	8	Kamraann Rajaani	172.18.0.1	2025-10-25 22:34:20.671+00	\N
1318	8	Kamraann Rajaani	172.18.0.1	2025-10-25 22:34:30.028+00	\N
1319	8	Kamraann Rajaani	172.18.0.1	2025-10-25 22:35:09.46+00	\N
1320	8	Kamraann Rajaani	172.18.0.1	2025-10-25 22:35:34.841+00	\N
1321	8	Kamraann Rajaani	172.18.0.1	2025-10-25 22:35:37.179+00	\N
1322	8	Kamraann Rajaani	172.18.0.1	2025-10-25 22:35:39.254+00	\N
1323	8	Kamraann Rajaani	172.18.0.1	2025-10-25 22:35:51.831+00	\N
1324	8	Kamraann Rajaani	172.18.0.1	2025-10-25 22:35:59.498+00	\N
1325	8	Kamraann Rajaani	172.18.0.1	2025-10-25 22:37:13.252+00	\N
1326	8	Kamraann Rajaani	172.18.0.1	2025-10-25 22:37:13.255+00	\N
1327	8	Kamraann Rajaani	172.18.0.1	2025-10-25 22:37:21.135+00	\N
1328	8	Kamraann Rajaani	172.18.0.1	2025-10-25 22:37:30.793+00	2025-10-25 22:37:32.755+00
1329	7	Hari venkat	172.18.0.1	2025-10-26 03:51:07.586+00	\N
1330	7	Hari venkat	172.18.0.1	2025-10-26 03:51:10.986+00	\N
1331	7	Hari venkat	172.18.0.1	2025-10-26 03:51:47.176+00	\N
1332	7	Hari venkat	172.18.0.1	2025-10-26 03:55:55.727+00	\N
1333	7	Hari venkat	172.18.0.1	2025-10-26 03:57:16.546+00	\N
1334	7	Hari venkat	172.18.0.1	2025-10-26 03:59:02.296+00	\N
1335	7	Hari venkat	172.18.0.1	2025-10-26 03:59:04.698+00	\N
1336	7	Hari venkat	172.18.0.1	2025-10-26 04:26:27.088+00	\N
1337	7	Hari venkat	172.18.0.1	2025-10-26 04:27:34.13+00	\N
1338	7	Hari venkat	172.18.0.1	2025-10-26 04:27:35.764+00	\N
1339	7	Hari venkat	172.18.0.1	2025-10-26 04:39:00.069+00	\N
1340	7	Hari venkat	172.18.0.1	2025-10-26 04:39:01.998+00	\N
1341	7	Hari venkat	172.18.0.1	2025-10-26 04:39:03.603+00	\N
1342	7	Hari venkat	172.18.0.1	2025-10-26 04:39:10.272+00	\N
1343	7	Hari venkat	172.18.0.1	2025-10-26 04:39:11.566+00	\N
1344	7	Hari venkat	172.18.0.1	2025-10-26 04:39:16.724+00	\N
1345	7	Hari venkat	172.18.0.1	2025-10-26 04:49:07.12+00	\N
1346	7	Hari venkat	172.18.0.1	2025-10-26 04:49:16.612+00	\N
1347	7	Hari venkat	172.18.0.1	2025-10-26 04:49:23.218+00	\N
1348	7	Hari venkat	172.18.0.1	2025-10-26 04:50:48.59+00	\N
1349	7	Hari venkat	172.18.0.1	2025-10-26 04:50:51.736+00	\N
1350	7	Hari venkat	172.18.0.1	2025-10-26 04:50:53.851+00	\N
1351	7	Hari venkat	172.18.0.1	2025-10-26 04:50:59.557+00	\N
1352	7	Hari venkat	172.18.0.1	2025-10-26 04:51:01.771+00	\N
1356	8	Kamraann Rajaani	172.18.0.1	2025-10-26 04:52:02.277+00	\N
1358	8	Kamraann Rajaani	172.18.0.1	2025-10-26 04:52:05.364+00	\N
1364	7	Hari venkat	172.18.0.1	2025-10-26 05:14:43.435+00	\N
1369	7	Hari venkat	172.18.0.1	2025-10-26 05:17:27.342+00	\N
1377	7	Hari venkat	172.18.0.1	2025-10-26 05:23:33.813+00	\N
1384	7	Hari venkat	172.18.0.1	2025-10-26 06:48:48.845+00	\N
1388	7	Hari venkat	172.18.0.1	2025-10-26 06:49:00.947+00	\N
1391	8	Kamraann Rajaani	172.18.0.1	2025-10-26 06:51:30.802+00	\N
1399	7	Hari venkat	172.18.0.1	2025-10-26 07:00:39.211+00	\N
1353	7	Hari venkat	172.18.0.1	2025-10-26 04:51:05.083+00	\N
1361	7	Hari venkat	172.18.0.1	2025-10-26 04:52:49.291+00	\N
1363	7	Hari venkat	172.18.0.1	2025-10-26 05:14:38.967+00	\N
1366	7	Hari venkat	172.18.0.1	2025-10-26 05:14:47.464+00	\N
1373	7	Hari venkat	172.18.0.1	2025-10-26 05:23:05.665+00	\N
1375	7	Hari venkat	172.18.0.1	2025-10-26 05:23:09.86+00	\N
1380	7	Hari venkat	172.18.0.1	2025-10-26 06:48:06.642+00	2025-10-26 06:48:07.167+00
1385	7	Hari venkat	172.18.0.1	2025-10-26 06:48:52.864+00	\N
1390	8	Kamraann Rajaani	172.18.0.1	2025-10-26 06:51:30.801+00	\N
1392	8	Kamraann Rajaani	172.18.0.1	2025-10-26 06:51:32.954+00	\N
1395	7	Hari venkat	172.18.0.1	2025-10-26 07:00:23.129+00	\N
1354	8	Kamraann Rajaani	172.18.0.1	2025-10-26 04:51:58.648+00	\N
1355	8	Kamraann Rajaani	172.18.0.1	2025-10-26 04:52:02.277+00	\N
1357	8	Kamraann Rajaani	172.18.0.1	2025-10-26 04:52:04.143+00	\N
1370	7	Hari venkat	172.18.0.1	2025-10-26 05:22:47.34+00	\N
1372	7	Hari venkat	172.18.0.1	2025-10-26 05:23:02.788+00	\N
1383	7	Hari venkat	172.18.0.1	2025-10-26 06:48:48.834+00	\N
1386	7	Hari venkat	172.18.0.1	2025-10-26 06:48:56.081+00	\N
1397	7	Hari venkat	172.18.0.1	2025-10-26 07:00:29.441+00	\N
1359	8	Kamraann Rajaani	172.18.0.1	2025-10-26 04:52:08.309+00	\N
1367	7	Hari venkat	172.18.0.1	2025-10-26 05:17:19.08+00	\N
1371	7	Hari venkat	172.18.0.1	2025-10-26 05:22:55.495+00	\N
1376	7	Hari venkat	172.18.0.1	2025-10-26 05:23:12.59+00	\N
1360	8	Kamraann Rajaani	172.18.0.1	2025-10-26 04:52:36.323+00	2025-10-26 05:52:44.097+00
1381	7	Hari venkat	172.18.0.1	2025-10-26 06:48:06.766+00	\N
1389	7	Hari venkat	172.18.0.1	2025-10-26 06:49:53.548+00	\N
1394	7	Hari venkat	172.18.0.1	2025-10-26 07:00:18.488+00	\N
1396	7	Hari venkat	172.18.0.1	2025-10-26 07:00:27.164+00	\N
1398	7	Hari venkat	172.18.0.1	2025-10-26 07:00:37.497+00	\N
1362	7	Hari venkat	172.18.0.1	2025-10-26 04:52:55.218+00	\N
1365	7	Hari venkat	172.18.0.1	2025-10-26 05:14:44.949+00	\N
1368	7	Hari venkat	172.18.0.1	2025-10-26 05:17:25.135+00	\N
1374	7	Hari venkat	172.18.0.1	2025-10-26 05:23:08.009+00	\N
1379	8	Kamraann Rajaani	172.18.0.1	2025-10-26 05:52:59.508+00	\N
1378	7	Hari venkat	172.18.0.1	2025-10-26 05:24:45.074+00	2025-10-26 06:42:43.8+00
1382	7	Hari venkat	172.18.0.1	2025-10-26 06:48:19.756+00	\N
1387	7	Hari venkat	172.18.0.1	2025-10-26 06:48:58.234+00	\N
1393	8	Kamraann Rajaani	172.18.0.1	2025-10-26 06:51:43.065+00	\N
1401	7	Hari venkat	172.18.0.1	2025-10-26 07:12:36.632+00	\N
1402	7	Hari venkat	172.18.0.1	2025-10-26 07:12:36.775+00	\N
1403	7	Hari venkat	172.18.0.1	2025-10-26 07:12:40.504+00	\N
1404	7	Hari venkat	172.18.0.1	2025-10-26 07:12:46.584+00	\N
1405	7	Hari venkat	172.18.0.1	2025-10-26 07:12:49.318+00	\N
1406	7	Hari venkat	172.18.0.1	2025-10-26 07:12:59.437+00	\N
1407	7	Hari venkat	172.18.0.1	2025-10-26 07:13:02.637+00	\N
1408	7	Hari venkat	172.18.0.1	2025-10-26 07:19:32.047+00	\N
1409	7	Hari venkat	172.18.0.1	2025-10-26 07:19:37.279+00	\N
1410	7	Hari venkat	172.18.0.1	2025-10-26 07:19:45.95+00	\N
1411	7	Hari venkat	172.18.0.1	2025-10-26 07:19:48.053+00	\N
1412	7	Hari venkat	172.18.0.1	2025-10-26 07:19:49.648+00	\N
1413	7	Hari venkat	172.18.0.1	2025-10-26 07:19:50.117+00	\N
1414	7	Hari venkat	172.18.0.1	2025-10-26 07:19:51.649+00	\N
1415	7	Hari venkat	172.18.0.1	2025-10-26 07:19:54.323+00	\N
1416	7	Hari venkat	172.18.0.1	2025-10-26 07:21:22.279+00	\N
1417	7	Hari venkat	172.18.0.1	2025-10-26 07:25:11.544+00	\N
1418	7	Hari venkat	172.18.0.1	2025-10-26 07:25:17.078+00	\N
1419	7	Hari venkat	172.18.0.1	2025-10-26 07:25:20.847+00	\N
1420	7	Hari venkat	172.18.0.1	2025-10-26 07:25:24.925+00	\N
1421	7	Hari venkat	172.18.0.1	2025-10-26 07:30:20.654+00	\N
1422	7	Hari venkat	172.18.0.1	2025-10-26 07:30:24.587+00	\N
1423	7	Hari venkat	172.18.0.1	2025-10-26 07:39:03.465+00	\N
1424	7	Hari venkat	172.18.0.1	2025-10-26 07:41:33.438+00	\N
1425	7	Hari venkat	172.18.0.1	2025-10-26 07:45:08.585+00	\N
1426	7	Hari venkat	172.18.0.1	2025-10-26 07:45:10.814+00	\N
1427	7	Hari venkat	172.18.0.1	2025-10-26 07:46:00.933+00	\N
1400	8	Kamraann Rajaani	172.18.0.1	2025-10-26 07:06:13.197+00	2025-10-26 08:06:43.388+00
1428	8	Kamraann Rajaani	172.18.0.1	2025-10-26 08:06:59.069+00	\N
1429	7	Hari venkat	172.18.0.1	2025-10-26 08:26:02.828+00	\N
1430	7	Hari venkat	172.18.0.1	2025-10-26 08:26:21.088+00	\N
1431	7	Hari venkat	172.18.0.1	2025-10-26 08:26:26.195+00	\N
1432	7	Hari venkat	172.18.0.1	2025-10-26 08:26:29.456+00	\N
1433	7	Hari venkat	172.18.0.1	2025-10-26 08:26:42.12+00	\N
1434	7	Hari venkat	172.18.0.1	2025-10-26 08:26:43.018+00	\N
1435	7	Hari venkat	172.18.0.1	2025-10-26 08:26:46.257+00	\N
1436	7	Hari venkat	172.18.0.1	2025-10-26 08:43:21.578+00	\N
1437	7	Hari venkat	172.18.0.1	2025-10-26 08:43:27.495+00	\N
1438	7	Hari venkat	172.18.0.1	2025-10-26 08:43:29.041+00	\N
1439	7	Hari venkat	172.18.0.1	2025-10-26 08:48:29.265+00	\N
1440	7	Hari venkat	172.18.0.1	2025-10-26 08:48:34.991+00	\N
1441	7	Hari venkat	172.18.0.1	2025-10-26 08:51:17.478+00	\N
1442	7	Hari venkat	172.18.0.1	2025-10-26 08:51:26.008+00	\N
1443	7	Hari venkat	172.18.0.1	2025-10-26 08:51:29.858+00	\N
1444	7	Hari venkat	172.18.0.1	2025-10-26 08:51:32.164+00	\N
1445	7	Hari venkat	172.18.0.1	2025-10-26 08:52:03.448+00	\N
1446	7	Hari venkat	172.18.0.1	2025-10-26 08:52:05.235+00	\N
1447	7	Hari venkat	172.18.0.1	2025-10-26 08:52:09.346+00	\N
1448	7	Hari venkat	172.18.0.1	2025-10-26 09:04:41.997+00	\N
1449	7	Hari venkat	172.18.0.1	2025-10-26 09:04:47.187+00	\N
1451	7	Hari venkat	172.18.0.1	2025-10-26 09:14:46.539+00	\N
1452	7	Hari venkat	172.18.0.1	2025-10-26 09:14:48.777+00	\N
1453	7	Hari venkat	172.18.0.1	2025-10-26 09:14:55.939+00	\N
1454	7	Hari venkat	172.18.0.1	2025-10-26 09:14:58.78+00	\N
1455	7	Hari venkat	172.18.0.1	2025-10-26 09:15:00.242+00	\N
1456	7	Hari venkat	172.18.0.1	2025-10-26 09:15:01.973+00	\N
1457	7	Hari venkat	172.18.0.1	2025-10-26 09:15:15.424+00	\N
1458	7	Hari venkat	172.18.0.1	2025-10-26 09:15:23.238+00	\N
1459	7	Hari venkat	172.18.0.1	2025-10-26 09:15:26.558+00	\N
1460	7	Hari venkat	172.18.0.1	2025-10-26 09:15:42.459+00	\N
1461	7	Hari venkat	172.18.0.1	2025-10-26 09:20:22.656+00	\N
1462	7	Hari venkat	172.18.0.1	2025-10-26 09:20:28.524+00	\N
1463	7	Hari venkat	172.18.0.1	2025-10-26 09:20:30.525+00	\N
1464	7	Hari venkat	172.18.0.1	2025-10-26 09:20:32.918+00	\N
1465	7	Hari venkat	172.18.0.1	2025-10-26 09:20:42.599+00	\N
1466	7	Hari venkat	172.18.0.1	2025-10-26 09:20:49.278+00	\N
1467	7	Hari venkat	172.18.0.1	2025-10-26 09:20:51.562+00	\N
1468	7	Hari venkat	172.18.0.1	2025-10-26 09:20:56.343+00	\N
1469	7	Hari venkat	172.18.0.1	2025-10-26 09:21:29.273+00	\N
1470	7	Hari venkat	172.18.0.1	2025-10-26 09:21:34.298+00	\N
1471	7	Hari venkat	172.18.0.1	2025-10-26 09:22:00.159+00	\N
1472	7	Hari venkat	172.18.0.1	2025-10-26 09:22:02.099+00	\N
1473	7	Hari venkat	172.18.0.1	2025-10-26 09:22:23.599+00	\N
1474	7	Hari venkat	172.18.0.1	2025-10-26 09:22:27.011+00	\N
1475	7	Hari venkat	172.18.0.1	2025-10-26 09:22:29.497+00	\N
1476	7	Hari venkat	172.18.0.1	2025-10-26 09:22:35.593+00	\N
1477	7	Hari venkat	172.18.0.1	2025-10-26 09:22:55.082+00	\N
1478	7	Hari venkat	172.18.0.1	2025-10-26 09:22:59.57+00	\N
1479	7	Hari venkat	172.18.0.1	2025-10-26 09:23:03.412+00	\N
1480	7	Hari venkat	172.18.0.1	2025-10-26 09:23:07.18+00	\N
1481	7	Hari venkat	172.18.0.1	2025-10-26 09:23:14.361+00	\N
1482	7	Hari venkat	172.18.0.1	2025-10-26 09:23:30.892+00	\N
1483	7	Hari venkat	172.18.0.1	2025-10-26 09:24:10.627+00	\N
1484	7	Hari venkat	172.18.0.1	2025-10-26 09:29:19.773+00	\N
1485	7	Hari venkat	172.18.0.1	2025-10-26 09:29:21.78+00	\N
1486	7	Hari venkat	172.18.0.1	2025-10-26 09:29:26.311+00	\N
1487	7	Hari venkat	172.18.0.1	2025-10-26 09:34:58.988+00	\N
1488	7	Hari venkat	172.18.0.1	2025-10-26 09:35:05.988+00	\N
1489	7	Hari venkat	172.18.0.1	2025-10-26 09:35:08.842+00	\N
1490	7	Hari venkat	172.18.0.1	2025-10-26 09:38:01.32+00	\N
1491	7	Hari venkat	172.18.0.1	2025-10-26 09:38:03.417+00	\N
1492	7	Hari venkat	172.18.0.1	2025-10-26 09:38:12.535+00	\N
1493	7	Hari venkat	172.18.0.1	2025-10-26 09:38:15.657+00	\N
1494	7	Hari venkat	172.18.0.1	2025-10-26 09:38:19.955+00	\N
1495	7	Hari venkat	172.18.0.1	2025-10-26 09:38:22.44+00	\N
1496	7	Hari venkat	172.18.0.1	2025-10-26 09:39:23.48+00	\N
1497	7	Hari venkat	172.18.0.1	2025-10-26 09:43:50.361+00	\N
1498	7	Hari venkat	172.18.0.1	2025-10-26 09:43:53.689+00	\N
1499	7	Hari venkat	172.18.0.1	2025-10-26 09:45:12.221+00	\N
1500	7	Hari venkat	172.18.0.1	2025-10-26 09:45:49.817+00	\N
1501	7	Hari venkat	172.18.0.1	2025-10-26 09:46:36.834+00	\N
1502	7	Hari venkat	172.18.0.1	2025-10-26 09:47:28.829+00	\N
1503	7	Hari venkat	172.18.0.1	2025-10-26 09:48:29.026+00	\N
1504	7	Hari venkat	172.18.0.1	2025-10-26 09:48:32.318+00	\N
1505	7	Hari venkat	172.18.0.1	2025-10-26 09:48:41.281+00	\N
1506	7	Hari venkat	172.18.0.1	2025-10-26 09:48:44.659+00	\N
1507	7	Hari venkat	172.18.0.1	2025-10-26 09:49:07.817+00	\N
1508	7	Hari venkat	172.18.0.1	2025-10-26 09:49:12.157+00	\N
1509	7	Hari venkat	172.18.0.1	2025-10-26 09:49:13.325+00	\N
1510	7	Hari venkat	172.18.0.1	2025-10-26 09:49:16.186+00	\N
1518	7	Hari venkat	172.18.0.1	2025-10-26 09:50:24.33+00	\N
1523	7	Hari venkat	172.18.0.1	2025-10-26 09:52:17.673+00	\N
1528	7	Hari venkat	172.18.0.1	2025-10-26 09:53:07.788+00	\N
1535	7	Hari venkat	172.18.0.1	2025-10-26 09:55:27.249+00	\N
1539	7	Hari venkat	172.18.0.1	2025-10-26 09:58:45.974+00	\N
1559	7	Hari venkat	172.18.0.1	2025-10-26 10:07:31.048+00	\N
1563	7	Hari venkat	172.18.0.1	2025-10-26 10:08:30.475+00	\N
1570	7	Hari venkat	172.18.0.1	2025-10-26 10:13:04.793+00	\N
1573	7	Hari venkat	172.18.0.1	2025-10-26 10:15:30.061+00	\N
1577	7	Hari venkat	172.18.0.1	2025-10-26 10:26:22.553+00	\N
1587	7	Hari venkat	172.18.0.1	2025-10-26 10:58:11.84+00	\N
1511	7	Hari venkat	172.18.0.1	2025-10-26 09:49:18.642+00	\N
1514	7	Hari venkat	172.18.0.1	2025-10-26 09:49:34.38+00	\N
1520	7	Hari venkat	172.18.0.1	2025-10-26 09:51:27.44+00	\N
1533	7	Hari venkat	172.18.0.1	2025-10-26 09:54:27.643+00	\N
1545	7	Hari venkat	172.18.0.1	2025-10-26 09:59:29.11+00	\N
1548	7	Hari venkat	172.18.0.1	2025-10-26 10:00:54.302+00	\N
1549	7	Hari venkat	172.18.0.1	2025-10-26 10:00:56.83+00	\N
1551	7	Hari venkat	172.18.0.1	2025-10-26 10:02:35.091+00	\N
1552	7	Hari venkat	172.18.0.1	2025-10-26 10:02:44.801+00	\N
1556	7	Hari venkat	172.18.0.1	2025-10-26 10:07:22.661+00	\N
1557	7	Hari venkat	172.18.0.1	2025-10-26 10:07:25.808+00	\N
1565	7	Hari venkat	172.18.0.1	2025-10-26 10:08:43.214+00	\N
1578	7	Hari venkat	172.18.0.1	2025-10-26 10:47:49.742+00	\N
1584	7	Hari venkat	172.18.0.1	2025-10-26 10:57:56.139+00	\N
1585	7	Hari venkat	172.18.0.1	2025-10-26 10:58:02.073+00	\N
1512	7	Hari venkat	172.18.0.1	2025-10-26 09:49:23.175+00	\N
1519	7	Hari venkat	172.18.0.1	2025-10-26 09:51:23.707+00	\N
1525	7	Hari venkat	172.18.0.1	2025-10-26 09:52:36.037+00	\N
1529	7	Hari venkat	172.18.0.1	2025-10-26 09:53:45.631+00	\N
1538	7	Hari venkat	172.18.0.1	2025-10-26 09:57:48.289+00	\N
1540	7	Hari venkat	172.18.0.1	2025-10-26 09:59:05.905+00	\N
1542	7	Hari venkat	172.18.0.1	2025-10-26 09:59:21.061+00	\N
1546	7	Hari venkat	172.18.0.1	2025-10-26 09:59:56.058+00	\N
1547	7	Hari venkat	172.18.0.1	2025-10-26 10:00:52.403+00	\N
1566	7	Hari venkat	172.18.0.1	2025-10-26 10:08:47.381+00	\N
1567	7	Hari venkat	172.18.0.1	2025-10-26 10:09:17.681+00	\N
1571	7	Hari venkat	172.18.0.1	2025-10-26 10:15:23.224+00	\N
1576	7	Hari venkat	172.18.0.1	2025-10-26 10:26:19.44+00	\N
1580	7	Hari venkat	172.18.0.1	2025-10-26 10:57:02.066+00	\N
1513	7	Hari venkat	172.18.0.1	2025-10-26 09:49:31.093+00	\N
1517	7	Hari venkat	172.18.0.1	2025-10-26 09:50:21.408+00	\N
1521	7	Hari venkat	172.18.0.1	2025-10-26 09:51:35.379+00	\N
1522	7	Hari venkat	172.18.0.1	2025-10-26 09:51:55.785+00	\N
1524	7	Hari venkat	172.18.0.1	2025-10-26 09:52:25.323+00	\N
1527	7	Hari venkat	172.18.0.1	2025-10-26 09:52:45.935+00	\N
1530	7	Hari venkat	172.18.0.1	2025-10-26 09:53:48.765+00	\N
1536	7	Hari venkat	172.18.0.1	2025-10-26 09:56:46.866+00	\N
1541	7	Hari venkat	172.18.0.1	2025-10-26 09:59:08.904+00	\N
1543	7	Hari venkat	172.18.0.1	2025-10-26 09:59:23.344+00	\N
1544	7	Hari venkat	172.18.0.1	2025-10-26 09:59:25.886+00	\N
1553	7	Hari venkat	172.18.0.1	2025-10-26 10:02:47.894+00	\N
1560	7	Hari venkat	172.18.0.1	2025-10-26 10:07:49.698+00	\N
1561	7	Hari venkat	172.18.0.1	2025-10-26 10:07:55.036+00	\N
1562	7	Hari venkat	172.18.0.1	2025-10-26 10:08:28.877+00	\N
1569	7	Hari venkat	172.18.0.1	2025-10-26 10:09:32.461+00	\N
1579	7	Hari venkat	172.18.0.1	2025-10-26 10:56:57.961+00	\N
1582	7	Hari venkat	172.18.0.1	2025-10-26 10:57:10.226+00	\N
1515	7	Hari venkat	172.18.0.1	2025-10-26 09:49:36.062+00	\N
1516	7	Hari venkat	172.18.0.1	2025-10-26 09:50:16.072+00	\N
1526	7	Hari venkat	172.18.0.1	2025-10-26 09:52:41.748+00	\N
1531	7	Hari venkat	172.18.0.1	2025-10-26 09:54:17.564+00	\N
1532	7	Hari venkat	172.18.0.1	2025-10-26 09:54:24.283+00	\N
1534	7	Hari venkat	172.18.0.1	2025-10-26 09:55:22.694+00	\N
1537	7	Hari venkat	172.18.0.1	2025-10-26 09:57:42.846+00	\N
1550	7	Hari venkat	172.18.0.1	2025-10-26 10:00:58.467+00	\N
1554	7	Hari venkat	172.18.0.1	2025-10-26 10:03:47.511+00	\N
1555	7	Hari venkat	172.18.0.1	2025-10-26 10:03:52.409+00	\N
1558	7	Hari venkat	172.18.0.1	2025-10-26 10:07:27.89+00	\N
1450	8	Kamraann Rajaani	172.18.0.1	2025-10-26 09:07:15.232+00	2025-10-26 10:07:42.745+00
1564	7	Hari venkat	172.18.0.1	2025-10-26 10:08:32.508+00	\N
1568	7	Hari venkat	172.18.0.1	2025-10-26 10:09:27.681+00	\N
1572	7	Hari venkat	172.18.0.1	2025-10-26 10:15:27.623+00	\N
1574	7	Hari venkat	172.18.0.1	2025-10-26 10:26:14.591+00	\N
1575	7	Hari venkat	172.18.0.1	2025-10-26 10:26:17.854+00	\N
1581	7	Hari venkat	172.18.0.1	2025-10-26 10:57:05.499+00	\N
1583	7	Hari venkat	172.18.0.1	2025-10-26 10:57:24.276+00	\N
1586	7	Hari venkat	172.18.0.1	2025-10-26 10:58:04.373+00	\N
1588	7	Hari venkat	172.18.0.1	2025-10-26 10:58:45.252+00	\N
1589	7	Hari venkat	172.18.0.1	2025-10-26 11:00:04.302+00	\N
1590	7	Hari venkat	172.18.0.1	2025-10-26 11:00:07.143+00	\N
1591	7	Hari venkat	172.18.0.1	2025-10-26 11:07:54.334+00	\N
1592	7	Hari venkat	172.18.0.1	2025-10-26 11:54:57.028+00	\N
1593	7	Hari venkat	172.18.0.1	2025-10-26 12:08:09.949+00	\N
1594	7	Hari venkat	172.18.0.1	2025-10-26 12:08:45.887+00	\N
1595	7	Hari venkat	172.18.0.1	2025-10-26 12:09:44.403+00	\N
1596	7	Hari venkat	172.18.0.1	2025-10-26 12:09:45.516+00	\N
1597	7	Hari venkat	172.18.0.1	2025-10-26 12:09:50.076+00	\N
1598	7	Hari venkat	172.18.0.1	2025-10-26 12:10:13.635+00	\N
1599	7	Hari venkat	172.18.0.1	2025-10-26 12:10:20.272+00	\N
1600	7	Hari venkat	172.18.0.1	2025-10-26 12:11:01.917+00	\N
1601	7	Hari venkat	172.18.0.1	2025-10-26 12:11:04.779+00	\N
1602	7	Hari venkat	172.18.0.1	2025-10-26 12:11:24.9+00	\N
1603	7	Hari venkat	172.18.0.1	2025-10-26 12:11:47.594+00	\N
1604	7	Hari venkat	172.18.0.1	2025-10-26 14:27:57.497+00	\N
1605	7	Hari venkat	172.18.0.1	2025-10-26 14:28:05.507+00	\N
1606	8	Kamraann Rajaani	172.18.0.1	2025-10-26 15:13:34.311+00	\N
1607	8	Kamraann Rajaani	172.18.0.1	2025-10-26 15:13:39.157+00	\N
1608	8	Kamraann Rajaani	172.18.0.1	2025-10-26 15:13:39.157+00	\N
1609	8	Kamraann Rajaani	172.18.0.1	2025-10-26 15:13:43.67+00	\N
1610	8	Kamraann Rajaani	172.18.0.1	2025-10-26 15:13:49.318+00	\N
1611	7	Hari venkat	172.18.0.1	2025-10-26 15:14:33.324+00	\N
1612	7	Hari venkat	172.18.0.1	2025-10-26 15:14:42.365+00	\N
1613	8	Kamraann Rajaani	172.18.0.1	2025-10-26 15:14:46.843+00	\N
1614	8	Kamraann Rajaani	172.18.0.1	2025-10-26 15:15:57.536+00	\N
1615	8	Kamraann Rajaani	172.18.0.1	2025-10-26 15:17:22.017+00	\N
1616	8	Kamraann Rajaani	172.18.0.1	2025-10-26 15:17:34.882+00	\N
1617	8	Kamraann Rajaani	172.18.0.1	2025-10-26 15:19:24.881+00	\N
1618	8	Kamraann Rajaani	172.18.0.1	2025-10-26 15:19:42.419+00	\N
1619	7	Hari venkat	172.18.0.1	2025-10-26 15:23:04.486+00	\N
1620	7	Hari venkat	172.18.0.1	2025-10-26 15:23:07.315+00	\N
1621	7	Hari venkat	172.18.0.1	2025-10-26 15:23:10.296+00	\N
1622	7	Hari venkat	172.18.0.1	2025-10-26 15:23:12.858+00	\N
1623	7	Hari venkat	172.18.0.1	2025-10-26 15:23:14.224+00	\N
1624	8	Kamraann Rajaani	172.18.0.1	2025-10-26 15:23:32.928+00	\N
1625	8	Kamraann Rajaani	172.18.0.1	2025-10-26 15:23:37.986+00	\N
1627	7	Hari venkat	172.18.0.1	2025-10-26 15:25:52.208+00	\N
1628	7	Hari venkat	172.18.0.1	2025-10-26 15:30:22.137+00	\N
1629	7	Hari venkat	172.18.0.1	2025-10-26 15:30:24.621+00	\N
1626	8	Kamraann Rajaani	172.18.0.1	2025-10-26 15:23:58.731+00	2025-10-26 16:24:41.165+00
1630	7	Hari venkat	172.18.0.1	2025-10-26 15:33:28.329+00	2025-10-26 16:33:41.106+00
1631	7	Hari venkat	172.18.0.1	2025-10-26 17:14:28.602+00	\N
1632	7	Hari venkat	172.18.0.1	2025-10-26 17:14:31.291+00	\N
1633	7	Hari venkat	172.18.0.1	2025-10-26 17:44:54.532+00	\N
1634	7	Hari venkat	172.18.0.1	2025-10-26 17:44:56.84+00	\N
1635	7	Hari venkat	172.18.0.1	2025-10-26 19:20:47.627+00	\N
1636	7	Hari venkat	172.18.0.1	2025-10-26 19:20:47.844+00	\N
1637	7	Hari venkat	172.18.0.1	2025-10-26 19:20:49.778+00	\N
1638	7	Hari venkat	172.18.0.1	2025-10-26 19:21:06.064+00	\N
1639	7	Hari venkat	172.18.0.1	2025-10-26 19:21:09.07+00	\N
1640	7	Hari venkat	172.18.0.1	2025-10-26 19:21:51.428+00	\N
1641	7	Hari venkat	172.18.0.1	2025-10-26 19:21:57.755+00	2025-10-26 20:22:39.001+00
1642	7	Hari venkat	172.18.0.1	2025-10-27 04:15:09.739+00	\N
1643	7	Hari venkat	172.18.0.1	2025-10-27 04:15:21.495+00	\N
1644	7	Hari venkat	172.18.0.1	2025-10-27 04:15:21.501+00	\N
1645	7	Hari venkat	172.18.0.1	2025-10-27 04:15:24.104+00	\N
1646	7	Hari venkat	172.18.0.1	2025-10-27 04:15:39.868+00	\N
1647	7	Hari venkat	172.18.0.1	2025-10-27 04:16:06.901+00	\N
1648	7	Hari venkat	172.18.0.1	2025-10-27 05:37:14.409+00	\N
1649	7	Hari venkat	172.18.0.1	2025-10-27 07:29:05.207+00	\N
1682	7	Hari venkat	172.18.0.1	2025-10-27 14:33:47.318+00	\N
1683	7	Hari venkat	172.18.0.1	2025-10-27 14:33:55.868+00	\N
1684	7	Hari venkat	172.18.0.1	2025-10-27 14:33:55.89+00	\N
1685	7	Hari venkat	172.18.0.1	2025-10-27 14:33:58.509+00	\N
1686	7	Hari venkat	172.18.0.1	2025-10-27 14:34:01.275+00	\N
1687	7	Hari venkat	172.18.0.1	2025-10-27 14:34:06.443+00	\N
1688	7	Hari venkat	172.18.0.1	2025-10-27 14:34:12+00	\N
1690	7	Hari venkat	172.18.0.1	2025-10-27 14:34:24.288+00	\N
1691	7	Hari venkat	172.18.0.1	2025-10-27 14:34:28.258+00	\N
1692	7	Hari venkat	172.18.0.1	2025-10-27 14:34:45.332+00	\N
1693	7	Hari venkat	172.18.0.1	2025-10-27 14:34:50.856+00	\N
1694	7	Hari venkat	172.18.0.1	2025-10-27 14:34:53.02+00	\N
1695	7	Hari venkat	172.18.0.1	2025-10-27 14:35:36.87+00	\N
1696	7	Hari venkat	172.18.0.1	2025-10-27 14:35:39.65+00	\N
1697	7	Hari venkat	172.18.0.1	2025-10-27 14:35:56.892+00	\N
1698	7	Hari venkat	172.18.0.1	2025-10-27 14:36:29.311+00	\N
1699	7	Hari venkat	172.18.0.1	2025-10-27 14:36:35.92+00	\N
1700	7	Hari venkat	172.18.0.1	2025-10-27 14:37:15.293+00	\N
1701	7	Hari venkat	172.18.0.1	2025-10-27 14:37:29.753+00	\N
1702	7	Hari venkat	172.18.0.1	2025-10-27 14:37:57.502+00	\N
1703	7	Hari venkat	172.18.0.1	2025-10-27 14:38:14.617+00	\N
1705	8	Kamraann Rajaani	172.18.0.1	2025-10-27 14:40:24.62+00	\N
1706	8	Kamraann Rajaani	172.18.0.1	2025-10-27 14:40:29.961+00	\N
1707	8	Kamraann Rajaani	172.18.0.1	2025-10-27 14:40:42.754+00	\N
1708	8	Kamraann Rajaani	172.18.0.1	2025-10-27 14:41:13.31+00	\N
1689	7	Hari venkat	172.18.0.1	2025-10-27 14:34:17.251+00	2025-10-27 14:47:27.276+00
1704	7	Hari venkat	172.18.0.1	2025-10-27 14:38:17.703+00	2025-10-27 14:47:27.279+00
1709	8	Kamraann Rajaani	172.18.0.1	2025-10-27 14:41:15.876+00	2025-10-27 14:47:27.28+00
1710	8	Kamraann Rajaani	172.18.0.1	2025-10-27 14:48:41.494+00	\N
1711	7	Hari venkat	172.18.0.1	2025-10-27 14:48:44.072+00	\N
1712	7	Hari venkat	172.18.0.1	2025-10-27 14:48:46.928+00	\N
1713	7	Hari venkat	172.18.0.1	2025-10-27 14:49:04.097+00	\N
1714	7	Hari venkat	172.18.0.1	2025-10-27 14:49:06.456+00	\N
1715	7	Hari venkat	172.18.0.1	2025-10-27 14:49:10.4+00	\N
1716	7	Hari venkat	172.18.0.1	2025-10-27 14:49:12.566+00	\N
1717	7	Hari venkat	172.18.0.1	2025-10-27 14:49:14.039+00	\N
1718	7	Hari venkat	172.18.0.1	2025-10-27 14:49:14.98+00	\N
1726	7	Hari venkat	172.18.0.1	2025-10-27 14:49:44.677+00	\N
1719	7	Hari venkat	172.18.0.1	2025-10-27 14:49:18.307+00	\N
1720	7	Hari venkat	172.18.0.1	2025-10-27 14:49:25.625+00	\N
1721	7	Hari venkat	172.18.0.1	2025-10-27 14:49:25.651+00	\N
1722	7	Hari venkat	172.18.0.1	2025-10-27 14:49:31.425+00	\N
1723	7	Hari venkat	172.18.0.1	2025-10-27 14:49:31.426+00	\N
1724	7	Hari venkat	172.18.0.1	2025-10-27 14:49:36.998+00	\N
1725	7	Hari venkat	172.18.0.1	2025-10-27 14:49:39.66+00	\N
1727	7	Hari venkat	172.18.0.1	2025-10-27 14:49:47.293+00	\N
1728	7	Hari venkat	172.18.0.1	2025-10-27 14:53:32.674+00	\N
1729	7	Hari venkat	172.18.0.1	2025-10-27 14:53:33.243+00	\N
1730	7	Hari venkat	172.18.0.1	2025-10-27 14:53:39.647+00	\N
1731	8	Kamraann Rajaani	172.18.0.1	2025-10-27 14:54:14.103+00	\N
1732	7	Hari venkat	172.18.0.1	2025-10-27 14:54:53.465+00	\N
1733	7	Hari venkat	172.18.0.1	2025-10-27 14:54:56.61+00	\N
1735	7	Hari venkat	172.18.0.1	2025-10-27 14:55:02.595+00	\N
1736	7	Hari venkat	172.18.0.1	2025-10-27 14:55:05.201+00	\N
1737	7	Hari venkat	172.18.0.1	2025-10-27 14:55:21.955+00	\N
1738	7	Hari venkat	172.18.0.1	2025-10-27 14:55:23.234+00	\N
1739	7	Hari venkat	172.18.0.1	2025-10-27 15:03:34.306+00	\N
1740	7	Hari venkat	172.18.0.1	2025-10-27 15:03:40.021+00	\N
1741	7	Hari venkat	172.18.0.1	2025-10-27 15:03:56.738+00	\N
1742	7	Hari venkat	172.18.0.1	2025-10-27 15:04:28.47+00	\N
1743	7	Hari venkat	172.18.0.1	2025-10-27 15:05:03.125+00	\N
1744	7	Hari venkat	172.18.0.1	2025-10-27 15:05:35.489+00	\N
1745	7	Hari venkat	172.18.0.1	2025-10-27 15:07:11.635+00	\N
1746	7	Hari venkat	172.18.0.1	2025-10-27 15:07:13.948+00	\N
1747	7	Hari venkat	172.18.0.1	2025-10-27 15:07:17.256+00	\N
1748	7	Hari venkat	172.18.0.1	2025-10-27 15:07:19.738+00	\N
1749	7	Hari venkat	172.18.0.1	2025-10-27 15:07:37.254+00	\N
1750	7	Hari venkat	172.18.0.1	2025-10-27 15:07:44.778+00	\N
1751	7	Hari venkat	172.18.0.1	2025-10-27 15:11:23.046+00	\N
1752	7	Hari venkat	172.18.0.1	2025-10-27 15:11:25.656+00	\N
1753	7	Hari venkat	172.18.0.1	2025-10-27 15:11:29.072+00	\N
1754	7	Hari venkat	172.18.0.1	2025-10-27 15:11:31.016+00	\N
1755	7	Hari venkat	172.18.0.1	2025-10-27 15:11:34.482+00	\N
1756	7	Hari venkat	172.18.0.1	2025-10-27 15:11:59.67+00	\N
1757	7	Hari venkat	172.18.0.1	2025-10-27 15:19:50.681+00	\N
1758	7	Hari venkat	172.18.0.1	2025-10-27 15:19:54.222+00	\N
1759	7	Hari venkat	172.18.0.1	2025-10-27 15:19:56.121+00	\N
1760	7	Hari venkat	172.18.0.1	2025-10-27 15:20:13.696+00	\N
1761	7	Hari venkat	172.18.0.1	2025-10-27 15:20:14.894+00	\N
1762	7	Hari venkat	172.18.0.1	2025-10-27 15:27:41.184+00	\N
1763	7	Hari venkat	172.18.0.1	2025-10-27 15:27:43.098+00	\N
1764	7	Hari venkat	172.18.0.1	2025-10-27 15:28:00.403+00	\N
1765	7	Hari venkat	172.18.0.1	2025-10-27 15:28:01.654+00	\N
1766	7	Hari venkat	172.18.0.1	2025-10-27 15:28:04.605+00	\N
1767	7	Hari venkat	172.18.0.1	2025-10-27 15:28:09.653+00	\N
1768	7	Hari venkat	172.18.0.1	2025-10-27 15:28:12.781+00	\N
1769	7	Hari venkat	172.18.0.1	2025-10-27 15:28:14.288+00	\N
1770	7	Hari venkat	172.18.0.1	2025-10-27 15:28:17.687+00	\N
1771	7	Hari venkat	172.18.0.1	2025-10-27 15:28:27.308+00	\N
1772	7	Hari venkat	172.18.0.1	2025-10-27 15:28:31.605+00	\N
1773	7	Hari venkat	172.18.0.1	2025-10-27 15:28:33.861+00	\N
1774	7	Hari venkat	172.18.0.1	2025-10-27 15:28:50.616+00	\N
1775	7	Hari venkat	172.18.0.1	2025-10-27 15:28:51.921+00	\N
1776	7	Hari venkat	172.18.0.1	2025-10-27 15:28:54.231+00	\N
1777	7	Hari venkat	172.18.0.1	2025-10-27 15:28:57.178+00	\N
1778	7	Hari venkat	172.18.0.1	2025-10-27 15:29:01.033+00	\N
1779	7	Hari venkat	172.18.0.1	2025-10-27 15:29:13.475+00	\N
1780	7	Hari venkat	172.18.0.1	2025-10-27 15:40:56.484+00	\N
1781	7	Hari venkat	172.18.0.1	2025-10-27 15:40:59.463+00	\N
1782	7	Hari venkat	172.18.0.1	2025-10-27 15:41:02.419+00	\N
1783	7	Hari venkat	172.18.0.1	2025-10-27 15:41:08.453+00	\N
1784	7	Hari venkat	172.18.0.1	2025-10-27 15:41:19.495+00	\N
1785	7	Hari venkat	172.18.0.1	2025-10-27 15:41:30.651+00	\N
1786	7	Hari venkat	172.18.0.1	2025-10-27 15:41:33.825+00	\N
1787	7	Hari venkat	172.18.0.1	2025-10-27 15:41:39.876+00	\N
1788	7	Hari venkat	172.18.0.1	2025-10-27 15:42:07.162+00	\N
1789	7	Hari venkat	172.18.0.1	2025-10-27 15:42:13.196+00	\N
1790	7	Hari venkat	172.18.0.1	2025-10-27 15:42:17.631+00	\N
1791	7	Hari venkat	172.18.0.1	2025-10-27 15:43:28.347+00	\N
1792	7	Hari venkat	172.18.0.1	2025-10-27 15:43:33.096+00	\N
1793	7	Hari venkat	172.18.0.1	2025-10-27 15:46:09.07+00	\N
1794	7	Hari venkat	172.18.0.1	2025-10-27 15:46:12.426+00	\N
1795	7	Hari venkat	172.18.0.1	2025-10-27 15:46:30.017+00	\N
1796	7	Hari venkat	172.18.0.1	2025-10-27 15:46:33.07+00	\N
1797	7	Hari venkat	172.18.0.1	2025-10-27 15:47:19.202+00	\N
1798	7	Hari venkat	172.18.0.1	2025-10-27 15:47:22.559+00	\N
1799	7	Hari venkat	172.18.0.1	2025-10-27 15:47:39.594+00	\N
1800	7	Hari venkat	172.18.0.1	2025-10-27 15:47:42.514+00	\N
1801	7	Hari venkat	172.18.0.1	2025-10-27 15:48:47.234+00	\N
1802	7	Hari venkat	172.18.0.1	2025-10-27 15:48:49.302+00	\N
1803	7	Hari venkat	172.18.0.1	2025-10-27 15:49:06.262+00	\N
1804	7	Hari venkat	172.18.0.1	2025-10-27 15:49:08.492+00	\N
1805	7	Hari venkat	172.18.0.1	2025-10-27 15:49:36.134+00	\N
1806	7	Hari venkat	172.18.0.1	2025-10-27 15:49:53.312+00	\N
1807	7	Hari venkat	172.18.0.1	2025-10-27 15:49:58.098+00	\N
1808	7	Hari venkat	172.18.0.1	2025-10-27 15:50:10.382+00	\N
1809	7	Hari venkat	172.18.0.1	2025-10-27 15:50:13.024+00	\N
1734	8	Kamraann Rajaani	172.18.0.1	2025-10-27 14:55:00.026+00	2025-10-27 15:55:49.501+00
1811	8	Kamraann Rajaani	172.18.0.1	2025-10-27 15:56:15.848+00	2025-10-27 16:56:48.865+00
1812	8	Kamraann Rajaani	172.18.0.1	2025-10-27 16:57:14.734+00	\N
1810	7	Hari venkat	172.18.0.1	2025-10-27 15:51:10.059+00	2025-10-27 16:57:48.855+00
1813	7	Hari venkat	172.18.0.1	2025-10-27 17:17:29.995+00	\N
1814	7	Hari venkat	172.18.0.1	2025-10-27 17:17:33.478+00	\N
1815	7	Hari venkat	172.18.0.1	2025-10-27 17:17:50.195+00	2025-10-27 17:17:53.942+00
1816	7	Hari venkat	172.18.0.1	2025-10-27 17:18:21.467+00	\N
1817	7	Hari venkat	172.18.0.1	2025-10-27 17:18:26.612+00	\N
1818	7	Hari venkat	172.18.0.1	2025-10-27 17:18:43.773+00	\N
1819	7	Hari venkat	172.18.0.1	2025-10-27 17:18:50.712+00	\N
1820	7	Hari venkat	172.18.0.1	2025-10-27 17:18:58.844+00	\N
1821	7	Hari venkat	172.18.0.1	2025-10-27 17:21:19.045+00	\N
1822	7	Hari venkat	172.18.0.1	2025-10-27 17:21:26.421+00	\N
1823	7	Hari venkat	172.18.0.1	2025-10-27 17:21:30.566+00	\N
1824	7	Hari venkat	172.18.0.1	2025-10-27 17:21:32.391+00	\N
1825	7	Hari venkat	172.18.0.1	2025-10-27 17:21:41.882+00	\N
1826	7	Hari venkat	172.18.0.1	2025-10-27 17:21:49.326+00	\N
1827	7	Hari venkat	172.18.0.1	2025-10-27 17:22:05.919+00	\N
1828	7	Hari venkat	172.18.0.1	2025-10-27 17:22:08.348+00	\N
1829	7	Hari venkat	172.18.0.1	2025-10-27 17:22:17.692+00	\N
1830	7	Hari venkat	172.18.0.1	2025-10-27 17:23:10.076+00	\N
1831	7	Hari venkat	172.18.0.1	2025-10-27 17:23:14.361+00	\N
1832	7	Hari venkat	172.18.0.1	2025-10-27 17:23:19.393+00	\N
1833	7	Hari venkat	172.18.0.1	2025-10-27 17:23:19.407+00	\N
1834	7	Hari venkat	172.18.0.1	2025-10-27 17:23:22.165+00	\N
1835	7	Hari venkat	172.18.0.1	2025-10-27 17:23:29.813+00	\N
1836	7	Hari venkat	172.18.0.1	2025-10-27 17:23:46.177+00	\N
1837	7	Hari venkat	172.18.0.1	2025-10-27 17:23:53.118+00	\N
1838	7	Hari venkat	172.18.0.1	2025-10-27 17:23:56.216+00	\N
1839	7	Hari venkat	172.18.0.1	2025-10-27 17:24:01.88+00	\N
1842	7	Hari venkat	172.18.0.1	2025-10-27 17:24:21.694+00	\N
1840	7	Hari venkat	172.18.0.1	2025-10-27 17:24:06.615+00	\N
1841	7	Hari venkat	172.18.0.1	2025-10-27 17:24:18.228+00	\N
1843	7	Hari venkat	172.18.0.1	2025-10-27 17:28:18.884+00	\N
1844	7	Hari venkat	172.18.0.1	2025-10-27 17:28:19.664+00	\N
1845	7	Hari venkat	172.18.0.1	2025-10-27 17:28:27.511+00	\N
1846	7	Hari venkat	172.18.0.1	2025-10-27 17:28:31.687+00	\N
1847	7	Hari venkat	172.18.0.1	2025-10-27 17:28:33.715+00	\N
1848	7	Hari venkat	172.18.0.1	2025-10-27 17:28:50.316+00	\N
1849	7	Hari venkat	172.18.0.1	2025-10-27 17:28:53.247+00	\N
1850	7	Hari venkat	172.18.0.1	2025-10-27 17:29:30.185+00	\N
1851	7	Hari venkat	172.18.0.1	2025-10-27 17:35:03.395+00	\N
1852	7	Hari venkat	172.18.0.1	2025-10-27 17:35:20.595+00	\N
1853	7	Hari venkat	172.18.0.1	2025-10-27 17:35:53.247+00	\N
1854	8	Kamraann Rajaani	172.18.0.1	2025-10-27 17:35:58.693+00	\N
1855	8	Kamraann Rajaani	172.18.0.1	2025-10-27 17:36:03.674+00	\N
1856	8	Kamraann Rajaani	172.18.0.1	2025-10-27 17:36:20.004+00	\N
1857	7	Hari venkat	172.18.0.1	2025-10-27 17:36:25.261+00	\N
1858	8	Kamraann Rajaani	172.18.0.1	2025-10-27 17:36:51.256+00	\N
1859	7	Hari venkat	172.18.0.1	2025-10-27 17:37:07.205+00	\N
1860	8	Kamraann Rajaani	172.18.0.1	2025-10-27 17:37:22.123+00	\N
1861	7	Hari venkat	172.18.0.1	2025-10-27 17:37:39.43+00	\N
1862	8	Kamraann Rajaani	172.18.0.1	2025-10-27 17:37:53.015+00	\N
1863	8	Kamraann Rajaani	172.18.0.1	2025-10-27 17:38:23.867+00	\N
1864	8	Kamraann Rajaani	172.18.0.1	2025-10-27 17:38:54.731+00	\N
1865	8	Kamraann Rajaani	172.18.0.1	2025-10-27 17:39:25.676+00	\N
1866	7	Hari venkat	172.18.0.1	2025-10-27 17:39:38.482+00	\N
1867	8	Kamraann Rajaani	172.18.0.1	2025-10-27 17:39:56.978+00	\N
1868	7	Hari venkat	172.18.0.1	2025-10-27 17:40:11.22+00	\N
1869	8	Kamraann Rajaani	172.18.0.1	2025-10-27 17:40:27.791+00	\N
1870	7	Hari venkat	172.18.0.1	2025-10-27 17:40:42.841+00	\N
1871	8	Kamraann Rajaani	172.18.0.1	2025-10-27 17:40:58.605+00	\N
1872	7	Hari venkat	172.18.0.1	2025-10-27 17:41:14.825+00	\N
1873	8	Kamraann Rajaani	172.18.0.1	2025-10-27 17:41:29.477+00	\N
1874	7	Hari venkat	172.18.0.1	2025-10-27 17:41:46.982+00	\N
1875	8	Kamraann Rajaani	172.18.0.1	2025-10-27 17:42:00.268+00	\N
1876	7	Hari venkat	172.18.0.1	2025-10-27 17:42:19.252+00	\N
1877	8	Kamraann Rajaani	172.18.0.1	2025-10-27 17:42:31.111+00	\N
1878	8	Kamraann Rajaani	172.18.0.1	2025-10-27 17:42:53.527+00	\N
1879	8	Kamraann Rajaani	172.18.0.1	2025-10-27 17:43:24.33+00	\N
1881	7	Hari venkat	172.18.0.1	2025-10-27 17:45:04.893+00	\N
1882	7	Hari venkat	172.18.0.1	2025-10-27 17:45:37.355+00	\N
1883	7	Hari venkat	172.18.0.1	2025-10-27 17:46:46.237+00	\N
1884	7	Hari venkat	172.18.0.1	2025-10-27 17:47:30.845+00	\N
1885	7	Hari venkat	172.18.0.1	2025-10-27 17:48:39.13+00	\N
1886	7	Hari venkat	172.18.0.1	2025-10-27 17:48:44.697+00	\N
1887	7	Hari venkat	172.18.0.1	2025-10-27 17:48:44.7+00	\N
1888	7	Hari venkat	172.18.0.1	2025-10-27 17:48:47.521+00	\N
1889	7	Hari venkat	172.18.0.1	2025-10-27 17:48:51.224+00	\N
1890	7	Hari venkat	172.18.0.1	2025-10-27 17:50:14.179+00	\N
1891	7	Hari venkat	172.18.0.1	2025-10-27 17:50:18.975+00	\N
1892	7	Hari venkat	172.18.0.1	2025-10-27 17:50:23.329+00	\N
1893	7	Hari venkat	172.18.0.1	2025-10-27 17:50:25.88+00	\N
1894	7	Hari venkat	172.18.0.1	2025-10-27 18:18:09.193+00	\N
1895	7	Hari venkat	172.18.0.1	2025-10-27 18:18:11.646+00	\N
1896	7	Hari venkat	172.18.0.1	2025-10-27 18:41:56.938+00	\N
1880	8	Kamraann Rajaani	172.18.0.1	2025-10-27 17:43:32.417+00	2025-10-27 18:44:21.71+00
1897	7	Hari venkat	172.18.0.1	2025-10-27 18:45:15.849+00	\N
1898	7	Hari venkat	172.18.0.1	2025-10-27 18:45:19.521+00	\N
1899	7	Hari venkat	172.18.0.1	2025-10-27 18:53:38.61+00	\N
1900	7	Hari venkat	172.18.0.1	2025-10-27 18:53:38.61+00	\N
1901	7	Hari venkat	172.18.0.1	2025-10-27 18:57:53.363+00	\N
1902	7	Hari venkat	172.18.0.1	2025-10-27 18:57:56.705+00	\N
1903	7	Hari venkat	172.18.0.1	2025-10-27 18:58:03.661+00	\N
1904	7	Hari venkat	172.18.0.1	2025-10-27 19:07:18.029+00	\N
1905	7	Hari venkat	172.18.0.1	2025-10-27 19:07:19.5+00	\N
1906	7	Hari venkat	172.18.0.1	2025-10-27 19:07:20.765+00	\N
1907	7	Hari venkat	172.18.0.1	2025-10-27 19:07:36.131+00	\N
1908	7	Hari venkat	172.18.0.1	2025-10-27 19:07:38.703+00	\N
1909	7	Hari venkat	172.18.0.1	2025-10-27 19:07:41.602+00	\N
1910	7	Hari venkat	172.18.0.1	2025-10-27 19:07:59.371+00	\N
1911	7	Hari venkat	172.18.0.1	2025-10-27 19:08:07.922+00	\N
1912	7	Hari venkat	172.18.0.1	2025-10-27 19:08:10.144+00	\N
1913	7	Hari venkat	172.18.0.1	2025-10-27 19:08:39.116+00	\N
1914	7	Hari venkat	172.18.0.1	2025-10-27 19:08:39.124+00	\N
1915	7	Hari venkat	172.18.0.1	2025-10-27 19:08:42.226+00	\N
1916	7	Hari venkat	172.18.0.1	2025-10-27 19:08:44.179+00	\N
1917	7	Hari venkat	172.18.0.1	2025-10-27 19:09:53.201+00	\N
1918	7	Hari venkat	172.18.0.1	2025-10-27 19:09:59.886+00	\N
1919	7	Hari venkat	172.18.0.1	2025-10-27 19:10:25.638+00	\N
1920	7	Hari venkat	172.18.0.1	2025-10-27 19:11:16.671+00	\N
1921	7	Hari venkat	172.18.0.1	2025-10-27 19:11:48.47+00	\N
1922	7	Hari venkat	172.18.0.1	2025-10-27 19:11:54.105+00	\N
1923	7	Hari venkat	172.18.0.1	2025-10-27 19:11:58.122+00	\N
1924	7	Hari venkat	172.18.0.1	2025-10-27 19:12:02.126+00	\N
1925	7	Hari venkat	172.18.0.1	2025-10-27 19:12:07.954+00	\N
1926	7	Hari venkat	172.18.0.1	2025-10-27 19:12:19.523+00	\N
1927	7	Hari venkat	172.18.0.1	2025-10-27 19:12:22.651+00	\N
1928	7	Hari venkat	172.18.0.1	2025-10-27 19:12:25.618+00	\N
1929	7	Hari venkat	172.18.0.1	2025-10-27 19:12:29.242+00	\N
1930	7	Hari venkat	172.18.0.1	2025-10-27 19:12:46.307+00	\N
1931	7	Hari venkat	172.18.0.1	2025-10-27 19:12:56.961+00	\N
1932	7	Hari venkat	172.18.0.1	2025-10-27 19:13:00.255+00	\N
1933	7	Hari venkat	172.18.0.1	2025-10-27 19:13:02.279+00	\N
1934	7	Hari venkat	172.18.0.1	2025-10-27 19:13:04.971+00	\N
1935	7	Hari venkat	172.18.0.1	2025-10-27 19:15:26.117+00	\N
1936	7	Hari venkat	172.18.0.1	2025-10-27 19:15:26.416+00	\N
1937	7	Hari venkat	172.18.0.1	2025-10-27 19:15:28.46+00	\N
1938	7	Hari venkat	172.18.0.1	2025-10-27 19:15:32.121+00	\N
1939	7	Hari venkat	172.18.0.1	2025-10-27 19:15:34.423+00	\N
1940	7	Hari venkat	172.18.0.1	2025-10-27 19:15:51.067+00	\N
1941	7	Hari venkat	172.18.0.1	2025-10-27 19:16:03.244+00	\N
1942	7	Hari venkat	172.18.0.1	2025-10-27 19:16:06.338+00	\N
1943	7	Hari venkat	172.18.0.1	2025-10-27 19:16:09.366+00	\N
1944	7	Hari venkat	172.18.0.1	2025-10-27 19:16:12.634+00	\N
1945	7	Hari venkat	172.18.0.1	2025-10-27 19:16:20.528+00	\N
1946	7	Hari venkat	172.18.0.1	2025-10-27 19:16:23.151+00	\N
1947	7	Hari venkat	172.18.0.1	2025-10-27 19:16:25.854+00	\N
1948	7	Hari venkat	172.18.0.1	2025-10-27 19:16:27.555+00	\N
1949	7	Hari venkat	172.18.0.1	2025-10-27 19:16:44.15+00	\N
1950	7	Hari venkat	172.18.0.1	2025-10-27 19:16:45.511+00	\N
1951	7	Hari venkat	172.18.0.1	2025-10-27 19:16:48.056+00	\N
1952	7	Hari venkat	172.18.0.1	2025-10-27 19:16:50.802+00	\N
1953	7	Hari venkat	172.18.0.1	2025-10-27 19:16:55.034+00	\N
1954	7	Hari venkat	172.18.0.1	2025-10-27 19:17:36.584+00	\N
1955	7	Hari venkat	172.18.0.1	2025-10-27 19:17:39.161+00	\N
1956	7	Hari venkat	172.18.0.1	2025-10-27 19:17:41.472+00	\N
1957	7	Hari venkat	172.18.0.1	2025-10-27 19:17:58.434+00	\N
1958	7	Hari venkat	172.18.0.1	2025-10-27 19:18:31.164+00	\N
1959	7	Hari venkat	172.18.0.1	2025-10-27 19:18:33.428+00	\N
1961	7	Hari venkat	172.18.0.1	2025-10-27 19:18:40.841+00	\N
1963	7	Hari venkat	172.18.0.1	2025-10-27 19:19:18.788+00	\N
1966	7	Hari venkat	172.18.0.1	2025-10-27 19:19:24.297+00	\N
1969	7	Hari venkat	172.18.0.1	2025-10-27 19:19:30.947+00	\N
1971	7	Hari venkat	172.18.0.1	2025-10-27 19:19:35.635+00	\N
1972	7	Hari venkat	172.18.0.1	2025-10-27 19:19:37.181+00	\N
1977	7	Hari venkat	172.18.0.1	2025-10-27 19:20:48.098+00	\N
1979	7	Hari venkat	172.18.0.1	2025-10-27 19:21:07.329+00	\N
1984	7	Hari venkat	172.18.0.1	2025-10-27 19:26:13.705+00	\N
1960	7	Hari venkat	172.18.0.1	2025-10-27 19:18:38.405+00	\N
1962	7	Hari venkat	172.18.0.1	2025-10-27 19:18:44.825+00	\N
1965	7	Hari venkat	172.18.0.1	2025-10-27 19:19:24.294+00	\N
1968	7	Hari venkat	172.18.0.1	2025-10-27 19:19:28.124+00	\N
1974	7	Hari venkat	172.18.0.1	2025-10-27 19:20:29.117+00	\N
1976	7	Hari venkat	172.18.0.1	2025-10-27 19:20:46.206+00	\N
1978	7	Hari venkat	172.18.0.1	2025-10-27 19:21:04.735+00	\N
1980	7	Hari venkat	172.18.0.1	2025-10-27 19:21:54.243+00	\N
1982	7	Hari venkat	172.18.0.1	2025-10-27 19:22:29.667+00	\N
1985	7	Hari venkat	172.18.0.1	2025-10-27 19:26:16.519+00	\N
1964	7	Hari venkat	172.18.0.1	2025-10-27 19:19:22.771+00	\N
1967	7	Hari venkat	172.18.0.1	2025-10-27 19:19:28.113+00	\N
1970	7	Hari venkat	172.18.0.1	2025-10-27 19:19:34.125+00	\N
1973	7	Hari venkat	172.18.0.1	2025-10-27 19:19:47.484+00	\N
1975	7	Hari venkat	172.18.0.1	2025-10-27 19:20:38.329+00	\N
1981	7	Hari venkat	172.18.0.1	2025-10-27 19:22:26.337+00	\N
1983	7	Hari venkat	172.18.0.1	2025-10-27 19:23:05.311+00	\N
1986	7	Hari venkat	172.18.0.1	2025-10-27 19:30:04.519+00	2025-10-27 20:30:20.793+00
1987	8	Kamraann Rajaani	172.18.0.1	2025-10-28 04:12:14.268+00	2025-10-28 04:12:17.728+00
1988	8	Kamraann Rajaani	172.18.0.1	2025-10-28 04:12:26.652+00	2025-10-28 04:12:29.884+00
1989	8	Kamraann Rajaani	172.18.0.1	2025-10-28 04:24:42.876+00	\N
1990	8	Kamraann Rajaani	172.18.0.1	2025-10-28 04:24:48.143+00	\N
1992	7	Hari venkat	172.18.0.1	2025-10-28 04:29:36.016+00	\N
1993	7	Hari venkat	172.18.0.1	2025-10-28 04:29:49.776+00	\N
1991	8	Kamraann Rajaani	172.18.0.1	2025-10-28 04:25:24.406+00	2025-10-28 05:25:54.786+00
1995	7	Hari venkat	172.18.0.1	2025-10-28 06:04:22.992+00	\N
1996	7	Hari venkat	172.18.0.1	2025-10-28 06:04:28.926+00	\N
1997	7	Hari venkat	172.18.0.1	2025-10-28 06:04:31.982+00	\N
1998	7	Hari venkat	172.18.0.1	2025-10-28 06:04:33.779+00	\N
1999	7	Hari venkat	172.18.0.1	2025-10-28 06:05:13.771+00	\N
2000	7	Hari venkat	172.18.0.1	2025-10-28 06:05:18.8+00	\N
2001	7	Hari venkat	172.18.0.1	2025-10-28 06:05:20.524+00	\N
1994	8	Kamraann Rajaani	172.18.0.1	2025-10-28 05:26:46.088+00	2025-10-28 06:26:54.628+00
2002	7	Hari venkat	172.18.0.1	2025-10-28 06:05:49.527+00	2025-10-28 07:05:54.512+00
2003	8	Kamraann Rajaani	172.18.0.1	2025-10-28 06:27:36.035+00	2025-10-28 07:27:54.443+00
2004	8	Kamraann Rajaani	172.18.0.1	2025-10-28 07:28:36.025+00	2025-10-28 08:28:54.299+00
2005	8	Kamraann Rajaani	172.18.0.1	2025-10-28 08:29:36.192+00	2025-10-28 09:29:54.138+00
2007	7	Hari venkat	172.18.0.1	2025-10-28 09:56:31.386+00	\N
2008	7	Hari venkat	172.18.0.1	2025-10-28 09:56:35.152+00	\N
2009	7	Hari venkat	172.18.0.1	2025-10-28 09:57:12.89+00	\N
2006	8	Kamraann Rajaani	172.18.0.1	2025-10-28 09:30:36.06+00	2025-10-28 10:30:53.94+00
2010	8	Kamraann Rajaani	172.18.0.1	2025-10-28 10:31:36.204+00	2025-10-28 11:31:53.745+00
2012	7	Hari venkat	172.18.0.1	2025-10-28 11:35:11.056+00	\N
2013	7	Hari venkat	172.18.0.1	2025-10-28 11:35:35.696+00	\N
2014	7	Hari venkat	172.18.0.1	2025-10-28 11:35:39.815+00	\N
2015	7	Hari venkat	172.18.0.1	2025-10-28 11:35:41.62+00	\N
2016	7	Hari venkat	172.18.0.1	2025-10-28 11:36:02.376+00	\N
2017	7	Hari venkat	172.18.0.1	2025-10-28 11:36:05.855+00	\N
2018	7	Hari venkat	172.18.0.1	2025-10-28 11:48:47.65+00	\N
2019	7	Hari venkat	172.18.0.1	2025-10-28 11:52:43.628+00	\N
2020	7	Hari venkat	172.18.0.1	2025-10-28 11:55:18.726+00	\N
2021	7	Hari venkat	172.18.0.1	2025-10-28 11:55:23.176+00	\N
2022	7	Hari venkat	172.18.0.1	2025-10-28 11:55:33.027+00	\N
2011	8	Kamraann Rajaani	172.18.0.1	2025-10-28 11:32:36.113+00	2025-10-28 12:32:53.143+00
2023	7	Hari venkat	172.18.0.1	2025-10-28 12:50:35.07+00	\N
2024	7	Hari venkat	172.18.0.1	2025-10-28 12:50:38.733+00	\N
2025	7	Hari venkat	172.18.0.1	2025-10-28 13:15:41.916+00	\N
2026	7	Hari venkat	172.18.0.1	2025-10-28 13:41:52.286+00	\N
2027	7	Hari venkat	172.18.0.1	2025-10-28 13:45:47.32+00	\N
2028	7	Hari venkat	172.18.0.1	2025-10-28 13:51:22.569+00	\N
2029	7	Hari venkat	172.18.0.1	2025-10-28 14:12:28.543+00	\N
2030	7	Hari venkat	172.18.0.1	2025-10-28 14:12:33.071+00	\N
2031	7	Hari venkat	172.18.0.1	2025-10-28 14:12:36.94+00	\N
2032	7	Hari venkat	172.18.0.1	2025-10-28 14:13:01.116+00	\N
2033	7	Hari venkat	172.18.0.1	2025-10-28 14:13:04.345+00	\N
2034	7	Hari venkat	172.18.0.1	2025-10-28 14:13:08.195+00	2025-10-28 15:13:51.94+00
2035	7	Hari venkat	172.18.0.1	2025-10-28 15:14:17.894+00	\N
2036	7	Hari venkat	172.18.0.1	2025-10-28 15:55:59.107+00	\N
2037	7	Hari venkat	172.18.0.1	2025-10-28 15:56:01.766+00	\N
2038	7	Hari venkat	172.18.0.1	2025-10-28 16:42:44.867+00	\N
2039	7	Hari venkat	172.18.0.1	2025-10-28 16:43:10.707+00	\N
2040	7	Hari venkat	172.18.0.1	2025-10-28 17:41:32.523+00	\N
2041	7	Hari venkat	172.18.0.1	2025-10-28 17:43:57.459+00	\N
2042	7	Hari venkat	172.18.0.1	2025-10-28 19:43:37.553+00	\N
2043	7	Hari venkat	172.18.0.1	2025-10-28 19:43:39.973+00	2025-10-28 20:43:49.607+00
2044	7	Hari venkat	172.18.0.1	2025-10-29 03:53:16.271+00	\N
2045	7	Hari venkat	172.18.0.1	2025-10-29 03:53:33.34+00	\N
2046	7	Hari venkat	172.18.0.1	2025-10-29 04:20:24.965+00	\N
2047	7	Hari venkat	172.18.0.1	2025-10-29 04:21:24.065+00	\N
2048	7	Hari venkat	172.18.0.1	2025-10-29 04:22:33.914+00	\N
2049	7	Hari venkat	172.18.0.1	2025-10-29 04:24:42.164+00	\N
2050	7	Hari venkat	172.18.0.1	2025-10-29 04:24:43.296+00	\N
2051	7	Hari venkat	172.18.0.1	2025-10-29 05:09:09.537+00	\N
2052	7	Hari venkat	172.18.0.1	2025-10-29 06:19:28.921+00	\N
2053	7	Hari venkat	172.18.0.1	2025-10-29 06:20:01.326+00	\N
2054	7	Hari venkat	172.18.0.1	2025-10-29 06:21:10.731+00	\N
2055	7	Hari venkat	172.18.0.1	2025-10-29 06:22:12.627+00	2025-10-29 08:41:42.847+00
2056	7	Hari venkat	172.18.0.1	2025-10-29 09:15:58.423+00	\N
2057	7	Hari venkat	172.18.0.1	2025-10-29 09:16:51.019+00	\N
2058	7	Hari venkat	172.18.0.1	2025-10-29 09:16:54.137+00	\N
2059	7	Hari venkat	172.18.0.1	2025-10-29 11:39:26.219+00	\N
2060	7	Hari venkat	172.18.0.1	2025-10-29 11:43:56.984+00	\N
2061	7	Hari venkat	172.18.0.1	2025-10-29 11:44:06.617+00	\N
2062	7	Hari venkat	172.18.0.1	2025-10-29 11:44:13.757+00	\N
2063	7	Hari venkat	172.18.0.1	2025-10-29 11:44:16.926+00	\N
2064	7	Hari venkat	172.18.0.1	2025-10-29 11:44:39.304+00	\N
2065	7	Hari venkat	172.18.0.1	2025-10-29 11:44:41.372+00	\N
2066	7	Hari venkat	172.18.0.1	2025-10-29 11:44:43.411+00	\N
2067	7	Hari venkat	172.18.0.1	2025-10-29 12:00:26.742+00	2025-10-29 13:00:40.765+00
2068	7	Hari venkat	172.18.0.1	2025-10-29 16:30:53.18+00	\N
2069	7	Hari venkat	172.18.0.1	2025-10-29 16:30:56.158+00	\N
2070	7	Hari venkat	172.18.0.1	2025-10-29 18:01:33.709+00	\N
2071	7	Hari venkat	172.18.0.1	2025-10-29 18:01:39.854+00	\N
2072	7	Hari venkat	172.18.0.1	2025-10-29 18:25:09.351+00	\N
2073	7	Hari venkat	172.18.0.1	2025-10-29 18:44:48.933+00	\N
2074	7	Hari venkat	172.18.0.1	2025-10-29 18:44:58.385+00	2025-10-29 19:45:37.001+00
2075	7	Hari venkat	172.18.0.1	2025-10-30 05:01:31.715+00	\N
2076	7	Hari venkat	172.18.0.1	2025-10-30 05:01:35.351+00	\N
2077	7	Hari venkat	172.18.0.1	2025-10-30 05:01:40.402+00	\N
2078	7	Hari venkat	172.18.0.1	2025-10-30 05:01:45.007+00	\N
2079	7	Hari venkat	172.18.0.1	2025-10-30 05:11:58.35+00	\N
2080	7	Hari venkat	172.18.0.1	2025-10-30 05:12:01.671+00	\N
2081	7	Hari venkat	172.18.0.1	2025-10-30 05:56:42.342+00	\N
2082	7	Hari venkat	172.18.0.1	2025-10-30 06:25:36.265+00	\N
2083	7	Hari venkat	172.18.0.1	2025-10-30 06:25:41.791+00	\N
2084	7	Hari venkat	172.18.0.1	2025-10-30 06:25:44.478+00	\N
2085	7	Hari venkat	172.18.0.1	2025-10-30 06:36:08.512+00	\N
2086	7	Hari venkat	172.18.0.1	2025-10-30 06:36:12.172+00	\N
2087	7	Hari venkat	172.18.0.1	2025-10-30 06:36:14.633+00	\N
2088	7	Hari venkat	172.18.0.1	2025-10-30 06:36:18.349+00	\N
2089	7	Hari venkat	172.18.0.1	2025-10-30 06:36:20.553+00	\N
2090	7	Hari venkat	172.18.0.1	2025-10-30 06:36:21.675+00	\N
2091	7	Hari venkat	172.18.0.1	2025-10-30 06:36:22.692+00	\N
2092	7	Hari venkat	172.18.0.1	2025-10-30 06:36:27.154+00	\N
2093	7	Hari venkat	172.18.0.1	2025-10-30 06:37:29.506+00	\N
2094	7	Hari venkat	172.18.0.1	2025-10-30 06:37:33.566+00	\N
2095	7	Hari venkat	172.18.0.1	2025-10-30 06:37:51.873+00	\N
2096	7	Hari venkat	172.18.0.1	2025-10-30 06:37:56.185+00	\N
2097	7	Hari venkat	172.18.0.1	2025-10-30 06:37:58.912+00	\N
2100	7	Hari venkat	172.18.0.1	2025-10-30 06:38:13.814+00	\N
2104	7	Hari venkat	172.18.0.1	2025-10-30 10:44:11.929+00	\N
2105	7	Hari venkat	172.18.0.1	2025-10-30 10:44:11.933+00	\N
2106	7	Hari venkat	172.18.0.1	2025-10-30 10:44:14.211+00	\N
2112	7	Hari venkat	172.18.0.1	2025-10-30 12:48:35.668+00	\N
2114	7	Hari venkat	172.18.0.1	2025-10-30 12:53:19.654+00	\N
2115	7	Hari venkat	172.18.0.1	2025-10-30 13:14:43.502+00	\N
2116	7	Hari venkat	172.18.0.1	2025-10-30 13:14:46.94+00	\N
2117	7	Hari venkat	172.18.0.1	2025-10-30 13:14:46.944+00	\N
2118	7	Hari venkat	172.18.0.1	2025-10-30 13:14:48.646+00	\N
2120	7	Hari venkat	172.18.0.1	2025-10-30 14:17:17.823+00	\N
2126	7	Hari venkat	172.18.0.1	2025-10-30 18:02:58.517+00	\N
2127	7	Hari venkat	172.18.0.1	2025-10-30 18:03:40.13+00	\N
2128	7	Hari venkat	172.18.0.1	2025-10-30 18:03:42.083+00	\N
2129	7	Hari venkat	172.18.0.1	2025-10-30 18:03:47.888+00	\N
2131	7	Hari venkat	172.18.0.1	2025-10-30 18:04:03.433+00	\N
2132	7	Hari venkat	172.18.0.1	2025-10-30 18:04:20.841+00	\N
2133	7	Hari venkat	172.18.0.1	2025-10-30 18:05:11.265+00	\N
2134	7	Hari venkat	172.18.0.1	2025-10-30 18:05:26.348+00	\N
2135	7	Hari venkat	172.18.0.1	2025-10-30 18:05:33.9+00	\N
2137	7	Hari venkat	172.18.0.1	2025-10-30 18:06:03.589+00	\N
2139	8	Kamraann Rajaani	172.18.0.1	2025-10-30 19:26:34.216+00	\N
2141	8	Kamraann Rajaani	172.18.0.1	2025-10-30 19:26:38.164+00	\N
2142	8	Kamraann Rajaani	172.18.0.1	2025-10-30 19:26:39.9+00	\N
2144	8	Kamraann Rajaani	172.18.0.1	2025-10-30 19:29:15.558+00	\N
2146	8	Kamraann Rajaani	172.18.0.1	2025-10-30 19:29:25.061+00	\N
2147	8	Kamraann Rajaani	172.18.0.1	2025-10-30 19:29:26.041+00	\N
2148	8	Kamraann Rajaani	172.18.0.1	2025-10-30 19:29:27.163+00	2025-10-30 20:30:26.51+00
2150	7	Hari venkat	172.18.0.1	2025-10-31 04:00:46.603+00	\N
2152	7	Hari venkat	172.18.0.1	2025-10-31 05:50:59.177+00	\N
2153	7	Hari venkat	172.18.0.1	2025-10-31 05:51:04.138+00	\N
2154	7	Hari venkat	172.18.0.1	2025-10-31 05:51:06.538+00	\N
2159	7	Hari venkat	172.18.0.1	2025-10-31 07:14:41.212+00	\N
2161	7	Hari venkat	172.18.0.1	2025-10-31 07:25:58.636+00	\N
2165	7	Hari venkat	172.18.0.1	2025-10-31 07:40:36.347+00	\N
2166	7	Hari venkat	172.18.0.1	2025-10-31 07:40:39.836+00	\N
2169	7	Hari venkat	172.18.0.1	2025-10-31 14:33:01.977+00	\N
2170	7	Hari venkat	172.18.0.1	2025-10-31 14:44:06.704+00	\N
2098	7	Hari venkat	172.18.0.1	2025-10-30 06:38:02.808+00	\N
2099	7	Hari venkat	172.18.0.1	2025-10-30 06:38:06.047+00	\N
2101	7	Hari venkat	172.18.0.1	2025-10-30 06:38:49.49+00	\N
2102	7	Hari venkat	172.18.0.1	2025-10-30 06:48:47.998+00	2025-10-30 07:49:30.331+00
2103	7	Hari venkat	172.18.0.1	2025-10-30 10:44:07.858+00	\N
2107	7	Hari venkat	172.18.0.1	2025-10-30 10:44:19.958+00	\N
2108	7	Hari venkat	172.18.0.1	2025-10-30 10:44:20.404+00	\N
2109	7	Hari venkat	172.18.0.1	2025-10-30 10:44:21.429+00	2025-10-30 11:44:28.338+00
2110	7	Hari venkat	172.18.0.1	2025-10-30 12:24:10.926+00	\N
2111	7	Hari venkat	172.18.0.1	2025-10-30 12:24:13.812+00	\N
2113	7	Hari venkat	172.18.0.1	2025-10-30 12:52:58.456+00	\N
2119	7	Hari venkat	172.18.0.1	2025-10-30 13:15:04.632+00	\N
2121	7	Hari venkat	172.18.0.1	2025-10-30 15:25:49.313+00	\N
2122	7	Hari venkat	172.18.0.1	2025-10-30 17:34:03.033+00	\N
2123	7	Hari venkat	172.18.0.1	2025-10-30 17:34:07.282+00	\N
2124	7	Hari venkat	172.18.0.1	2025-10-30 17:34:11.205+00	\N
2125	7	Hari venkat	172.18.0.1	2025-10-30 18:02:42.661+00	\N
2130	7	Hari venkat	172.18.0.1	2025-10-30 18:03:55.085+00	\N
2136	7	Hari venkat	172.18.0.1	2025-10-30 18:05:37.79+00	\N
2138	7	Hari venkat	172.18.0.1	2025-10-30 18:06:06.7+00	2025-10-30 19:06:27+00
2140	8	Kamraann Rajaani	172.18.0.1	2025-10-30 19:26:38.163+00	\N
2143	8	Kamraann Rajaani	172.18.0.1	2025-10-30 19:26:55.489+00	\N
2145	8	Kamraann Rajaani	172.18.0.1	2025-10-30 19:29:19.845+00	\N
2149	7	Hari venkat	172.18.0.1	2025-10-31 04:00:41.88+00	\N
2151	7	Hari venkat	172.18.0.1	2025-10-31 05:03:20.003+00	\N
2155	7	Hari venkat	172.18.0.1	2025-10-31 05:56:13.269+00	\N
2156	7	Hari venkat	172.18.0.1	2025-10-31 05:56:16.201+00	\N
2157	7	Hari venkat	172.18.0.1	2025-10-31 07:06:08.481+00	\N
2158	7	Hari venkat	172.18.0.1	2025-10-31 07:14:05.386+00	\N
2160	7	Hari venkat	172.18.0.1	2025-10-31 07:15:29.158+00	\N
2162	7	Hari venkat	172.18.0.1	2025-10-31 07:40:26.923+00	\N
2163	7	Hari venkat	172.18.0.1	2025-10-31 07:40:26.934+00	\N
2164	7	Hari venkat	172.18.0.1	2025-10-31 07:40:28.535+00	\N
2167	7	Hari venkat	172.18.0.1	2025-10-31 07:40:44.902+00	\N
2168	7	Hari venkat	172.18.0.1	2025-10-31 07:40:48.173+00	2025-10-31 09:12:20.673+00
2171	7	Hari venkat	172.18.0.1	2025-10-31 15:47:15.121+00	\N
2172	7	Hari venkat	172.18.0.1	2025-10-31 15:47:18.182+00	\N
2173	7	Hari venkat	172.18.0.1	2025-10-31 16:25:05.853+00	\N
2174	7	Hari venkat	172.18.0.1	2025-10-31 16:27:04.691+00	\N
2175	7	Hari venkat	172.18.0.1	2025-10-31 16:27:41.08+00	\N
2176	7	Hari venkat	172.18.0.1	2025-10-31 16:27:45.067+00	\N
2177	7	Hari venkat	172.18.0.1	2025-10-31 16:27:48.382+00	\N
2178	7	Hari venkat	172.18.0.1	2025-10-31 16:27:56.987+00	\N
2179	7	Hari venkat	172.18.0.1	2025-10-31 16:28:01.057+00	\N
2180	7	Hari venkat	172.18.0.1	2025-10-31 16:28:08.97+00	\N
2181	7	Hari venkat	172.18.0.1	2025-10-31 16:35:37.142+00	\N
2182	7	Hari venkat	172.18.0.1	2025-10-31 16:35:41.482+00	\N
2183	7	Hari venkat	172.18.0.1	2025-10-31 17:36:07.126+00	\N
2184	7	Hari venkat	172.18.0.1	2025-10-31 18:36:01.871+00	\N
2185	7	Hari venkat	172.18.0.1	2025-10-31 18:36:09.451+00	\N
2186	7	Hari venkat	172.18.0.1	2025-10-31 18:36:10.812+00	\N
2187	7	Hari venkat	172.18.0.1	2025-10-31 18:38:30.755+00	\N
2188	7	Hari venkat	172.18.0.1	2025-10-31 18:38:32.795+00	\N
2189	7	Hari venkat	172.18.0.1	2025-10-31 18:38:35.191+00	\N
2190	7	Hari venkat	172.18.0.1	2025-10-31 18:52:07.134+00	2025-10-31 20:02:15.18+00
2191	7	Hari venkat	172.18.0.1	2025-11-01 04:32:23.194+00	\N
2192	7	Hari venkat	172.18.0.1	2025-11-01 04:32:26.333+00	\N
2193	7	Hari venkat	172.18.0.1	2025-11-01 04:33:13.921+00	\N
2194	7	Hari venkat	172.18.0.1	2025-11-01 04:33:16.234+00	\N
2195	7	Hari venkat	172.18.0.1	2025-11-01 06:06:14.477+00	2025-11-01 07:08:08.424+00
2196	7	Hari venkat	172.18.0.1	2025-11-01 11:42:48.096+00	\N
2197	7	Hari venkat	172.18.0.1	2025-11-01 11:42:52.691+00	\N
2198	7	Hari venkat	172.18.0.1	2025-11-01 12:15:36.548+00	\N
2199	7	Hari venkat	172.18.0.1	2025-11-01 12:15:40.83+00	\N
2200	7	Hari venkat	172.18.0.1	2025-11-01 12:49:40.771+00	\N
2201	7	Hari venkat	172.18.0.1	2025-11-01 12:49:44.344+00	\N
2202	7	Hari venkat	172.18.0.1	2025-11-01 13:23:36.013+00	\N
2203	7	Hari venkat	172.18.0.1	2025-11-01 13:23:37.711+00	\N
2204	7	Hari venkat	172.18.0.1	2025-11-01 13:23:40.262+00	\N
2205	7	Hari venkat	172.18.0.1	2025-11-01 13:23:42.168+00	\N
2206	7	Hari venkat	172.18.0.1	2025-11-01 14:34:38.634+00	\N
2207	7	Hari venkat	172.18.0.1	2025-11-01 14:58:38.65+00	\N
2208	7	Hari venkat	172.18.0.1	2025-11-01 14:58:42.314+00	\N
2209	7	Hari venkat	172.18.0.1	2025-11-01 14:58:45.473+00	\N
2210	7	Hari venkat	172.18.0.1	2025-11-01 14:59:09.059+00	\N
2211	7	Hari venkat	172.18.0.1	2025-11-01 14:59:12.586+00	\N
2212	7	Hari venkat	172.18.0.1	2025-11-01 15:09:22.091+00	\N
2213	7	Hari venkat	172.18.0.1	2025-11-01 15:09:26.663+00	\N
2214	7	Hari venkat	172.18.0.1	2025-11-01 15:09:30.487+00	\N
2215	7	Hari venkat	172.18.0.1	2025-11-01 15:09:39.077+00	\N
2216	7	Hari venkat	172.18.0.1	2025-11-01 15:09:39.702+00	2025-11-01 16:10:03.389+00
2217	7	Hari venkat	172.18.0.1	2025-11-01 16:11:52.965+00	\N
2218	7	Hari venkat	172.18.0.1	2025-11-01 16:11:55.896+00	\N
2219	7	Hari venkat	172.18.0.1	2025-11-01 16:15:05.265+00	\N
2220	7	Hari venkat	172.18.0.1	2025-11-01 16:15:07.972+00	\N
2221	7	Hari venkat	172.18.0.1	2025-11-01 17:32:50.077+00	\N
2222	7	Hari venkat	172.18.0.1	2025-11-01 18:35:33.807+00	\N
2223	7	Hari venkat	172.18.0.1	2025-11-01 18:35:39.236+00	\N
2224	7	Hari venkat	172.18.0.1	2025-11-01 18:35:52.245+00	\N
2225	7	Hari venkat	172.18.0.1	2025-11-01 18:35:55.021+00	2025-11-01 19:36:02.157+00
2226	7	Hari venkat	172.18.0.1	2025-11-02 05:52:51.557+00	\N
2227	7	Hari venkat	172.18.0.1	2025-11-02 05:52:54.131+00	\N
2228	7	Hari venkat	172.18.0.1	2025-11-02 07:06:26.409+00	\N
2229	7	Hari venkat	172.18.0.1	2025-11-02 07:36:42.233+00	\N
2230	7	Hari venkat	172.18.0.1	2025-11-02 07:36:45.924+00	\N
2231	7	Hari venkat	172.18.0.1	2025-11-02 08:05:27.926+00	\N
2232	7	Hari venkat	172.18.0.1	2025-11-02 08:34:14.498+00	\N
2233	7	Hari venkat	172.18.0.1	2025-11-02 08:34:18.399+00	\N
2234	7	Hari venkat	172.18.0.1	2025-11-02 08:34:22.624+00	\N
2235	7	Hari venkat	172.18.0.1	2025-11-02 08:34:50.522+00	2025-11-02 09:34:56.092+00
2236	7	Hari venkat	172.18.0.1	2025-11-02 14:01:18.916+00	\N
2237	7	Hari venkat	172.18.0.1	2025-11-02 14:01:22.214+00	\N
2238	7	Hari venkat	172.18.0.1	2025-11-02 14:02:30.901+00	\N
2239	7	Hari venkat	172.18.0.1	2025-11-02 14:02:36.682+00	\N
2240	7	Hari venkat	172.18.0.1	2025-11-02 16:36:21.745+00	\N
2241	7	Hari venkat	172.18.0.1	2025-11-02 16:36:24.265+00	\N
2242	7	Hari venkat	172.18.0.1	2025-11-02 16:36:30.735+00	\N
2243	7	Hari venkat	172.18.0.1	2025-11-02 17:20:25.711+00	\N
2244	7	Hari venkat	172.18.0.1	2025-11-02 18:59:44.027+00	\N
2245	7	Hari venkat	172.18.0.1	2025-11-02 18:59:48.868+00	2025-11-02 20:02:52.363+00
2246	7	Hari venkat	172.18.0.1	2025-11-05 15:58:14.265+00	\N
2247	7	Hari venkat	172.18.0.1	2025-11-05 15:58:17.394+00	\N
2248	7	Hari venkat	172.18.0.1	2025-11-05 15:59:41.563+00	\N
2249	7	Hari venkat	172.18.0.1	2025-11-05 16:01:03.342+00	\N
2250	7	Hari venkat	172.18.0.1	2025-11-05 16:02:53.95+00	\N
2251	7	Hari venkat	172.18.0.1	2025-11-05 16:02:56.933+00	\N
2252	7	Hari venkat	172.18.0.1	2025-11-05 16:03:18.095+00	\N
2253	7	Hari venkat	172.18.0.1	2025-11-05 16:03:44.571+00	\N
2254	7	Hari venkat	172.18.0.1	2025-11-05 16:04:47.404+00	\N
2257	7	Hari venkat	172.18.0.1	2025-11-05 16:47:00.614+00	\N
2258	7	Hari venkat	172.18.0.1	2025-11-05 16:58:08.914+00	\N
2260	7	Hari venkat	172.18.0.1	2025-11-05 17:23:34.326+00	\N
2262	7	Hari venkat	172.18.0.1	2025-11-05 19:55:13.505+00	\N
2264	7	Hari venkat	172.18.0.1	2025-11-05 19:57:13.011+00	2025-11-05 20:57:29.421+00
2266	7	Hari venkat	172.18.0.1	2025-11-06 04:02:28.29+00	\N
2267	7	Hari venkat	172.18.0.1	2025-11-06 04:24:02.999+00	\N
2269	7	Hari venkat	172.18.0.1	2025-11-06 06:21:16.908+00	2025-11-06 07:21:23.328+00
2271	7	Hari venkat	172.18.0.1	2025-11-06 13:51:10.572+00	\N
2275	7	Hari venkat	172.18.0.1	2025-11-06 14:39:38.032+00	\N
2276	7	Hari venkat	172.18.0.1	2025-11-06 14:39:48.542+00	\N
2279	7	Hari venkat	172.18.0.1	2025-11-06 14:40:08.64+00	\N
2283	7	Hari venkat	172.18.0.1	2025-11-06 17:52:18.462+00	\N
2287	7	Hari venkat	172.18.0.1	2025-11-07 05:48:33.925+00	\N
2291	7	Hari venkat	172.18.0.1	2025-11-07 05:49:17.62+00	\N
2292	7	Hari venkat	172.18.0.1	2025-11-07 06:28:48.242+00	\N
2293	7	Hari venkat	172.18.0.1	2025-11-07 06:56:24.136+00	\N
2296	7	Hari venkat	172.18.0.1	2025-11-07 08:50:13.038+00	2025-11-07 09:51:07.415+00
2300	7	Hari venkat	172.18.0.1	2025-11-07 20:21:26.78+00	\N
2309	7	Hari venkat	172.18.0.1	2025-11-08 07:58:54.848+00	2025-11-08 09:02:56.004+00
2311	7	Hari venkat	172.18.0.1	2025-11-08 13:11:17.752+00	\N
2312	7	Hari venkat	172.18.0.1	2025-11-08 15:26:06.495+00	\N
2314	7	Hari venkat	172.18.0.1	2025-11-08 15:30:44.666+00	\N
2316	7	Hari venkat	172.18.0.1	2025-11-08 15:31:15.666+00	\N
2317	7	Hari venkat	172.18.0.1	2025-11-08 15:53:42.842+00	\N
2318	7	Hari venkat	172.18.0.1	2025-11-08 19:00:41.238+00	\N
2319	7	Hari venkat	172.18.0.1	2025-11-08 19:00:45.042+00	\N
2321	7	Hari venkat	172.18.0.1	2025-11-08 19:00:50.401+00	2025-11-08 20:00:51.281+00
2323	7	Hari venkat	172.18.0.1	2025-11-09 11:34:18.047+00	\N
2324	7	Hari venkat	172.18.0.1	2025-11-09 11:34:53.708+00	\N
2326	7	Hari venkat	172.18.0.1	2025-11-09 15:13:08.896+00	\N
2327	7	Hari venkat	172.18.0.1	2025-11-09 15:13:11.192+00	\N
2328	7	Hari venkat	172.18.0.1	2025-11-09 17:22:43.431+00	\N
2335	7	Hari venkat	172.18.0.1	2025-11-11 05:44:21.571+00	\N
2336	7	Hari venkat	172.18.0.1	2025-11-11 05:44:28.074+00	\N
2343	7	Hari venkat	172.18.0.1	2025-11-11 05:52:21.809+00	\N
2345	7	Hari venkat	172.18.0.1	2025-11-11 06:27:52.51+00	\N
2348	7	Hari venkat	172.18.0.1	2025-11-11 07:11:25.103+00	\N
2354	7	Hari venkat	172.18.0.1	2025-11-11 13:47:21.409+00	\N
2357	7	Hari venkat	172.18.0.1	2025-11-11 13:53:51.095+00	\N
2359	7	Hari venkat	172.18.0.1	2025-11-11 13:55:42.034+00	\N
2360	7	Hari venkat	172.18.0.1	2025-11-11 14:16:47.069+00	\N
2361	7	Hari venkat	172.18.0.1	2025-11-11 14:17:38.689+00	2025-11-11 15:18:13.736+00
2363	7	Hari venkat	172.18.0.1	2025-11-11 15:37:32.42+00	2025-11-11 16:56:12.678+00
2255	7	Hari venkat	172.18.0.1	2025-11-05 16:20:40.648+00	\N
2256	7	Hari venkat	172.18.0.1	2025-11-05 16:21:31.797+00	\N
2259	7	Hari venkat	172.18.0.1	2025-11-05 17:23:31.61+00	\N
2261	7	Hari venkat	172.18.0.1	2025-11-05 19:55:13.432+00	\N
2263	7	Hari venkat	172.18.0.1	2025-11-05 19:57:09.764+00	\N
2268	7	Hari venkat	172.18.0.1	2025-11-06 06:21:14.152+00	\N
2270	7	Hari venkat	172.18.0.1	2025-11-06 13:51:07.904+00	\N
2278	7	Hari venkat	172.18.0.1	2025-11-06 14:40:05.512+00	\N
2281	7	Hari venkat	172.18.0.1	2025-11-06 16:33:14.926+00	\N
2284	7	Hari venkat	172.18.0.1	2025-11-06 18:00:00.498+00	2025-11-06 19:22:16.555+00
2286	7	Hari venkat	172.18.0.1	2025-11-07 05:48:29.854+00	\N
2290	7	Hari venkat	172.18.0.1	2025-11-07 05:49:15.692+00	\N
2294	7	Hari venkat	172.18.0.1	2025-11-07 06:56:59.888+00	\N
2299	7	Hari venkat	172.18.0.1	2025-11-07 20:21:23.748+00	\N
2302	7	Hari venkat	172.18.0.1	2025-11-07 20:21:35.725+00	2025-11-07 21:22:01.354+00
2303	7	Hari venkat	172.18.0.1	2025-11-08 04:18:56.699+00	\N
2306	7	Hari venkat	172.18.0.1	2025-11-08 07:43:36.072+00	\N
2310	7	Hari venkat	172.18.0.1	2025-11-08 13:11:09.234+00	\N
2313	7	Hari venkat	172.18.0.1	2025-11-08 15:30:25.268+00	\N
2315	7	Hari venkat	172.18.0.1	2025-11-08 15:31:07.515+00	\N
2320	7	Hari venkat	172.18.0.1	2025-11-08 19:00:47.82+00	\N
2330	7	Hari venkat	172.18.0.1	2025-11-09 17:37:35.575+00	2025-11-09 19:41:37.705+00
2337	7	Hari venkat	172.18.0.1	2025-11-11 05:44:29.549+00	\N
2338	7	Hari venkat	172.18.0.1	2025-11-11 05:44:43.323+00	\N
2339	7	Hari venkat	172.18.0.1	2025-11-11 05:45:01.347+00	\N
2340	7	Hari venkat	172.18.0.1	2025-11-11 05:45:21.782+00	\N
2341	7	Hari venkat	172.18.0.1	2025-11-11 05:46:11.176+00	\N
2344	7	Hari venkat	172.18.0.1	2025-11-11 06:27:15.683+00	\N
2346	7	Hari venkat	172.18.0.1	2025-11-11 07:11:22.887+00	\N
2349	7	Hari venkat	172.18.0.1	2025-11-11 08:25:56.712+00	2025-11-11 10:20:16.243+00
2350	7	Hari venkat	172.18.0.1	2025-11-11 13:08:06.997+00	\N
2351	7	Hari venkat	172.18.0.1	2025-11-11 13:08:15.187+00	\N
2352	7	Hari venkat	172.18.0.1	2025-11-11 13:24:51.276+00	\N
2355	7	Hari venkat	172.18.0.1	2025-11-11 13:48:17.622+00	\N
2358	7	Hari venkat	172.18.0.1	2025-11-11 13:54:47.212+00	\N
2362	7	Hari venkat	172.18.0.1	2025-11-11 15:37:24.498+00	\N
2365	7	Hari venkat	172.18.0.1	2025-11-12 15:55:52.541+00	2025-11-12 17:21:57.63+00
2265	7	Hari venkat	172.18.0.1	2025-11-06 04:02:17.701+00	\N
2272	7	Hari venkat	172.18.0.1	2025-11-06 13:58:28.917+00	\N
2273	7	Hari venkat	172.18.0.1	2025-11-06 13:58:34.529+00	\N
2274	7	Hari venkat	172.18.0.1	2025-11-06 14:13:02.332+00	\N
2277	7	Hari venkat	172.18.0.1	2025-11-06 14:39:56.99+00	\N
2280	7	Hari venkat	172.18.0.1	2025-11-06 15:09:40.018+00	2025-11-06 16:10:17.87+00
2282	7	Hari venkat	172.18.0.1	2025-11-06 16:33:17.717+00	\N
2285	7	Hari venkat	172.18.0.1	2025-11-07 05:48:25.914+00	\N
2288	7	Hari venkat	172.18.0.1	2025-11-07 05:48:36.124+00	\N
2289	7	Hari venkat	172.18.0.1	2025-11-07 05:49:15.314+00	\N
2295	7	Hari venkat	172.18.0.1	2025-11-07 07:18:24.053+00	\N
2297	7	Hari venkat	172.18.0.1	2025-11-07 20:18:31.526+00	\N
2298	7	Hari venkat	172.18.0.1	2025-11-07 20:20:00.777+00	\N
2301	7	Hari venkat	172.18.0.1	2025-11-07 20:21:32.615+00	\N
2304	7	Hari venkat	172.18.0.1	2025-11-08 04:19:02.198+00	\N
2305	7	Hari venkat	172.18.0.1	2025-11-08 05:15:12.424+00	2025-11-08 06:54:57.193+00
2307	7	Hari venkat	172.18.0.1	2025-11-08 07:43:38.025+00	\N
2308	7	Hari venkat	172.18.0.1	2025-11-08 07:58:18.947+00	\N
2322	7	Hari venkat	172.18.0.1	2025-11-09 11:33:54.272+00	\N
2325	7	Hari venkat	172.18.0.1	2025-11-09 11:36:06.479+00	2025-11-09 12:36:40.924+00
2329	7	Hari venkat	172.18.0.1	2025-11-09 17:22:43.592+00	\N
2331	7	Hari venkat	172.18.0.1	2025-11-11 05:42:11.324+00	\N
2332	7	Hari venkat	172.18.0.1	2025-11-11 05:43:19.561+00	\N
2333	7	Hari venkat	172.18.0.1	2025-11-11 05:43:24.834+00	\N
2334	7	Hari venkat	172.18.0.1	2025-11-11 05:43:45.112+00	\N
2342	7	Hari venkat	172.18.0.1	2025-11-11 05:47:25.366+00	\N
2347	7	Hari venkat	172.18.0.1	2025-11-11 07:11:23.272+00	\N
2353	7	Hari venkat	172.18.0.1	2025-11-11 13:33:52.353+00	\N
2356	7	Hari venkat	172.18.0.1	2025-11-11 13:53:43.661+00	\N
2364	7	Hari venkat	172.18.0.1	2025-11-12 15:55:49.348+00	\N
2366	7	Hari venkat	172.18.0.1	2025-11-13 04:20:57.768+00	\N
2367	7	Hari venkat	172.18.0.1	2025-11-13 04:21:00.483+00	\N
2368	7	Hari venkat	172.18.0.1	2025-11-13 04:21:18.306+00	\N
2369	7	Hari venkat	172.18.0.1	2025-11-13 04:21:28.284+00	\N
2370	7	Hari venkat	172.18.0.1	2025-11-13 04:21:30.411+00	\N
2371	7	Hari venkat	172.18.0.1	2025-11-13 04:21:52.281+00	\N
2372	7	Hari venkat	172.18.0.1	2025-11-13 04:22:19.047+00	\N
2373	7	Hari venkat	172.18.0.1	2025-11-13 04:22:22.285+00	\N
2374	7	Hari venkat	172.18.0.1	2025-11-13 04:22:22.299+00	\N
2375	7	Hari venkat	172.18.0.1	2025-11-13 04:22:28.057+00	\N
2376	7	Hari venkat	172.18.0.1	2025-11-13 04:22:32.321+00	\N
2377	7	Hari venkat	172.18.0.1	2025-11-13 04:23:28.238+00	\N
2378	7	Hari venkat	172.18.0.1	2025-11-13 04:23:34.021+00	\N
2379	7	Hari venkat	172.18.0.1	2025-11-13 04:23:35.439+00	\N
2380	7	Hari venkat	172.18.0.1	2025-11-13 04:27:52.949+00	\N
2381	7	Hari venkat	172.18.0.1	2025-11-13 04:28:00.657+00	\N
2382	7	Hari venkat	172.18.0.1	2025-11-13 04:28:06.808+00	\N
2383	7	Hari venkat	172.18.0.1	2025-11-13 04:28:13.187+00	\N
2384	7	Hari venkat	172.18.0.1	2025-11-13 04:28:42.483+00	\N
2385	7	Hari venkat	172.18.0.1	2025-11-13 04:28:46.201+00	\N
2386	7	Hari venkat	172.18.0.1	2025-11-13 04:28:58.273+00	\N
2387	7	Hari venkat	172.18.0.1	2025-11-13 04:29:04.973+00	\N
2388	7	Hari venkat	172.18.0.1	2025-11-13 04:29:06.815+00	\N
2389	7	Hari venkat	172.18.0.1	2025-11-13 04:29:10.614+00	\N
2390	7	Hari venkat	172.18.0.1	2025-11-13 04:30:58.467+00	\N
2391	7	Hari venkat	172.18.0.1	2025-11-13 04:30:59.261+00	\N
2392	7	Hari venkat	172.18.0.1	2025-11-13 04:31:01.159+00	\N
2393	7	Hari venkat	172.18.0.1	2025-11-13 04:31:03.573+00	\N
2394	7	Hari venkat	172.18.0.1	2025-11-13 04:31:42.709+00	\N
2395	7	Hari venkat	172.18.0.1	2025-11-13 04:42:24.21+00	\N
2396	7	Hari venkat	172.18.0.1	2025-11-13 04:42:29.834+00	\N
2397	7	Hari venkat	172.18.0.1	2025-11-13 04:42:46.524+00	\N
2398	7	Hari venkat	172.18.0.1	2025-11-13 04:42:48.676+00	\N
2399	7	Hari venkat	172.18.0.1	2025-11-13 04:42:53.659+00	\N
2400	7	Hari venkat	172.18.0.1	2025-11-13 04:43:40.67+00	\N
2401	7	Hari venkat	172.18.0.1	2025-11-13 04:43:44.821+00	\N
2402	7	Hari venkat	172.18.0.1	2025-11-13 04:43:47.488+00	\N
2403	7	Hari venkat	172.18.0.1	2025-11-13 04:43:50.793+00	\N
2404	7	Hari venkat	172.18.0.1	2025-11-13 04:47:41.214+00	\N
2405	7	Hari venkat	172.18.0.1	2025-11-13 04:47:53.883+00	\N
2406	7	Hari venkat	172.18.0.1	2025-11-13 04:47:56.242+00	\N
2407	7	Hari venkat	172.18.0.1	2025-11-13 05:05:56.297+00	\N
2408	7	Hari venkat	172.18.0.1	2025-11-13 05:05:59.947+00	\N
2409	7	Hari venkat	172.18.0.1	2025-11-13 05:06:02.694+00	\N
2410	7	Hari venkat	172.18.0.1	2025-11-13 05:06:06.225+00	\N
2411	7	Hari venkat	172.18.0.1	2025-11-13 05:06:50.308+00	\N
2412	7	Hari venkat	172.18.0.1	2025-11-13 05:06:54.294+00	\N
2413	7	Hari venkat	172.18.0.1	2025-11-13 05:06:56.263+00	\N
2444	7	Hari venkat	172.18.0.1	2025-11-13 05:10:42.964+00	\N
2445	7	Hari venkat	172.18.0.1	2025-11-13 05:10:48.968+00	\N
2446	7	Hari venkat	172.18.0.1	2025-11-13 05:11:06.337+00	\N
2447	7	Hari venkat	172.18.0.1	2025-11-13 05:11:11.387+00	\N
2448	7	Hari venkat	172.18.0.1	2025-11-13 05:11:13.197+00	\N
2449	7	Hari venkat	172.18.0.1	2025-11-13 05:12:12.333+00	\N
2450	7	Hari venkat	172.18.0.1	2025-11-13 05:12:16.364+00	\N
2451	7	Hari venkat	172.18.0.1	2025-11-13 05:12:18.276+00	\N
2452	7	Hari venkat	172.18.0.1	2025-11-13 05:12:22.745+00	\N
2453	7	Hari venkat	172.18.0.1	2025-11-13 05:12:24.615+00	\N
2454	7	Hari venkat	172.18.0.1	2025-11-13 05:12:26.971+00	\N
2455	7	Hari venkat	172.18.0.1	2025-11-13 05:12:38.315+00	\N
2456	7	Hari venkat	172.18.0.1	2025-11-13 05:12:40.784+00	\N
2457	7	Hari venkat	172.18.0.1	2025-11-13 05:12:57.466+00	\N
2458	7	Hari venkat	172.18.0.1	2025-11-13 05:13:29.599+00	\N
2459	7	Hari venkat	172.18.0.1	2025-11-13 05:14:01.497+00	\N
2460	7	Hari venkat	172.18.0.1	2025-11-13 05:14:33.453+00	\N
2461	7	Hari venkat	172.18.0.1	2025-11-13 05:15:05.087+00	\N
2462	7	Hari venkat	172.18.0.1	2025-11-13 05:15:37.447+00	\N
2463	7	Hari venkat	172.18.0.1	2025-11-13 05:16:32.426+00	\N
2464	7	Hari venkat	172.18.0.1	2025-11-13 05:17:04.997+00	\N
2465	7	Hari venkat	172.18.0.1	2025-11-13 05:17:22.791+00	\N
2466	7	Hari venkat	172.18.0.1	2025-11-13 05:17:25.255+00	\N
2467	7	Hari venkat	172.18.0.1	2025-11-13 05:17:28.439+00	\N
2468	7	Hari venkat	172.18.0.1	2025-11-13 05:17:29.772+00	\N
2469	7	Hari venkat	172.18.0.1	2025-11-13 05:17:31.012+00	\N
2470	7	Hari venkat	172.18.0.1	2025-11-13 05:17:48.258+00	\N
2471	7	Hari venkat	172.18.0.1	2025-11-13 05:18:21.056+00	\N
2472	7	Hari venkat	172.18.0.1	2025-11-13 05:19:10.105+00	\N
2473	7	Hari venkat	172.18.0.1	2025-11-13 05:19:42.463+00	\N
2474	7	Hari venkat	172.18.0.1	2025-11-13 05:20:53.455+00	\N
2475	7	Hari venkat	172.18.0.1	2025-11-13 05:21:26.899+00	\N
2476	7	Hari venkat	172.18.0.1	2025-11-13 05:22:02.463+00	\N
2477	7	Hari venkat	172.18.0.1	2025-11-13 05:22:34.486+00	\N
2478	7	Hari venkat	172.18.0.1	2025-11-13 05:22:38.007+00	\N
2479	7	Hari venkat	172.18.0.1	2025-11-13 05:22:40.572+00	\N
2480	7	Hari venkat	172.18.0.1	2025-11-13 05:22:43.477+00	\N
2481	7	Hari venkat	172.18.0.1	2025-11-13 05:23:00.092+00	\N
2482	7	Hari venkat	172.18.0.1	2025-11-13 05:23:32.517+00	\N
2483	7	Hari venkat	172.18.0.1	2025-11-13 05:24:04.914+00	\N
2484	7	Hari venkat	172.18.0.1	2025-11-13 05:24:37.557+00	\N
2485	7	Hari venkat	172.18.0.1	2025-11-13 05:25:09.422+00	\N
2487	7	Hari venkat	172.18.0.1	2025-11-13 05:27:46.495+00	\N
2489	7	Hari venkat	172.18.0.1	2025-11-13 05:34:56.364+00	\N
2494	7	Hari venkat	172.18.0.1	2025-11-13 05:38:45.696+00	\N
2497	7	Hari venkat	172.18.0.1	2025-11-13 05:39:05.026+00	\N
2498	7	Hari venkat	172.18.0.1	2025-11-13 05:39:07.023+00	\N
2499	7	Hari venkat	172.18.0.1	2025-11-13 05:39:10.188+00	\N
2486	7	Hari venkat	172.18.0.1	2025-11-13 05:27:14.447+00	\N
2488	7	Hari venkat	172.18.0.1	2025-11-13 05:34:31.388+00	\N
2490	7	Hari venkat	172.18.0.1	2025-11-13 05:35:03.451+00	\N
2491	7	Hari venkat	172.18.0.1	2025-11-13 05:37:59.745+00	\N
2492	7	Hari venkat	172.18.0.1	2025-11-13 05:38:01.312+00	\N
2493	7	Hari venkat	172.18.0.1	2025-11-13 05:38:04.527+00	\N
2495	7	Hari venkat	172.18.0.1	2025-11-13 05:38:50.488+00	\N
2496	7	Hari venkat	172.18.0.1	2025-11-13 05:38:58.71+00	\N
2500	7	Hari venkat	172.18.0.1	2025-11-13 05:39:14.131+00	\N
2501	7	Hari venkat	172.18.0.1	2025-11-13 05:39:36.355+00	\N
2524	7	Hari venkat	172.18.0.1	2025-11-13 05:51:42.045+00	\N
2525	7	Hari venkat	172.18.0.1	2025-11-13 05:51:44.753+00	\N
2526	7	Hari venkat	172.18.0.1	2025-11-13 06:56:17.404+00	2025-11-13 07:56:24.569+00
2527	7	Hari venkat	172.18.0.1	2025-11-13 09:05:56.615+00	2025-11-13 10:06:23.942+00
2528	7	Hari venkat	172.18.0.1	2025-11-13 11:50:47.678+00	\N
2529	7	Hari venkat	172.18.0.1	2025-11-13 11:51:43.927+00	\N
2530	7	Hari venkat	172.18.0.1	2025-11-13 12:59:08.794+00	\N
2531	7	Hari venkat	172.18.0.1	2025-11-13 14:10:38.323+00	\N
2532	7	Hari venkat	172.18.0.1	2025-11-13 14:38:35.539+00	\N
2533	7	Hari venkat	172.18.0.1	2025-11-13 15:36:04.035+00	\N
2534	7	Hari venkat	172.18.0.1	2025-11-13 15:36:09.207+00	\N
2535	7	Hari venkat	172.18.0.1	2025-11-13 15:36:15.571+00	\N
2536	7	Hari venkat	172.18.0.1	2025-11-13 16:47:22.306+00	\N
2537	7	Hari venkat	172.18.0.1	2025-11-13 16:50:08.747+00	\N
2538	7	Hari venkat	172.18.0.1	2025-11-13 17:59:02.186+00	\N
2539	7	Hari venkat	172.18.0.1	2025-11-13 18:34:55.944+00	\N
2540	7	Hari venkat	172.18.0.1	2025-11-13 18:34:59.539+00	\N
2541	7	Hari venkat	172.18.0.1	2025-11-13 18:35:01.105+00	\N
2542	7	Hari venkat	172.18.0.1	2025-11-13 18:36:31.283+00	\N
2543	7	Hari venkat	172.18.0.1	2025-11-13 18:36:35.27+00	2025-11-13 19:37:18.824+00
2544	7	Hari venkat	172.18.0.1	2025-11-14 04:22:43.067+00	\N
2545	7	Hari venkat	172.18.0.1	2025-11-14 04:22:45.406+00	\N
2546	7	Hari venkat	172.18.0.1	2025-11-14 05:57:10.116+00	2025-11-14 06:58:01.302+00
2547	7	Hari venkat	172.18.0.1	2025-11-14 07:17:04.405+00	2025-11-14 08:18:00.571+00
2548	7	Hari venkat	172.18.0.1	2025-11-14 09:29:42.107+00	\N
2549	7	Hari venkat	172.18.0.1	2025-11-14 09:29:47.235+00	\N
2550	7	Hari venkat	172.18.0.1	2025-11-14 10:29:53.695+00	\N
2551	7	Hari venkat	172.18.0.1	2025-11-14 12:51:17.592+00	\N
2552	7	Hari venkat	172.18.0.1	2025-11-14 13:00:50.325+00	2025-11-14 14:38:58.096+00
2553	7	Hari venkat	172.18.0.1	2025-11-14 15:23:12.609+00	\N
2554	7	Hari venkat	172.18.0.1	2025-11-14 15:26:47.635+00	\N
2555	7	Hari venkat	172.18.0.1	2025-11-14 15:54:05.323+00	\N
2556	7	Hari venkat	172.18.0.1	2025-11-14 17:31:43.533+00	\N
2557	7	Hari venkat	172.18.0.1	2025-11-14 17:31:46.638+00	\N
2558	7	Hari venkat	172.18.0.1	2025-11-14 17:42:03.871+00	\N
2559	7	Hari venkat	172.18.0.1	2025-11-14 19:01:24.616+00	\N
2560	7	Hari venkat	172.18.0.1	2025-11-14 19:44:01.872+00	\N
2561	7	Hari venkat	172.18.0.1	2025-11-14 19:45:36.737+00	\N
2562	7	Hari venkat	172.18.0.1	2025-11-14 19:45:40.781+00	\N
2563	7	Hari venkat	172.18.0.1	2025-11-14 19:45:40.782+00	\N
2564	7	Hari venkat	172.18.0.1	2025-11-14 19:45:42.667+00	2025-11-14 20:45:55.905+00
2565	7	Hari venkat	172.18.0.1	2025-11-15 05:03:51.442+00	\N
2566	7	Hari venkat	172.18.0.1	2025-11-15 05:03:53.748+00	\N
2567	7	Hari venkat	172.18.0.1	2025-11-15 05:04:18.583+00	\N
2568	7	Hari venkat	172.18.0.1	2025-11-15 05:10:47.772+00	\N
2569	7	Hari venkat	172.18.0.1	2025-11-15 06:21:16.627+00	\N
2570	7	Hari venkat	172.18.0.1	2025-11-15 06:39:15.165+00	2025-11-15 07:59:29.093+00
2571	7	Hari venkat	172.18.0.1	2025-11-15 08:00:03.749+00	2025-11-15 08:00:04.227+00
2573	7	Hari venkat	172.18.0.1	2025-11-15 08:00:22.398+00	\N
2572	7	Hari venkat	172.18.0.1	2025-11-15 08:00:03.922+00	2025-11-15 09:00:28.776+00
2574	7	Hari venkat	172.18.0.1	2025-11-15 08:37:16.709+00	2025-11-15 09:37:28.593+00
2575	7	Hari venkat	172.18.0.1	2025-11-15 09:01:04.049+00	2025-11-15 10:01:28.41+00
2576	7	Hari venkat	172.18.0.1	2025-11-15 09:38:05.381+00	2025-11-15 10:38:28.138+00
2577	7	Hari venkat	172.18.0.1	2025-11-15 10:02:04.024+00	2025-11-15 11:02:28.023+00
2579	7	Hari venkat	172.18.0.1	2025-11-15 11:03:03.901+00	\N
2580	7	Hari venkat	172.18.0.1	2025-11-15 11:30:47.946+00	\N
2581	7	Hari venkat	172.18.0.1	2025-11-15 11:33:14.954+00	\N
2582	7	Hari venkat	172.18.0.1	2025-11-15 11:33:17.601+00	\N
2583	7	Hari venkat	172.18.0.1	2025-11-15 11:33:41.42+00	\N
2578	7	Hari venkat	172.18.0.1	2025-11-15 10:39:03.388+00	2025-11-15 11:39:27.876+00
2584	7	Hari venkat	172.18.0.1	2025-11-15 11:55:07.89+00	\N
2585	7	Hari venkat	172.18.0.1	2025-11-15 11:55:10.733+00	\N
2586	7	Hari venkat	172.18.0.1	2025-11-15 12:17:33.095+00	\N
2587	7	Hari venkat	172.18.0.1	2025-11-15 12:17:33.119+00	\N
2588	7	Hari venkat	172.18.0.1	2025-11-15 13:05:14.387+00	\N
2589	7	Hari venkat	172.18.0.1	2025-11-15 13:25:08.635+00	\N
2590	7	Hari venkat	172.18.0.1	2025-11-15 14:03:09.003+00	\N
2591	7	Hari venkat	172.18.0.1	2025-11-15 14:03:09.051+00	\N
2592	7	Hari venkat	172.18.0.1	2025-11-15 15:12:07.297+00	\N
2593	7	Hari venkat	172.18.0.1	2025-11-15 15:12:27.313+00	\N
2594	7	Hari venkat	172.18.0.1	2025-11-15 15:25:19.174+00	\N
2595	7	Hari venkat	172.18.0.1	2025-11-15 15:25:21.865+00	\N
2596	7	Hari venkat	172.18.0.1	2025-11-15 15:53:03.673+00	\N
2597	7	Hari venkat	172.18.0.1	2025-11-15 15:53:10.397+00	2025-11-15 16:53:26.254+00
2599	7	Hari venkat	172.18.0.1	2025-11-15 17:01:14.375+00	\N
2598	7	Hari venkat	172.18.0.1	2025-11-15 17:01:13.079+00	2025-11-15 17:01:14.727+00
2600	7	Hari venkat	172.18.0.1	2025-11-15 17:01:30.847+00	\N
2601	7	Hari venkat	172.18.0.1	2025-11-15 17:03:18.143+00	\N
2602	7	Hari venkat	172.18.0.1	2025-11-15 17:03:27.742+00	\N
2603	7	Hari venkat	172.18.0.1	2025-11-15 18:58:54.086+00	\N
2604	7	Hari venkat	172.18.0.1	2025-11-15 18:58:57.376+00	\N
2605	7	Hari venkat	172.18.0.1	2025-11-15 18:59:03.486+00	\N
2606	7	Hari venkat	172.18.0.1	2025-11-15 18:59:55.324+00	\N
2607	7	Hari venkat	172.18.0.1	2025-11-15 19:00:40.096+00	\N
2608	7	Hari venkat	172.18.0.1	2025-11-15 19:00:46.18+00	\N
2609	7	Hari venkat	172.18.0.1	2025-11-15 19:01:52.087+00	\N
2610	7	Hari venkat	172.18.0.1	2025-11-15 20:02:13.527+00	\N
2611	7	Hari venkat	172.18.0.1	2025-11-15 20:02:17.374+00	\N
2612	7	Hari venkat	172.18.0.1	2025-11-15 20:02:17.374+00	\N
2613	7	Hari venkat	172.18.0.1	2025-11-15 20:02:19.565+00	\N
2614	7	Hari venkat	172.18.0.1	2025-11-15 20:02:42.581+00	\N
2615	7	Hari venkat	172.18.0.1	2025-11-15 20:03:36.702+00	\N
2616	7	Hari venkat	172.18.0.1	2025-11-16 05:35:22.202+00	\N
2617	7	Hari venkat	172.18.0.1	2025-11-16 05:35:26.564+00	\N
2618	7	Hari venkat	172.18.0.1	2025-11-16 05:37:27.17+00	\N
2619	7	Hari venkat	172.18.0.1	2025-11-16 05:37:30.475+00	\N
2620	7	Hari venkat	172.18.0.1	2025-11-16 07:41:23.204+00	\N
2621	7	Hari venkat	172.18.0.1	2025-11-16 07:41:30.162+00	\N
2622	7	Hari venkat	172.18.0.1	2025-11-16 08:20:27.166+00	\N
2623	7	Hari venkat	172.18.0.1	2025-11-16 09:24:42.664+00	\N
2624	7	Hari venkat	172.18.0.1	2025-11-16 09:25:37.43+00	\N
2625	7	Hari venkat	172.18.0.1	2025-11-16 09:34:32.425+00	\N
2626	7	Hari venkat	172.18.0.1	2025-11-16 11:27:45.932+00	\N
2627	7	Hari venkat	172.18.0.1	2025-11-16 11:28:29.439+00	\N
2628	7	Hari venkat	172.18.0.1	2025-11-16 12:58:38.757+00	\N
2629	7	Hari venkat	172.18.0.1	2025-11-16 12:58:42.519+00	\N
2630	7	Hari venkat	172.18.0.1	2025-11-16 12:58:47.371+00	\N
2631	7	Hari venkat	172.18.0.1	2025-11-16 13:25:02.19+00	2025-11-16 14:32:06.124+00
2632	7	Hari venkat	172.18.0.1	2025-11-16 15:30:50.325+00	2025-11-16 15:30:51.239+00
2634	7	Hari venkat	172.18.0.1	2025-11-16 15:31:09.304+00	\N
2635	7	Hari venkat	172.18.0.1	2025-11-16 16:01:30.153+00	\N
2643	7	Hari venkat	172.18.0.1	2025-11-16 19:45:12.628+00	\N
2644	7	Hari venkat	172.18.0.1	2025-11-16 19:45:16.442+00	\N
2646	7	Hari venkat	172.18.0.1	2025-11-16 19:46:50.376+00	\N
2648	7	Hari venkat	172.18.0.1	2025-11-16 19:50:00.9+00	\N
2639	7	Hari venkat	172.18.0.1	2025-11-16 18:22:13.422+00	2025-11-16 20:40:02.462+00
2657	7	Hari venkat	172.18.0.1	2025-11-17 07:07:28.849+00	\N
2659	7	Hari venkat	172.18.0.1	2025-11-17 07:10:46.133+00	\N
2662	7	Hari venkat	172.18.0.1	2025-11-17 09:38:39.079+00	\N
2661	7	Hari venkat	172.18.0.1	2025-11-17 09:38:38.464+00	2025-11-17 09:38:39.412+00
2668	7	Hari venkat	172.18.0.1	2025-11-17 11:47:40.595+00	\N
2671	7	Hari venkat	172.18.0.1	2025-11-17 12:07:08.591+00	\N
2675	7	Hari venkat	172.18.0.1	2025-11-17 13:38:30.007+00	\N
2676	7	Hari venkat	172.18.0.1	2025-11-17 13:38:50.521+00	\N
2674	7	Hari venkat	172.18.0.1	2025-11-17 13:38:10.989+00	2025-11-17 14:38:53.148+00
2680	7	Hari venkat	172.18.0.1	2025-11-17 15:41:32.001+00	2025-11-17 16:45:52.259+00
2683	7	Hari venkat	172.18.0.1	2025-11-17 17:15:41.264+00	\N
2687	7	Hari venkat	172.18.0.1	2025-11-17 19:23:22.107+00	2025-11-17 20:29:50.755+00
2691	8	Kamraann Rajaani	172.18.0.1	2025-11-17 22:19:22.854+00	\N
2692	8	Kamraann Rajaani	172.18.0.1	2025-11-17 22:19:25.298+00	\N
2693	8	Kamraann Rajaani	172.18.0.1	2025-11-17 22:19:30.174+00	\N
2702	7	Hari venkat	172.18.0.1	2025-11-18 05:39:30.232+00	\N
2703	7	Hari venkat	172.18.0.1	2025-11-18 05:39:32.38+00	\N
2704	7	Hari venkat	172.18.0.1	2025-11-18 06:38:10.91+00	\N
2708	7	Hari venkat	172.18.0.1	2025-11-18 09:10:53.676+00	\N
2709	7	Hari venkat	172.18.0.1	2025-11-18 10:08:25.52+00	\N
2710	7	Hari venkat	172.18.0.1	2025-11-18 10:09:01.78+00	\N
2713	7	Hari venkat	172.18.0.1	2025-11-18 16:32:35.194+00	\N
2714	7	Hari venkat	172.18.0.1	2025-11-18 16:55:13.535+00	\N
2717	7	Hari venkat	172.18.0.1	2025-11-18 18:12:35.369+00	\N
2719	7	Hari venkat	172.18.0.1	2025-11-18 18:12:45.029+00	\N
2723	7	Hari venkat	172.18.0.1	2025-11-18 19:26:40.863+00	\N
2732	7	Hari venkat	172.18.0.1	2025-11-19 05:14:15.28+00	\N
2733	7	Hari venkat	172.18.0.1	2025-11-19 06:33:24.738+00	\N
2735	7	Hari venkat	172.18.0.1	2025-11-19 07:18:16.888+00	2025-11-19 08:55:32.583+00
2737	7	Hari venkat	172.18.0.1	2025-11-19 11:58:47.339+00	\N
2741	7	Hari venkat	172.18.0.1	2025-11-19 16:05:38.534+00	\N
2743	7	Hari venkat	172.18.0.1	2025-11-19 16:10:40.626+00	\N
2745	7	Hari venkat	172.18.0.1	2025-11-19 17:42:39.277+00	\N
2747	7	Hari venkat	172.18.0.1	2025-11-19 18:06:31.956+00	\N
2748	7	Hari venkat	172.18.0.1	2025-11-19 18:17:34.697+00	\N
2749	7	Hari venkat	172.18.0.1	2025-11-19 19:10:53.117+00	\N
2753	7	Hari venkat	172.18.0.1	2025-11-19 20:16:30.801+00	2025-11-19 21:17:28.091+00
2757	7	Hari venkat	172.18.0.1	2025-11-20 05:16:13.291+00	\N
2758	7	Hari venkat	172.18.0.1	2025-11-20 05:16:30.658+00	\N
2762	7	Hari venkat	172.18.0.1	2025-11-20 05:17:32.57+00	\N
2766	7	Hari venkat	172.18.0.1	2025-11-20 05:48:21.459+00	\N
2767	7	Hari venkat	172.18.0.1	2025-11-20 05:48:24.298+00	\N
2768	7	Hari venkat	172.18.0.1	2025-11-20 06:35:43.583+00	\N
2769	7	Hari venkat	172.18.0.1	2025-11-20 06:36:20.702+00	\N
2772	7	Hari venkat	172.18.0.1	2025-11-20 06:38:02.858+00	\N
2776	7	Hari venkat	172.18.0.1	2025-11-20 06:38:15.897+00	\N
2777	7	Hari venkat	172.18.0.1	2025-11-20 06:38:18.947+00	\N
2779	7	Hari venkat	172.18.0.1	2025-11-20 06:38:42.535+00	\N
2781	7	Hari venkat	172.18.0.1	2025-11-20 06:38:54.14+00	\N
2783	7	Hari venkat	172.18.0.1	2025-11-20 06:39:09.562+00	\N
2785	7	Hari venkat	172.18.0.1	2025-11-20 06:39:23.289+00	\N
2787	7	Hari venkat	172.18.0.1	2025-11-20 06:39:45.928+00	\N
2788	7	Hari venkat	172.18.0.1	2025-11-20 06:39:49.096+00	\N
2794	7	Hari venkat	172.18.0.1	2025-11-20 06:40:51.556+00	\N
2797	7	Hari venkat	172.18.0.1	2025-11-20 06:41:20.862+00	\N
2798	7	Hari venkat	172.18.0.1	2025-11-20 06:42:12.792+00	\N
2801	7	Hari venkat	172.18.0.1	2025-11-20 06:42:34.218+00	\N
2807	7	Hari venkat	172.18.0.1	2025-11-20 06:44:40.334+00	\N
2811	7	Hari venkat	172.18.0.1	2025-11-20 06:45:16.085+00	\N
2814	7	Hari venkat	172.18.0.1	2025-11-20 06:48:55.136+00	\N
2816	7	Hari venkat	172.18.0.1	2025-11-20 06:49:09.369+00	\N
2817	7	Hari venkat	172.18.0.1	2025-11-20 06:49:12.912+00	\N
2818	7	Hari venkat	172.18.0.1	2025-11-20 06:49:30.603+00	\N
2823	7	Hari venkat	172.18.0.1	2025-11-20 06:50:28.062+00	\N
2825	7	Hari venkat	172.18.0.1	2025-11-20 06:50:33.592+00	\N
2826	7	Hari venkat	172.18.0.1	2025-11-20 06:50:38.945+00	\N
2827	7	Hari venkat	172.18.0.1	2025-11-20 06:50:47.906+00	\N
2829	7	Hari venkat	172.18.0.1	2025-11-20 06:51:04.581+00	\N
2834	7	Hari venkat	172.18.0.1	2025-11-20 11:04:12.108+00	\N
2837	7	Hari venkat	172.18.0.1	2025-11-20 14:04:52.471+00	\N
2838	7	Hari venkat	172.18.0.1	2025-11-20 15:02:49.608+00	\N
2841	7	Hari venkat	172.18.0.1	2025-11-20 16:10:25.715+00	\N
2845	7	Hari venkat	172.18.0.1	2025-11-20 16:29:32.023+00	\N
2847	7	Hari venkat	172.18.0.1	2025-11-20 17:43:48.255+00	\N
2851	7	Hari venkat	172.18.0.1	2025-11-20 19:31:43.436+00	\N
2854	7	Hari venkat	172.18.0.1	2025-11-20 19:47:31.053+00	\N
2855	7	Hari venkat	172.18.0.1	2025-11-20 19:47:40.551+00	\N
2633	7	Hari venkat	172.18.0.1	2025-11-16 15:30:50.795+00	\N
2636	7	Hari venkat	172.18.0.1	2025-11-16 16:01:54.725+00	\N
2637	7	Hari venkat	172.18.0.1	2025-11-16 18:21:56.944+00	\N
2638	7	Hari venkat	172.18.0.1	2025-11-16 18:21:56.985+00	\N
2640	7	Hari venkat	172.18.0.1	2025-11-16 18:23:55.237+00	\N
2641	7	Hari venkat	172.18.0.1	2025-11-16 18:42:54.437+00	\N
2642	7	Hari venkat	172.18.0.1	2025-11-16 19:39:16.223+00	\N
2645	7	Hari venkat	172.18.0.1	2025-11-16 19:45:18.309+00	\N
2647	7	Hari venkat	172.18.0.1	2025-11-16 19:46:55.05+00	\N
2649	7	Hari venkat	172.18.0.1	2025-11-16 19:50:04.847+00	2025-11-16 20:58:02.252+00
2650	7	Hari venkat	172.18.0.1	2025-11-17 05:13:54.677+00	\N
2651	7	Hari venkat	172.18.0.1	2025-11-17 05:13:58.929+00	\N
2652	7	Hari venkat	172.18.0.1	2025-11-17 05:32:22.438+00	\N
2653	7	Hari venkat	172.18.0.1	2025-11-17 05:32:25.759+00	\N
2654	7	Hari venkat	172.18.0.1	2025-11-17 05:56:25.811+00	\N
2655	7	Hari venkat	172.18.0.1	2025-11-17 05:56:30.332+00	\N
2656	7	Hari venkat	172.18.0.1	2025-11-17 05:57:34.079+00	2025-11-17 06:57:55.796+00
2658	7	Hari venkat	172.18.0.1	2025-11-17 07:08:20.012+00	\N
2660	7	Hari venkat	172.18.0.1	2025-11-17 07:10:51.903+00	2025-11-17 09:03:54.863+00
2663	7	Hari venkat	172.18.0.1	2025-11-17 09:38:45.69+00	\N
2664	7	Hari venkat	172.18.0.1	2025-11-17 09:38:52.545+00	\N
2665	7	Hari venkat	172.18.0.1	2025-11-17 09:38:55.925+00	\N
2666	7	Hari venkat	172.18.0.1	2025-11-17 10:18:16.597+00	\N
2667	7	Hari venkat	172.18.0.1	2025-11-17 11:47:40.592+00	\N
2669	7	Hari venkat	172.18.0.1	2025-11-17 11:47:48.157+00	\N
2670	7	Hari venkat	172.18.0.1	2025-11-17 11:47:50.589+00	\N
2672	7	Hari venkat	172.18.0.1	2025-11-17 12:07:08.622+00	2025-11-17 13:07:53.486+00
2673	7	Hari venkat	172.18.0.1	2025-11-17 13:38:10.694+00	2025-11-17 13:38:13.402+00
2677	7	Hari venkat	172.18.0.1	2025-11-17 14:22:11.787+00	\N
2678	7	Hari venkat	172.18.0.1	2025-11-17 14:22:15.63+00	\N
2679	7	Hari venkat	172.18.0.1	2025-11-17 15:41:31.426+00	\N
2681	7	Hari venkat	172.18.0.1	2025-11-17 17:12:03.757+00	\N
2682	7	Hari venkat	172.18.0.1	2025-11-17 17:14:58.75+00	\N
2684	7	Hari venkat	172.18.0.1	2025-11-17 17:15:44.183+00	\N
2685	7	Hari venkat	172.18.0.1	2025-11-17 18:08:12.518+00	\N
2686	7	Hari venkat	172.18.0.1	2025-11-17 18:11:13.197+00	\N
2688	8	Kamraann Rajaani	172.18.0.1	2025-11-17 22:19:00.459+00	\N
2689	8	Kamraann Rajaani	172.18.0.1	2025-11-17 22:19:08.47+00	\N
2690	8	Kamraann Rajaani	172.18.0.1	2025-11-17 22:19:14.487+00	\N
2694	8	Kamraann Rajaani	172.18.0.1	2025-11-17 22:19:47.437+00	\N
2695	8	Kamraann Rajaani	172.18.0.1	2025-11-17 22:19:49.294+00	\N
2696	8	Kamraann Rajaani	172.18.0.1	2025-11-17 22:19:51.432+00	\N
2697	8	Kamraann Rajaani	172.18.0.1	2025-11-17 22:19:54.666+00	\N
2698	8	Kamraann Rajaani	172.18.0.1	2025-11-17 22:20:40.606+00	2025-11-17 23:20:49.009+00
2699	7	Hari venkat	172.18.0.1	2025-11-18 05:18:05.398+00	\N
2700	7	Hari venkat	172.18.0.1	2025-11-18 05:18:10.469+00	\N
2701	7	Hari venkat	172.18.0.1	2025-11-18 05:18:46.482+00	\N
2705	7	Hari venkat	172.18.0.1	2025-11-18 07:22:03.03+00	\N
2706	7	Hari venkat	172.18.0.1	2025-11-18 07:22:25.989+00	\N
2707	7	Hari venkat	172.18.0.1	2025-11-18 07:23:18.899+00	2025-11-18 08:23:44.355+00
2711	7	Hari venkat	172.18.0.1	2025-11-18 10:31:33.116+00	2025-11-18 12:24:42.439+00
2712	7	Hari venkat	172.18.0.1	2025-11-18 14:41:11.929+00	2025-11-18 15:41:40.535+00
2715	7	Hari venkat	172.18.0.1	2025-11-18 17:32:03.737+00	\N
2716	7	Hari venkat	172.18.0.1	2025-11-18 17:32:07.19+00	\N
2718	7	Hari venkat	172.18.0.1	2025-11-18 18:12:35.37+00	\N
2720	7	Hari venkat	172.18.0.1	2025-11-18 18:55:43.367+00	\N
2721	7	Hari venkat	172.18.0.1	2025-11-18 18:55:47.973+00	\N
2722	7	Hari venkat	172.18.0.1	2025-11-18 19:26:37.669+00	\N
2724	7	Hari venkat	172.18.0.1	2025-11-18 19:26:40.899+00	\N
2725	7	Hari venkat	172.18.0.1	2025-11-18 19:26:46.729+00	\N
2726	7	Hari venkat	172.18.0.1	2025-11-18 19:27:32.006+00	\N
2727	7	Hari venkat	172.18.0.1	2025-11-18 19:27:39.02+00	\N
2728	7	Hari venkat	172.18.0.1	2025-11-18 19:27:42.443+00	\N
2729	7	Hari venkat	172.18.0.1	2025-11-18 19:28:13.77+00	\N
2730	7	Hari venkat	172.18.0.1	2025-11-18 19:29:19.756+00	2025-11-18 20:29:38.587+00
2731	7	Hari venkat	172.18.0.1	2025-11-19 05:14:09.561+00	\N
2734	7	Hari venkat	172.18.0.1	2025-11-19 06:34:22.964+00	\N
2736	7	Hari venkat	172.18.0.1	2025-11-19 11:58:44.285+00	\N
2738	7	Hari venkat	172.18.0.1	2025-11-19 12:02:12.008+00	\N
2739	7	Hari venkat	172.18.0.1	2025-11-19 12:02:16.095+00	2025-11-19 13:55:30.326+00
2740	7	Hari venkat	172.18.0.1	2025-11-19 16:05:35.68+00	\N
2742	7	Hari venkat	172.18.0.1	2025-11-19 16:10:36.643+00	\N
2744	7	Hari venkat	172.18.0.1	2025-11-19 17:31:52.651+00	\N
2746	7	Hari venkat	172.18.0.1	2025-11-19 17:57:37.084+00	\N
2750	7	Hari venkat	172.18.0.1	2025-11-19 19:41:56.608+00	\N
2751	7	Hari venkat	172.18.0.1	2025-11-19 19:44:06.183+00	\N
2752	7	Hari venkat	172.18.0.1	2025-11-19 20:07:54.984+00	\N
2754	7	Hari venkat	172.18.0.1	2025-11-20 05:06:53.119+00	\N
2755	7	Hari venkat	172.18.0.1	2025-11-20 05:06:58.008+00	\N
2756	7	Hari venkat	172.18.0.1	2025-11-20 05:16:10.304+00	\N
2759	7	Hari venkat	172.18.0.1	2025-11-20 05:16:30.808+00	\N
2760	7	Hari venkat	172.18.0.1	2025-11-20 05:16:47.932+00	\N
2761	7	Hari venkat	172.18.0.1	2025-11-20 05:17:19.642+00	\N
2763	7	Hari venkat	172.18.0.1	2025-11-20 05:17:32.941+00	\N
2764	7	Hari venkat	172.18.0.1	2025-11-20 05:47:38.488+00	\N
2765	7	Hari venkat	172.18.0.1	2025-11-20 05:48:09.728+00	\N
2770	7	Hari venkat	172.18.0.1	2025-11-20 06:36:56.618+00	\N
2771	7	Hari venkat	172.18.0.1	2025-11-20 06:37:57.826+00	\N
2773	7	Hari venkat	172.18.0.1	2025-11-20 06:38:04.597+00	\N
2774	7	Hari venkat	172.18.0.1	2025-11-20 06:38:09.267+00	\N
2775	7	Hari venkat	172.18.0.1	2025-11-20 06:38:12.371+00	\N
2778	7	Hari venkat	172.18.0.1	2025-11-20 06:38:23.031+00	\N
2780	7	Hari venkat	172.18.0.1	2025-11-20 06:38:52.057+00	\N
2782	7	Hari venkat	172.18.0.1	2025-11-20 06:38:59.302+00	\N
2784	7	Hari venkat	172.18.0.1	2025-11-20 06:39:14.493+00	\N
2786	7	Hari venkat	172.18.0.1	2025-11-20 06:39:31.783+00	\N
2789	7	Hari venkat	172.18.0.1	2025-11-20 06:39:52.536+00	\N
2790	7	Hari venkat	172.18.0.1	2025-11-20 06:40:00.737+00	\N
2791	7	Hari venkat	172.18.0.1	2025-11-20 06:40:21.845+00	\N
2792	7	Hari venkat	172.18.0.1	2025-11-20 06:40:29.138+00	\N
2793	7	Hari venkat	172.18.0.1	2025-11-20 06:40:36.681+00	\N
2795	7	Hari venkat	172.18.0.1	2025-11-20 06:40:53.882+00	\N
2796	7	Hari venkat	172.18.0.1	2025-11-20 06:41:07.212+00	\N
2799	7	Hari venkat	172.18.0.1	2025-11-20 06:42:14.872+00	\N
2800	7	Hari venkat	172.18.0.1	2025-11-20 06:42:18.568+00	\N
2802	7	Hari venkat	172.18.0.1	2025-11-20 06:42:54.567+00	\N
2803	7	Hari venkat	172.18.0.1	2025-11-20 06:42:56.633+00	\N
2804	7	Hari venkat	172.18.0.1	2025-11-20 06:43:11.641+00	\N
2805	7	Hari venkat	172.18.0.1	2025-11-20 06:43:21.085+00	\N
2806	7	Hari venkat	172.18.0.1	2025-11-20 06:44:35.252+00	\N
2808	7	Hari venkat	172.18.0.1	2025-11-20 06:45:02.212+00	\N
2809	7	Hari venkat	172.18.0.1	2025-11-20 06:45:04.604+00	\N
2810	7	Hari venkat	172.18.0.1	2025-11-20 06:45:11.814+00	\N
2812	7	Hari venkat	172.18.0.1	2025-11-20 06:45:20.638+00	\N
2813	7	Hari venkat	172.18.0.1	2025-11-20 06:45:24.528+00	\N
2815	7	Hari venkat	172.18.0.1	2025-11-20 06:49:04.665+00	\N
2819	7	Hari venkat	172.18.0.1	2025-11-20 06:49:46.691+00	\N
2820	7	Hari venkat	172.18.0.1	2025-11-20 06:49:49.578+00	\N
2821	7	Hari venkat	172.18.0.1	2025-11-20 06:50:05.95+00	\N
2828	7	Hari venkat	172.18.0.1	2025-11-20 06:50:59.655+00	\N
2830	7	Hari venkat	172.18.0.1	2025-11-20 06:51:32.338+00	\N
2831	7	Hari venkat	172.18.0.1	2025-11-20 08:03:40.479+00	\N
2833	7	Hari venkat	172.18.0.1	2025-11-20 11:04:04.112+00	\N
2835	7	Hari venkat	172.18.0.1	2025-11-20 11:35:03.475+00	2025-11-20 13:26:20.733+00
2840	7	Hari venkat	172.18.0.1	2025-11-20 15:11:31.13+00	\N
2842	7	Hari venkat	172.18.0.1	2025-11-20 16:10:30.554+00	\N
2843	7	Hari venkat	172.18.0.1	2025-11-20 16:10:33.286+00	\N
2844	7	Hari venkat	172.18.0.1	2025-11-20 16:20:06.584+00	\N
2846	7	Hari venkat	172.18.0.1	2025-11-20 17:30:48.474+00	\N
2848	7	Hari venkat	172.18.0.1	2025-11-20 19:04:21.386+00	\N
2850	7	Hari venkat	172.18.0.1	2025-11-20 19:31:38.02+00	\N
2852	7	Hari venkat	172.18.0.1	2025-11-20 19:31:45.684+00	\N
2822	7	Hari venkat	172.18.0.1	2025-11-20 06:50:28.062+00	\N
2824	7	Hari venkat	172.18.0.1	2025-11-20 06:50:28.567+00	\N
2832	7	Hari venkat	172.18.0.1	2025-11-20 08:12:31.355+00	2025-11-20 09:13:21.88+00
2836	7	Hari venkat	172.18.0.1	2025-11-20 14:04:42.869+00	\N
2839	7	Hari venkat	172.18.0.1	2025-11-20 15:04:16.302+00	\N
2849	7	Hari venkat	172.18.0.1	2025-11-20 19:05:13.156+00	\N
2853	7	Hari venkat	172.18.0.1	2025-11-20 19:31:50.486+00	\N
2856	7	Hari venkat	172.18.0.1	2025-11-20 19:48:37.405+00	\N
2857	7	Hari venkat	172.18.0.1	2025-11-20 19:48:39.881+00	\N
2858	7	Hari venkat	172.18.0.1	2025-11-20 19:48:43.324+00	\N
2859	7	Hari venkat	172.18.0.1	2025-11-20 19:48:46.997+00	\N
2860	7	Hari venkat	172.18.0.1	2025-11-20 19:49:29.832+00	\N
2861	7	Hari venkat	172.18.0.1	2025-11-20 19:49:37.283+00	\N
2862	7	Hari venkat	172.18.0.1	2025-11-20 19:49:42.553+00	\N
2863	7	Hari venkat	172.18.0.1	2025-11-20 19:49:46.76+00	\N
2864	7	Hari venkat	172.18.0.1	2025-11-20 19:49:48.146+00	\N
2865	7	Hari venkat	172.18.0.1	2025-11-20 19:49:53.135+00	\N
2866	7	Hari venkat	172.18.0.1	2025-11-20 19:49:59.546+00	\N
2867	7	Hari venkat	172.18.0.1	2025-11-20 19:50:35.485+00	\N
2868	7	Hari venkat	172.18.0.1	2025-11-20 19:50:45.857+00	\N
2869	7	Hari venkat	172.18.0.1	2025-11-20 19:50:49.629+00	\N
2870	7	Hari venkat	172.18.0.1	2025-11-20 19:50:53.96+00	\N
2871	7	Hari venkat	172.18.0.1	2025-11-20 19:50:57.139+00	\N
2872	7	Hari venkat	172.18.0.1	2025-11-20 19:51:09.76+00	\N
2873	7	Hari venkat	172.18.0.1	2025-11-20 19:54:31.218+00	\N
2874	7	Hari venkat	172.18.0.1	2025-11-20 19:54:38.843+00	\N
2875	7	Hari venkat	172.18.0.1	2025-11-20 19:54:42.168+00	\N
2876	7	Hari venkat	172.18.0.1	2025-11-20 19:54:45.711+00	\N
2877	7	Hari venkat	172.18.0.1	2025-11-20 19:55:04.285+00	\N
2878	7	Hari venkat	172.18.0.1	2025-11-20 19:55:22.605+00	\N
2879	7	Hari venkat	172.18.0.1	2025-11-20 19:55:24.674+00	\N
2880	7	Hari venkat	172.18.0.1	2025-11-20 19:55:37.474+00	\N
2881	7	Hari venkat	172.18.0.1	2025-11-20 19:56:18.304+00	\N
2882	7	Hari venkat	172.18.0.1	2025-11-20 19:57:01.277+00	\N
2883	7	Hari venkat	172.18.0.1	2025-11-20 19:57:14.801+00	\N
2884	7	Hari venkat	172.18.0.1	2025-11-20 19:57:21.097+00	\N
2885	7	Hari venkat	172.18.0.1	2025-11-20 19:57:24.556+00	\N
2886	7	Hari venkat	172.18.0.1	2025-11-20 19:57:26.225+00	\N
2887	7	Hari venkat	172.18.0.1	2025-11-20 19:58:01.647+00	\N
2888	7	Hari venkat	172.18.0.1	2025-11-20 19:58:27.578+00	\N
2889	7	Hari venkat	172.18.0.1	2025-11-20 19:58:43.545+00	\N
2890	7	Hari venkat	172.18.0.1	2025-11-20 19:58:48.603+00	\N
2891	7	Hari venkat	172.18.0.1	2025-11-20 19:59:14.532+00	\N
2892	7	Hari venkat	172.18.0.1	2025-11-20 19:59:15.983+00	\N
2893	7	Hari venkat	172.18.0.1	2025-11-20 19:59:36.614+00	\N
2894	7	Hari venkat	172.18.0.1	2025-11-20 20:05:42.552+00	\N
2895	7	Hari venkat	172.18.0.1	2025-11-20 20:05:45.435+00	\N
2896	7	Hari venkat	172.18.0.1	2025-11-20 20:05:47.761+00	\N
2897	7	Hari venkat	172.18.0.1	2025-11-20 20:05:51.489+00	\N
2898	7	Hari venkat	172.18.0.1	2025-11-20 20:06:03.1+00	\N
2899	7	Hari venkat	172.18.0.1	2025-11-20 20:06:05.121+00	\N
2900	7	Hari venkat	172.18.0.1	2025-11-20 20:06:24.99+00	\N
2901	7	Hari venkat	172.18.0.1	2025-11-20 20:06:33.842+00	\N
2902	7	Hari venkat	172.18.0.1	2025-11-20 20:06:36.045+00	\N
2903	7	Hari venkat	172.18.0.1	2025-11-20 20:06:41.284+00	\N
2904	7	Hari venkat	172.18.0.1	2025-11-20 20:06:44.669+00	\N
2905	7	Hari venkat	172.18.0.1	2025-11-20 20:06:47.008+00	\N
2906	7	Hari venkat	172.18.0.1	2025-11-20 20:06:53.305+00	\N
2907	7	Hari venkat	172.18.0.1	2025-11-20 20:07:01.669+00	\N
2908	7	Hari venkat	172.18.0.1	2025-11-20 20:07:08.094+00	\N
2909	7	Hari venkat	172.18.0.1	2025-11-20 20:07:11.4+00	\N
2910	7	Hari venkat	172.18.0.1	2025-11-20 20:07:14.653+00	\N
2911	7	Hari venkat	172.18.0.1	2025-11-20 20:07:46.038+00	\N
2912	7	Hari venkat	172.18.0.1	2025-11-20 20:12:06.444+00	\N
2913	7	Hari venkat	172.18.0.1	2025-11-20 20:12:11.311+00	\N
2914	7	Hari venkat	172.18.0.1	2025-11-20 20:12:13.517+00	\N
2915	7	Hari venkat	172.18.0.1	2025-11-20 20:12:17.693+00	\N
2916	7	Hari venkat	172.18.0.1	2025-11-20 20:13:30.388+00	\N
2917	7	Hari venkat	172.18.0.1	2025-11-20 20:13:31.148+00	\N
2918	7	Hari venkat	172.18.0.1	2025-11-20 20:13:32.582+00	\N
2919	7	Hari venkat	172.18.0.1	2025-11-20 20:13:35.986+00	\N
2920	7	Hari venkat	172.18.0.1	2025-11-20 20:14:12.128+00	\N
2921	7	Hari venkat	172.18.0.1	2025-11-20 20:14:19.87+00	\N
2922	7	Hari venkat	172.18.0.1	2025-11-20 20:14:34.951+00	\N
2923	7	Hari venkat	172.18.0.1	2025-11-20 20:14:37.639+00	\N
2924	7	Hari venkat	172.18.0.1	2025-11-20 20:15:11.395+00	\N
2925	7	Hari venkat	172.18.0.1	2025-11-20 20:15:16.657+00	\N
2926	7	Hari venkat	172.18.0.1	2025-11-20 20:15:31.673+00	\N
2927	7	Hari venkat	172.18.0.1	2025-11-20 20:15:37.91+00	\N
2928	7	Hari venkat	172.18.0.1	2025-11-20 20:16:11.06+00	\N
2929	7	Hari venkat	172.18.0.1	2025-11-20 20:16:15.21+00	\N
2930	7	Hari venkat	172.18.0.1	2025-11-20 20:16:19.854+00	\N
2931	7	Hari venkat	172.18.0.1	2025-11-20 20:16:22.009+00	\N
2932	7	Hari venkat	172.18.0.1	2025-11-20 20:16:23.54+00	\N
2933	7	Hari venkat	172.18.0.1	2025-11-20 20:16:27.511+00	\N
2934	7	Hari venkat	172.18.0.1	2025-11-20 20:16:29.586+00	\N
2935	7	Hari venkat	172.18.0.1	2025-11-20 20:16:46.889+00	\N
2936	7	Hari venkat	172.18.0.1	2025-11-20 20:16:47.963+00	\N
2937	7	Hari venkat	172.18.0.1	2025-11-20 20:16:56.608+00	\N
2938	7	Hari venkat	172.18.0.1	2025-11-20 20:16:59.743+00	\N
2939	7	Hari venkat	172.18.0.1	2025-11-20 20:17:04.288+00	\N
2940	7	Hari venkat	172.18.0.1	2025-11-20 20:17:25.518+00	\N
2941	7	Hari venkat	172.18.0.1	2025-11-20 20:17:31.506+00	\N
2942	7	Hari venkat	172.18.0.1	2025-11-20 20:17:34.566+00	\N
2943	7	Hari venkat	172.18.0.1	2025-11-20 20:17:36.668+00	\N
2944	7	Hari venkat	172.18.0.1	2025-11-20 20:17:39.077+00	\N
2945	7	Hari venkat	172.18.0.1	2025-11-20 20:17:45.084+00	\N
2946	7	Hari venkat	172.18.0.1	2025-11-20 20:18:22.867+00	\N
2947	7	Hari venkat	172.18.0.1	2025-11-20 20:18:27.69+00	\N
2948	7	Hari venkat	172.18.0.1	2025-11-20 20:18:31.862+00	\N
2949	7	Hari venkat	172.18.0.1	2025-11-20 20:18:37.906+00	\N
2950	7	Hari venkat	172.18.0.1	2025-11-20 20:18:49.877+00	\N
2951	7	Hari venkat	172.18.0.1	2025-11-20 20:18:55.425+00	2025-11-20 21:19:16.306+00
2952	7	Hari venkat	172.18.0.1	2025-11-21 04:17:22.24+00	\N
2953	7	Hari venkat	172.18.0.1	2025-11-21 04:17:58.898+00	\N
2954	7	Hari venkat	172.18.0.1	2025-11-21 04:18:05.587+00	\N
2955	7	Hari venkat	172.18.0.1	2025-11-21 04:18:07.819+00	\N
2956	7	Hari venkat	172.18.0.1	2025-11-21 04:18:12.12+00	\N
2957	7	Hari venkat	172.18.0.1	2025-11-21 04:18:19.435+00	\N
2958	7	Hari venkat	172.18.0.1	2025-11-21 04:18:19.474+00	\N
2959	7	Hari venkat	172.18.0.1	2025-11-21 04:18:23.324+00	\N
2960	7	Hari venkat	172.18.0.1	2025-11-21 04:18:35.67+00	\N
2961	7	Hari venkat	172.18.0.1	2025-11-21 04:18:37.198+00	\N
2962	7	Hari venkat	172.18.0.1	2025-11-21 04:19:06.572+00	\N
2963	7	Hari venkat	172.18.0.1	2025-11-21 04:19:13.639+00	\N
2964	7	Hari venkat	172.18.0.1	2025-11-21 04:19:17.138+00	\N
2965	7	Hari venkat	172.18.0.1	2025-11-21 04:20:11.344+00	\N
2966	7	Hari venkat	172.18.0.1	2025-11-21 04:20:15.455+00	\N
2967	7	Hari venkat	172.18.0.1	2025-11-21 04:23:55.135+00	\N
2968	7	Hari venkat	172.18.0.1	2025-11-21 04:23:59.857+00	\N
2976	7	Hari venkat	172.18.0.1	2025-11-21 04:25:48.084+00	\N
2981	7	Hari venkat	172.18.0.1	2025-11-21 04:27:00.214+00	\N
2985	7	Hari venkat	172.18.0.1	2025-11-21 04:28:09.043+00	\N
2987	7	Hari venkat	172.18.0.1	2025-11-21 04:28:11.472+00	\N
2988	7	Hari venkat	172.18.0.1	2025-11-21 04:28:33.939+00	\N
2991	7	Hari venkat	172.18.0.1	2025-11-21 04:28:48.394+00	\N
2996	7	Hari venkat	172.18.0.1	2025-11-21 04:29:45.993+00	\N
3006	7	Hari venkat	172.18.0.1	2025-11-21 04:31:13.084+00	\N
3007	7	Hari venkat	172.18.0.1	2025-11-21 04:31:29.944+00	\N
3008	7	Hari venkat	172.18.0.1	2025-11-21 04:31:30.267+00	\N
3011	7	Hari venkat	172.18.0.1	2025-11-21 04:32:10.884+00	\N
3014	7	Hari venkat	172.18.0.1	2025-11-21 04:48:06.509+00	\N
2969	7	Hari venkat	172.18.0.1	2025-11-21 04:24:03.086+00	\N
2971	7	Hari venkat	172.18.0.1	2025-11-21 04:24:10.564+00	\N
2977	7	Hari venkat	172.18.0.1	2025-11-21 04:26:37.114+00	\N
2980	7	Hari venkat	172.18.0.1	2025-11-21 04:26:54.859+00	\N
2983	7	Hari venkat	172.18.0.1	2025-11-21 04:27:55.203+00	\N
2984	7	Hari venkat	172.18.0.1	2025-11-21 04:28:02.323+00	\N
2986	7	Hari venkat	172.18.0.1	2025-11-21 04:28:10.054+00	\N
2989	7	Hari venkat	172.18.0.1	2025-11-21 04:28:41.656+00	\N
2994	7	Hari venkat	172.18.0.1	2025-11-21 04:29:41.122+00	\N
2995	7	Hari venkat	172.18.0.1	2025-11-21 04:29:44.53+00	\N
2998	7	Hari venkat	172.18.0.1	2025-11-21 04:30:02.933+00	\N
3002	7	Hari venkat	172.18.0.1	2025-11-21 04:30:53.573+00	\N
3003	7	Hari venkat	172.18.0.1	2025-11-21 04:30:54.479+00	\N
3005	7	Hari venkat	172.18.0.1	2025-11-21 04:31:11.014+00	\N
3009	7	Hari venkat	172.18.0.1	2025-11-21 04:31:46.875+00	\N
2970	7	Hari venkat	172.18.0.1	2025-11-21 04:24:09.259+00	\N
2972	7	Hari venkat	172.18.0.1	2025-11-21 04:24:16.565+00	\N
2973	7	Hari venkat	172.18.0.1	2025-11-21 04:24:40.448+00	\N
2974	7	Hari venkat	172.18.0.1	2025-11-21 04:24:45.432+00	\N
2979	7	Hari venkat	172.18.0.1	2025-11-21 04:26:48.352+00	\N
2982	7	Hari venkat	172.18.0.1	2025-11-21 04:27:05.587+00	\N
2992	7	Hari venkat	172.18.0.1	2025-11-21 04:29:29.634+00	\N
2993	7	Hari venkat	172.18.0.1	2025-11-21 04:29:36.975+00	\N
2997	7	Hari venkat	172.18.0.1	2025-11-21 04:30:02.914+00	\N
2999	7	Hari venkat	172.18.0.1	2025-11-21 04:30:07.279+00	\N
3000	7	Hari venkat	172.18.0.1	2025-11-21 04:30:49.173+00	\N
3001	7	Hari venkat	172.18.0.1	2025-11-21 04:30:50.5+00	\N
3013	7	Hari venkat	172.18.0.1	2025-11-21 04:38:58.803+00	\N
3015	7	Hari venkat	172.18.0.1	2025-11-21 04:48:09.263+00	\N
2975	7	Hari venkat	172.18.0.1	2025-11-21 04:25:43.982+00	\N
2978	7	Hari venkat	172.18.0.1	2025-11-21 04:26:42.588+00	\N
2990	7	Hari venkat	172.18.0.1	2025-11-21 04:28:44.486+00	\N
3004	7	Hari venkat	172.18.0.1	2025-11-21 04:30:55.051+00	\N
3010	7	Hari venkat	172.18.0.1	2025-11-21 04:32:03.932+00	\N
3012	7	Hari venkat	172.18.0.1	2025-11-21 04:32:19.635+00	\N
3048	7	Hari venkat	172.18.0.1	2025-11-21 04:50:55.929+00	\N
3047	7	Hari venkat	172.18.0.1	2025-11-21 04:50:55.832+00	2025-11-21 04:50:56.267+00
3049	7	Hari venkat	172.18.0.1	2025-11-21 04:50:59.243+00	\N
3050	7	Hari venkat	172.18.0.1	2025-11-21 04:51:14.447+00	\N
3051	7	Hari venkat	172.18.0.1	2025-11-21 04:51:40.297+00	\N
3052	7	Hari venkat	172.18.0.1	2025-11-21 04:51:55.456+00	\N
3053	7	Hari venkat	172.18.0.1	2025-11-21 04:51:56.877+00	\N
3054	7	Hari venkat	172.18.0.1	2025-11-21 04:52:13.328+00	\N
3055	7	Hari venkat	172.18.0.1	2025-11-21 04:52:14.54+00	\N
3057	7	Hari venkat	172.18.0.1	2025-11-21 05:00:02.806+00	\N
3058	7	Hari venkat	172.18.0.1	2025-11-21 05:00:05.272+00	\N
3059	7	Hari venkat	172.18.0.1	2025-11-21 05:00:08.82+00	\N
3060	7	Hari venkat	172.18.0.1	2025-11-21 05:00:17.827+00	\N
3061	7	Hari venkat	172.18.0.1	2025-11-21 05:00:22.579+00	\N
3062	7	Hari venkat	172.18.0.1	2025-11-21 05:00:31.011+00	\N
3063	7	Hari venkat	172.18.0.1	2025-11-21 05:00:32.437+00	\N
3064	7	Hari venkat	172.18.0.1	2025-11-21 05:00:34.226+00	\N
3056	7	Hari venkat	172.18.0.1	2025-11-21 04:55:11.993+00	2025-11-21 05:05:05.285+00
3065	7	Hari venkat	172.18.0.1	2025-11-21 05:03:12.417+00	2025-11-21 05:05:05.288+00
3066	7	Hari venkat	172.18.0.1	2025-11-21 05:05:11.356+00	\N
3067	7	Hari venkat	172.18.0.1	2025-11-21 05:05:18.409+00	\N
3068	7	Hari venkat	172.18.0.1	2025-11-21 05:05:23.358+00	\N
3069	7	Hari venkat	172.18.0.1	2025-11-21 05:05:29.582+00	\N
3070	7	Hari venkat	172.18.0.1	2025-11-21 05:05:30.972+00	\N
3072	7	Hari venkat	172.18.0.1	2025-11-21 05:05:49.794+00	\N
3073	7	Hari venkat	172.18.0.1	2025-11-21 05:08:41.445+00	\N
3074	7	Hari venkat	172.18.0.1	2025-11-21 05:08:41.503+00	\N
3075	7	Hari venkat	172.18.0.1	2025-11-21 05:08:43.605+00	\N
3076	7	Hari venkat	172.18.0.1	2025-11-21 05:08:50.204+00	\N
3077	7	Hari venkat	172.18.0.1	2025-11-21 05:09:02.593+00	\N
3078	7	Hari venkat	172.18.0.1	2025-11-21 05:09:05.659+00	\N
3079	7	Hari venkat	172.18.0.1	2025-11-21 05:11:20.794+00	\N
3080	7	Hari venkat	172.18.0.1	2025-11-21 05:11:26.688+00	\N
3081	7	Hari venkat	172.18.0.1	2025-11-21 05:11:30.632+00	\N
3082	7	Hari venkat	172.18.0.1	2025-11-21 05:11:32.096+00	\N
3083	7	Hari venkat	172.18.0.1	2025-11-21 05:11:48.557+00	\N
3084	7	Hari venkat	172.18.0.1	2025-11-21 05:11:48.891+00	\N
3085	7	Hari venkat	172.18.0.1	2025-11-21 05:12:03.679+00	\N
3086	7	Hari venkat	172.18.0.1	2025-11-21 05:12:06.318+00	\N
3087	7	Hari venkat	172.18.0.1	2025-11-21 05:12:23.19+00	\N
3088	7	Hari venkat	172.18.0.1	2025-11-21 05:12:34.384+00	\N
3089	7	Hari venkat	172.18.0.1	2025-11-21 05:13:08.693+00	\N
3090	7	Hari venkat	172.18.0.1	2025-11-21 05:13:13.741+00	\N
3091	7	Hari venkat	172.18.0.1	2025-11-21 05:13:18.694+00	\N
3092	7	Hari venkat	172.18.0.1	2025-11-21 05:13:20.17+00	\N
3071	7	Hari venkat	172.18.0.1	2025-11-21 05:05:43.029+00	2025-11-21 05:13:36.235+00
3093	7	Hari venkat	172.18.0.1	2025-11-21 05:13:22.21+00	2025-11-21 05:13:36.256+00
3094	7	Hari venkat	172.18.0.1	2025-11-21 05:14:19.244+00	\N
3095	7	Hari venkat	172.18.0.1	2025-11-21 05:14:23.233+00	\N
3096	7	Hari venkat	172.18.0.1	2025-11-21 05:14:23.835+00	\N
3097	7	Hari venkat	172.18.0.1	2025-11-21 05:14:25.41+00	\N
3099	7	Hari venkat	172.18.0.1	2025-11-21 05:19:41.678+00	\N
3100	7	Hari venkat	172.18.0.1	2025-11-21 05:19:41.681+00	\N
3101	7	Hari venkat	172.18.0.1	2025-11-21 05:19:46.267+00	\N
3102	7	Hari venkat	172.18.0.1	2025-11-21 05:19:49.36+00	\N
3103	7	Hari venkat	172.18.0.1	2025-11-21 05:20:27.649+00	\N
3104	7	Hari venkat	172.18.0.1	2025-11-21 05:20:32.022+00	\N
3105	7	Hari venkat	172.18.0.1	2025-11-21 05:20:35.147+00	\N
3106	7	Hari venkat	172.18.0.1	2025-11-21 05:20:36.631+00	\N
3107	7	Hari venkat	172.18.0.1	2025-11-21 05:20:38.112+00	\N
3108	7	Hari venkat	172.18.0.1	2025-11-21 05:20:41.715+00	\N
3109	7	Hari venkat	172.18.0.1	2025-11-21 05:20:49.72+00	\N
3110	7	Hari venkat	172.18.0.1	2025-11-21 05:20:53.839+00	\N
3111	7	Hari venkat	172.18.0.1	2025-11-21 05:20:57.563+00	\N
3112	7	Hari venkat	172.18.0.1	2025-11-21 05:21:01.018+00	\N
3113	7	Hari venkat	172.18.0.1	2025-11-21 05:21:02.19+00	\N
3114	7	Hari venkat	172.18.0.1	2025-11-21 05:21:07.232+00	\N
3115	7	Hari venkat	172.18.0.1	2025-11-21 05:21:21.769+00	\N
3116	7	Hari venkat	172.18.0.1	2025-11-21 05:21:27.827+00	\N
3117	7	Hari venkat	172.18.0.1	2025-11-21 05:21:30.826+00	\N
3118	7	Hari venkat	172.18.0.1	2025-11-21 05:21:34.197+00	\N
3119	7	Hari venkat	172.18.0.1	2025-11-21 05:21:35.309+00	\N
3120	7	Hari venkat	172.18.0.1	2025-11-21 05:21:41.476+00	\N
3121	7	Hari venkat	172.18.0.1	2025-11-21 05:21:52.178+00	\N
3122	7	Hari venkat	172.18.0.1	2025-11-21 05:21:55.701+00	\N
3123	7	Hari venkat	172.18.0.1	2025-11-21 05:21:58.01+00	\N
3124	7	Hari venkat	172.18.0.1	2025-11-21 05:21:59.518+00	\N
3125	7	Hari venkat	172.18.0.1	2025-11-21 05:22:00.669+00	\N
3126	7	Hari venkat	172.18.0.1	2025-11-21 05:22:04.06+00	\N
3127	7	Hari venkat	172.18.0.1	2025-11-21 05:22:05.485+00	\N
3128	7	Hari venkat	172.18.0.1	2025-11-21 05:22:05.846+00	\N
3129	7	Hari venkat	172.18.0.1	2025-11-21 05:22:18.436+00	\N
3130	7	Hari venkat	172.18.0.1	2025-11-21 05:25:03.468+00	\N
3131	7	Hari venkat	172.18.0.1	2025-11-21 05:25:10.644+00	\N
3132	7	Hari venkat	172.18.0.1	2025-11-21 05:25:14.827+00	\N
3133	7	Hari venkat	172.18.0.1	2025-11-21 05:25:18.043+00	\N
3134	7	Hari venkat	172.18.0.1	2025-11-21 05:25:19.463+00	\N
3135	7	Hari venkat	172.18.0.1	2025-11-21 05:25:29.439+00	\N
3136	7	Hari venkat	172.18.0.1	2025-11-21 05:25:38.382+00	\N
3137	7	Hari venkat	172.18.0.1	2025-11-21 05:26:15.253+00	\N
3138	7	Hari venkat	172.18.0.1	2025-11-21 05:26:20.348+00	\N
3139	7	Hari venkat	172.18.0.1	2025-11-21 05:26:24.326+00	\N
3140	7	Hari venkat	172.18.0.1	2025-11-21 05:26:25.842+00	\N
3141	7	Hari venkat	172.18.0.1	2025-11-21 05:26:37.953+00	\N
3142	7	Hari venkat	172.18.0.1	2025-11-21 05:26:41.116+00	\N
3143	7	Hari venkat	172.18.0.1	2025-11-21 05:26:45.41+00	\N
3144	7	Hari venkat	172.18.0.1	2025-11-21 05:26:53.111+00	\N
3145	7	Hari venkat	172.18.0.1	2025-11-21 05:26:57.601+00	\N
3146	7	Hari venkat	172.18.0.1	2025-11-21 05:28:09.313+00	\N
3147	7	Hari venkat	172.18.0.1	2025-11-21 05:28:13.52+00	\N
3148	7	Hari venkat	172.18.0.1	2025-11-21 05:28:17.664+00	\N
3149	7	Hari venkat	172.18.0.1	2025-11-21 05:28:58.577+00	\N
3150	7	Hari venkat	172.18.0.1	2025-11-21 05:29:05.385+00	\N
3151	7	Hari venkat	172.18.0.1	2025-11-21 05:29:08.426+00	\N
3152	7	Hari venkat	172.18.0.1	2025-11-21 05:29:09.987+00	\N
3153	7	Hari venkat	172.18.0.1	2025-11-21 05:29:10.363+00	\N
3154	7	Hari venkat	172.18.0.1	2025-11-21 05:29:12.502+00	\N
3155	7	Hari venkat	172.18.0.1	2025-11-21 05:35:32.09+00	\N
3156	7	Hari venkat	172.18.0.1	2025-11-21 05:35:39.717+00	\N
3157	7	Hari venkat	172.18.0.1	2025-11-21 05:35:45.121+00	\N
3158	7	Hari venkat	172.18.0.1	2025-11-21 05:35:47.13+00	\N
3159	7	Hari venkat	172.18.0.1	2025-11-21 05:35:48.876+00	\N
3160	7	Hari venkat	172.18.0.1	2025-11-21 05:35:48.927+00	\N
3169	7	Hari venkat	172.18.0.1	2025-11-21 05:37:42.572+00	\N
3174	7	Hari venkat	172.18.0.1	2025-11-21 05:38:34.391+00	\N
3176	7	Hari venkat	172.18.0.1	2025-11-21 05:38:39.29+00	\N
3179	7	Hari venkat	172.18.0.1	2025-11-21 05:39:32.007+00	\N
3181	7	Hari venkat	172.18.0.1	2025-11-21 05:39:48.064+00	\N
3183	7	Hari venkat	172.18.0.1	2025-11-21 05:39:56.105+00	\N
3187	7	Hari venkat	172.18.0.1	2025-11-21 05:40:19.085+00	\N
3188	7	Hari venkat	172.18.0.1	2025-11-21 05:40:19.418+00	\N
3191	7	Hari venkat	172.18.0.1	2025-11-21 05:40:41.188+00	\N
3197	8	Kamraann Rajaani	172.18.0.1	2025-11-21 05:41:56.379+00	\N
3199	7	Hari venkat	172.18.0.1	2025-11-21 05:45:58.533+00	\N
3210	7	Hari venkat	172.18.0.1	2025-11-21 06:13:39.992+00	\N
3098	7	Hari venkat	172.18.0.1	2025-11-21 05:14:26.599+00	2025-11-21 06:15:12.723+00
3214	7	Hari venkat	172.18.0.1	2025-11-21 06:15:17.691+00	\N
3221	7	Hari venkat	172.18.0.1	2025-11-21 06:25:40.238+00	\N
3226	7	Hari venkat	172.18.0.1	2025-11-21 06:26:21.199+00	\N
3228	7	Hari venkat	172.18.0.1	2025-11-21 06:26:46.544+00	\N
3230	7	Hari venkat	172.18.0.1	2025-11-21 06:26:51.957+00	\N
3232	7	Hari venkat	172.18.0.1	2025-11-21 06:27:53.376+00	\N
3233	7	Hari venkat	172.18.0.1	2025-11-21 06:28:11.998+00	\N
3235	7	Hari venkat	172.18.0.1	2025-11-21 06:28:17.49+00	\N
3242	7	Hari venkat	172.18.0.1	2025-11-21 06:33:56.385+00	\N
3247	7	Hari venkat	172.18.0.1	2025-11-21 06:34:30.815+00	\N
3250	7	Hari venkat	172.18.0.1	2025-11-21 06:34:51.447+00	\N
3252	7	Hari venkat	172.18.0.1	2025-11-21 06:34:59.962+00	\N
3258	7	Hari venkat	172.18.0.1	2025-11-21 06:36:11.778+00	\N
3264	7	Hari venkat	172.18.0.1	2025-11-21 06:36:39.817+00	\N
3269	7	Hari venkat	172.18.0.1	2025-11-21 06:39:27.163+00	\N
3271	7	Hari venkat	172.18.0.1	2025-11-21 06:39:33.485+00	\N
3275	7	Hari venkat	172.18.0.1	2025-11-21 06:40:41.763+00	\N
3276	7	Hari venkat	172.18.0.1	2025-11-21 06:40:47.219+00	\N
3161	7	Hari venkat	172.18.0.1	2025-11-21 05:35:54.723+00	\N
3163	7	Hari venkat	172.18.0.1	2025-11-21 05:35:56.352+00	\N
3166	7	Hari venkat	172.18.0.1	2025-11-21 05:36:20.245+00	\N
3175	7	Hari venkat	172.18.0.1	2025-11-21 05:38:35.833+00	\N
3178	7	Hari venkat	172.18.0.1	2025-11-21 05:39:29.439+00	\N
3180	7	Hari venkat	172.18.0.1	2025-11-21 05:39:34.088+00	\N
3182	7	Hari venkat	172.18.0.1	2025-11-21 05:39:50.771+00	\N
3185	7	Hari venkat	172.18.0.1	2025-11-21 05:40:10.918+00	\N
3186	7	Hari venkat	172.18.0.1	2025-11-21 05:40:17.619+00	\N
3189	7	Hari venkat	172.18.0.1	2025-11-21 05:40:35.886+00	\N
3201	7	Hari venkat	172.18.0.1	2025-11-21 05:46:05.681+00	\N
3203	7	Hari venkat	172.18.0.1	2025-11-21 06:11:22.597+00	\N
3204	7	Hari venkat	172.18.0.1	2025-11-21 06:11:32.587+00	\N
3206	7	Hari venkat	172.18.0.1	2025-11-21 06:11:34.456+00	\N
3208	7	Hari venkat	172.18.0.1	2025-11-21 06:13:34.572+00	\N
3212	7	Hari venkat	172.18.0.1	2025-11-21 06:15:09.807+00	\N
3213	7	Hari venkat	172.18.0.1	2025-11-21 06:15:16.712+00	\N
3216	7	Hari venkat	172.18.0.1	2025-11-21 06:15:23.268+00	\N
3218	7	Hari venkat	172.18.0.1	2025-11-21 06:22:39.057+00	\N
3220	7	Hari venkat	172.18.0.1	2025-11-21 06:23:49.293+00	\N
3222	7	Hari venkat	172.18.0.1	2025-11-21 06:25:44.588+00	\N
3237	7	Hari venkat	172.18.0.1	2025-11-21 06:28:53.885+00	\N
3239	7	Hari venkat	172.18.0.1	2025-11-21 06:28:59.637+00	\N
3240	7	Hari venkat	172.18.0.1	2025-11-21 06:29:03.117+00	\N
3241	7	Hari venkat	172.18.0.1	2025-11-21 06:33:48.341+00	\N
3257	7	Hari venkat	172.18.0.1	2025-11-21 06:36:08.306+00	\N
3259	7	Hari venkat	172.18.0.1	2025-11-21 06:36:19.885+00	\N
3263	7	Hari venkat	172.18.0.1	2025-11-21 06:36:36.47+00	\N
3268	7	Hari venkat	172.18.0.1	2025-11-21 06:39:11.33+00	\N
3270	7	Hari venkat	172.18.0.1	2025-11-21 06:39:30.404+00	\N
3274	7	Hari venkat	172.18.0.1	2025-11-21 06:40:08.669+00	\N
3278	7	Hari venkat	172.18.0.1	2025-11-21 09:53:38.09+00	\N
3279	7	Hari venkat	172.18.0.1	2025-11-21 09:53:40.822+00	\N
3162	7	Hari venkat	172.18.0.1	2025-11-21 05:35:54.802+00	\N
3164	7	Hari venkat	172.18.0.1	2025-11-21 05:36:00.12+00	\N
3165	7	Hari venkat	172.18.0.1	2025-11-21 05:36:14.946+00	\N
3167	7	Hari venkat	172.18.0.1	2025-11-21 05:36:22.105+00	\N
3170	7	Hari venkat	172.18.0.1	2025-11-21 05:37:56.119+00	\N
3171	7	Hari venkat	172.18.0.1	2025-11-21 05:38:26.3+00	\N
3172	7	Hari venkat	172.18.0.1	2025-11-21 05:38:29.425+00	\N
3173	7	Hari venkat	172.18.0.1	2025-11-21 05:38:32.957+00	\N
3177	7	Hari venkat	172.18.0.1	2025-11-21 05:39:25.539+00	\N
3184	7	Hari venkat	172.18.0.1	2025-11-21 05:40:06.927+00	\N
3202	7	Hari venkat	172.18.0.1	2025-11-21 05:46:06.901+00	\N
3211	7	Hari venkat	172.18.0.1	2025-11-21 06:14:01.213+00	\N
3215	7	Hari venkat	172.18.0.1	2025-11-21 06:15:21.805+00	\N
3219	7	Hari venkat	172.18.0.1	2025-11-21 06:23:45.344+00	\N
3224	7	Hari venkat	172.18.0.1	2025-11-21 06:25:51.138+00	\N
3225	7	Hari venkat	172.18.0.1	2025-11-21 06:26:14.869+00	\N
3227	7	Hari venkat	172.18.0.1	2025-11-21 06:26:37.501+00	\N
3229	7	Hari venkat	172.18.0.1	2025-11-21 06:26:50.474+00	\N
3231	7	Hari venkat	172.18.0.1	2025-11-21 06:26:56.969+00	\N
3234	7	Hari venkat	172.18.0.1	2025-11-21 06:28:14.058+00	\N
3236	7	Hari venkat	172.18.0.1	2025-11-21 06:28:28.16+00	\N
3238	7	Hari venkat	172.18.0.1	2025-11-21 06:28:55.829+00	\N
3243	7	Hari venkat	172.18.0.1	2025-11-21 06:34:06.649+00	\N
3246	7	Hari venkat	172.18.0.1	2025-11-21 06:34:24.192+00	\N
3248	7	Hari venkat	172.18.0.1	2025-11-21 06:34:34.503+00	\N
3249	7	Hari venkat	172.18.0.1	2025-11-21 06:34:43.003+00	\N
3251	7	Hari venkat	172.18.0.1	2025-11-21 06:34:56.758+00	\N
3253	7	Hari venkat	172.18.0.1	2025-11-21 06:35:03.475+00	\N
3255	7	Hari venkat	172.18.0.1	2025-11-21 06:35:56.238+00	\N
3265	7	Hari venkat	172.18.0.1	2025-11-21 06:36:42.68+00	\N
3272	7	Hari venkat	172.18.0.1	2025-11-21 06:39:34.892+00	\N
3277	7	Hari venkat	172.18.0.1	2025-11-21 06:40:49.111+00	2025-11-21 07:41:12.334+00
3280	7	Hari venkat	172.18.0.1	2025-11-21 09:55:57.223+00	\N
3281	7	Hari venkat	172.18.0.1	2025-11-21 10:00:39.233+00	\N
3282	7	Hari venkat	172.18.0.1	2025-11-21 10:05:04.02+00	\N
3283	7	Hari venkat	172.18.0.1	2025-11-21 10:05:06.827+00	\N
3168	7	Hari venkat	172.18.0.1	2025-11-21 05:37:36.721+00	\N
3190	7	Hari venkat	172.18.0.1	2025-11-21 05:40:40.19+00	\N
3192	7	Hari venkat	172.18.0.1	2025-11-21 05:40:59.54+00	\N
3193	7	Hari venkat	172.18.0.1	2025-11-21 05:41:40.363+00	\N
3194	8	Kamraann Rajaani	172.18.0.1	2025-11-21 05:41:45.543+00	\N
3195	7	Hari venkat	172.18.0.1	2025-11-21 05:41:51.424+00	\N
3196	8	Kamraann Rajaani	172.18.0.1	2025-11-21 05:41:55.94+00	\N
3200	7	Hari venkat	172.18.0.1	2025-11-21 05:46:04.164+00	\N
3205	7	Hari venkat	172.18.0.1	2025-11-21 06:11:34.106+00	\N
3207	7	Hari venkat	172.18.0.1	2025-11-21 06:11:36.149+00	\N
3209	7	Hari venkat	172.18.0.1	2025-11-21 06:13:36.835+00	\N
3217	7	Hari venkat	172.18.0.1	2025-11-21 06:15:36.042+00	\N
3223	7	Hari venkat	172.18.0.1	2025-11-21 06:25:48.67+00	\N
3244	7	Hari venkat	172.18.0.1	2025-11-21 06:34:12.494+00	\N
3245	7	Hari venkat	172.18.0.1	2025-11-21 06:34:20.756+00	\N
3254	7	Hari venkat	172.18.0.1	2025-11-21 06:35:04.725+00	\N
3256	7	Hari venkat	172.18.0.1	2025-11-21 06:36:05.903+00	\N
3260	7	Hari venkat	172.18.0.1	2025-11-21 06:36:24.197+00	\N
3261	7	Hari venkat	172.18.0.1	2025-11-21 06:36:29.528+00	\N
3262	7	Hari venkat	172.18.0.1	2025-11-21 06:36:33.029+00	\N
3266	7	Hari venkat	172.18.0.1	2025-11-21 06:36:49.304+00	\N
3267	7	Hari venkat	172.18.0.1	2025-11-21 06:36:50.476+00	\N
3273	7	Hari venkat	172.18.0.1	2025-11-21 06:39:39.108+00	\N
3198	8	Kamraann Rajaani	172.18.0.1	2025-11-21 05:42:03.329+00	2025-11-21 06:42:12.611+00
3284	7	Hari venkat	172.18.0.1	2025-11-21 10:10:07.232+00	\N
3286	7	Hari venkat	172.18.0.1	2025-11-21 13:12:01.412+00	\N
3287	7	Hari venkat	172.18.0.1	2025-11-21 13:12:05.123+00	\N
3288	7	Hari venkat	172.18.0.1	2025-11-21 13:12:42.88+00	\N
3289	7	Hari venkat	172.18.0.1	2025-11-21 13:20:09.733+00	\N
3290	7	Hari venkat	172.18.0.1	2025-11-21 13:20:16.794+00	\N
3291	7	Hari venkat	172.18.0.1	2025-11-21 13:22:02.238+00	\N
3285	7	Hari venkat	172.18.0.1	2025-11-21 13:02:42.851+00	2025-11-21 14:03:27.642+00
3292	7	Hari venkat	172.18.0.1	2025-11-21 15:03:37.693+00	\N
3293	7	Hari venkat	172.18.0.1	2025-11-21 15:03:46.076+00	2025-11-21 16:04:27.092+00
3295	7	Hari venkat	172.18.0.1	2025-11-21 16:09:28.873+00	\N
3294	7	Hari venkat	172.18.0.1	2025-11-21 16:09:28.825+00	2025-11-21 16:09:29.198+00
3296	7	Hari venkat	172.18.0.1	2025-11-21 16:09:35.195+00	\N
3297	7	Hari venkat	172.18.0.1	2025-11-21 16:09:40.264+00	\N
3298	7	Hari venkat	172.18.0.1	2025-11-21 16:17:04.053+00	\N
3299	7	Hari venkat	172.18.0.1	2025-11-21 16:19:09.641+00	\N
3300	7	Hari venkat	172.18.0.1	2025-11-21 16:42:37.424+00	\N
3301	7	Hari venkat	172.18.0.1	2025-11-21 17:09:49.17+00	\N
3302	7	Hari venkat	172.18.0.1	2025-11-21 18:09:53.837+00	\N
3303	7	Hari venkat	172.18.0.1	2025-11-21 18:22:46.94+00	\N
3304	7	Hari venkat	172.18.0.1	2025-11-21 18:28:01.815+00	\N
3305	7	Hari venkat	172.18.0.1	2025-11-21 18:30:14.603+00	\N
3306	7	Hari venkat	172.18.0.1	2025-11-21 18:30:18.656+00	\N
3307	7	Hari venkat	172.18.0.1	2025-11-21 18:30:20.535+00	2025-11-21 19:30:24.835+00
3308	7	Hari venkat	172.18.0.1	2025-11-22 16:24:24.058+00	\N
3309	7	Hari venkat	172.18.0.1	2025-11-22 16:24:27.506+00	\N
3310	7	Hari venkat	172.18.0.1	2025-11-22 16:31:12.784+00	\N
3311	7	Hari venkat	172.18.0.1	2025-11-22 16:31:16.31+00	\N
3312	7	Hari venkat	172.18.0.1	2025-11-22 16:39:06.684+00	\N
3313	7	Hari venkat	172.18.0.1	2025-11-22 16:39:09.286+00	\N
3314	7	Hari venkat	172.18.0.1	2025-11-22 16:42:45.494+00	\N
3315	7	Hari venkat	172.18.0.1	2025-11-22 17:25:18.597+00	2025-11-22 18:27:13.78+00
3316	7	Hari venkat	172.18.0.1	2025-11-23 04:35:00.864+00	\N
3317	7	Hari venkat	172.18.0.1	2025-11-23 04:35:40.746+00	\N
3318	7	Hari venkat	172.18.0.1	2025-11-23 05:50:17.958+00	\N
3319	7	Hari venkat	172.18.0.1	2025-11-23 05:50:22.418+00	\N
3320	7	Hari venkat	172.18.0.1	2025-11-23 06:00:28.241+00	\N
3321	7	Hari venkat	172.18.0.1	2025-11-23 06:07:06.136+00	\N
3322	7	Hari venkat	172.18.0.1	2025-11-23 06:07:16.582+00	\N
3323	7	Hari venkat	172.18.0.1	2025-11-23 06:07:27.414+00	\N
3324	7	Hari venkat	172.18.0.1	2025-11-23 06:07:45.24+00	\N
3325	7	Hari venkat	172.18.0.1	2025-11-23 06:08:43.844+00	\N
3326	7	Hari venkat	172.18.0.1	2025-11-23 06:09:25.727+00	\N
3327	7	Hari venkat	172.18.0.1	2025-11-23 06:09:27.155+00	\N
3328	7	Hari venkat	172.18.0.1	2025-11-23 06:09:37.933+00	2025-11-23 07:10:05.255+00
3329	7	Hari venkat	172.18.0.1	2025-11-23 07:24:58.991+00	2025-11-23 08:25:04.313+00
3330	7	Hari venkat	172.18.0.1	2025-11-23 12:17:00.703+00	\N
3331	7	Hari venkat	172.18.0.1	2025-11-23 12:17:17.172+00	\N
3332	7	Hari venkat	172.18.0.1	2025-11-23 17:47:28.473+00	\N
3333	7	Hari venkat	172.18.0.1	2025-11-23 17:47:34.111+00	\N
3334	7	Hari venkat	172.18.0.1	2025-11-23 17:48:10.246+00	2025-11-23 20:45:58.891+00
3335	7	Hari venkat	172.18.0.1	2025-11-24 03:32:48.626+00	\N
3336	7	Hari venkat	172.18.0.1	2025-11-24 03:32:53.081+00	\N
3337	7	Hari venkat	172.18.0.1	2025-11-24 03:32:53.083+00	\N
3338	7	Hari venkat	172.18.0.1	2025-11-24 03:32:55.97+00	\N
3339	7	Hari venkat	172.18.0.1	2025-11-24 03:34:05.458+00	\N
3340	7	Hari venkat	172.18.0.1	2025-11-24 03:34:05.791+00	\N
3341	7	Hari venkat	172.18.0.1	2025-11-24 03:34:07.296+00	\N
3342	7	Hari venkat	172.18.0.1	2025-11-24 03:34:08.941+00	\N
3343	7	Hari venkat	172.18.0.1	2025-11-24 04:50:35.222+00	\N
3344	7	Hari venkat	172.18.0.1	2025-11-24 04:50:50.159+00	\N
3345	7	Hari venkat	172.18.0.1	2025-11-24 06:07:22.205+00	\N
3346	7	Hari venkat	172.18.0.1	2025-11-24 06:07:22.208+00	\N
3347	7	Hari venkat	172.18.0.1	2025-11-24 06:16:22.6+00	\N
3348	7	Hari venkat	172.18.0.1	2025-11-24 06:27:33.209+00	\N
3349	7	Hari venkat	172.18.0.1	2025-11-24 07:01:08.446+00	\N
3350	7	Hari venkat	172.18.0.1	2025-11-24 07:01:13.63+00	\N
3351	7	Hari venkat	172.18.0.1	2025-11-24 07:01:13.638+00	\N
3352	7	Hari venkat	172.18.0.1	2025-11-24 07:01:23.137+00	\N
3353	7	Hari venkat	172.18.0.1	2025-11-24 07:10:20.153+00	\N
3354	7	Hari venkat	172.18.0.1	2025-11-24 07:10:22.678+00	\N
3355	7	Hari venkat	172.18.0.1	2025-11-24 07:29:31.258+00	\N
3356	7	Hari venkat	172.18.0.1	2025-11-24 07:29:34.548+00	\N
3357	7	Hari venkat	172.18.0.1	2025-11-24 07:29:35.917+00	\N
3358	7	Hari venkat	172.18.0.1	2025-11-24 07:29:39.845+00	\N
3359	7	Hari venkat	172.18.0.1	2025-11-24 07:46:30.804+00	\N
3360	7	Hari venkat	172.18.0.1	2025-11-24 07:46:35.839+00	\N
3361	7	Hari venkat	172.18.0.1	2025-11-24 07:46:42.614+00	2025-11-24 08:46:53.752+00
3362	7	Hari venkat	172.18.0.1	2025-11-24 08:47:53.944+00	2025-11-24 09:48:53.144+00
3363	7	Hari venkat	172.18.0.1	2025-11-24 11:05:32.474+00	2025-11-24 12:05:51.688+00
3364	7	Hari venkat	172.18.0.1	2025-11-24 12:06:51.35+00	\N
3365	7	Hari venkat	172.18.0.1	2025-11-24 12:21:28.984+00	\N
3366	7	Hari venkat	172.18.0.1	2025-11-24 12:21:28.987+00	\N
3367	7	Hari venkat	172.18.0.1	2025-11-24 12:21:31.986+00	\N
3368	7	Hari venkat	172.18.0.1	2025-11-24 12:21:35.501+00	\N
3369	7	Hari venkat	172.18.0.1	2025-11-24 12:21:47.869+00	\N
3370	7	Hari venkat	172.18.0.1	2025-11-24 12:29:03.092+00	\N
3371	7	Hari venkat	172.18.0.1	2025-11-24 12:30:52.221+00	\N
3372	7	Hari venkat	172.18.0.1	2025-11-24 12:30:55.672+00	\N
3373	7	Hari venkat	172.18.0.1	2025-11-24 12:33:07.629+00	\N
3374	7	Hari venkat	172.18.0.1	2025-11-24 12:33:26.615+00	\N
3375	7	Hari venkat	172.18.0.1	2025-11-24 12:34:40.224+00	\N
3376	7	Hari venkat	172.18.0.1	2025-11-24 12:34:40.379+00	\N
3377	7	Hari venkat	172.18.0.1	2025-11-24 12:34:45.137+00	\N
3380	7	Hari venkat	172.18.0.1	2025-11-24 12:34:57.78+00	\N
3388	7	Hari venkat	172.18.0.1	2025-11-24 12:36:36.987+00	\N
3389	7	Hari venkat	172.18.0.1	2025-11-24 12:38:32.969+00	\N
3391	7	Hari venkat	172.18.0.1	2025-11-24 12:38:39.738+00	\N
3393	7	Hari venkat	172.18.0.1	2025-11-24 12:38:42.773+00	\N
3394	7	Hari venkat	172.18.0.1	2025-11-24 12:38:53.983+00	\N
3399	7	Hari venkat	172.18.0.1	2025-11-24 12:40:04.896+00	\N
3402	7	Hari venkat	172.18.0.1	2025-11-24 12:40:19.375+00	\N
3405	7	Hari venkat	172.18.0.1	2025-11-24 12:40:26.697+00	\N
3409	7	Hari venkat	172.18.0.1	2025-11-24 12:40:37.372+00	\N
3411	7	Hari venkat	172.18.0.1	2025-11-24 12:40:43.449+00	\N
3414	7	Hari venkat	172.18.0.1	2025-11-24 12:40:49.494+00	\N
3417	7	Hari venkat	172.18.0.1	2025-11-24 12:40:58.309+00	\N
3423	7	Hari venkat	172.18.0.1	2025-11-24 12:48:19.673+00	\N
3426	7	Hari venkat	172.18.0.1	2025-11-24 12:59:45.576+00	\N
3434	7	Hari venkat	172.18.0.1	2025-11-24 13:06:03.389+00	\N
3436	7	Hari venkat	172.18.0.1	2025-11-24 13:17:14.874+00	\N
3438	7	Hari venkat	172.18.0.1	2025-11-24 13:17:18.943+00	\N
3442	7	Hari venkat	172.18.0.1	2025-11-24 13:18:32.096+00	\N
3446	7	Hari venkat	172.18.0.1	2025-11-24 13:31:40.507+00	\N
3452	7	Hari venkat	172.18.0.1	2025-11-24 16:30:41.585+00	\N
3466	7	Hari venkat	172.18.0.1	2025-11-25 08:52:48.529+00	2025-11-25 09:53:40.139+00
3468	7	Hari venkat	172.18.0.1	2025-11-25 11:17:46.228+00	2025-11-25 12:18:39.026+00
3471	7	Hari venkat	172.18.0.1	2025-11-25 16:39:08.083+00	\N
3474	7	Hari venkat	172.18.0.1	2025-11-25 17:06:29.136+00	2025-11-25 18:06:36.101+00
3479	7	Hari venkat	172.18.0.1	2025-11-26 06:12:41.3+00	\N
3378	7	Hari venkat	172.18.0.1	2025-11-24 12:34:48.326+00	\N
3381	7	Hari venkat	172.18.0.1	2025-11-24 12:34:58.087+00	\N
3384	7	Hari venkat	172.18.0.1	2025-11-24 12:35:02.644+00	\N
3387	7	Hari venkat	172.18.0.1	2025-11-24 12:36:32.364+00	\N
3392	7	Hari venkat	172.18.0.1	2025-11-24 12:38:40.02+00	\N
3395	7	Hari venkat	172.18.0.1	2025-11-24 12:38:56.377+00	\N
3397	7	Hari venkat	172.18.0.1	2025-11-24 12:40:01.391+00	\N
3400	7	Hari venkat	172.18.0.1	2025-11-24 12:40:11.862+00	\N
3403	7	Hari venkat	172.18.0.1	2025-11-24 12:40:19.412+00	\N
3406	7	Hari venkat	172.18.0.1	2025-11-24 12:40:28.745+00	\N
3407	7	Hari venkat	172.18.0.1	2025-11-24 12:40:30.916+00	\N
3410	7	Hari venkat	172.18.0.1	2025-11-24 12:40:40.499+00	\N
3413	7	Hari venkat	172.18.0.1	2025-11-24 12:40:47.321+00	\N
3416	7	Hari venkat	172.18.0.1	2025-11-24 12:40:56.867+00	\N
3419	7	Hari venkat	172.18.0.1	2025-11-24 12:43:41.554+00	\N
3421	7	Hari venkat	172.18.0.1	2025-11-24 12:47:08.541+00	\N
3422	7	Hari venkat	172.18.0.1	2025-11-24 12:48:07.416+00	\N
3424	7	Hari venkat	172.18.0.1	2025-11-24 12:58:34.322+00	\N
3425	7	Hari venkat	172.18.0.1	2025-11-24 12:59:09.373+00	\N
3427	7	Hari venkat	172.18.0.1	2025-11-24 12:59:48.587+00	\N
3431	7	Hari venkat	172.18.0.1	2025-11-24 13:03:02.903+00	\N
3433	7	Hari venkat	172.18.0.1	2025-11-24 13:05:59.873+00	\N
3435	7	Hari venkat	172.18.0.1	2025-11-24 13:09:45.504+00	\N
3437	7	Hari venkat	172.18.0.1	2025-11-24 13:17:16.192+00	\N
3443	7	Hari venkat	172.18.0.1	2025-11-24 13:18:43.471+00	\N
3453	7	Hari venkat	172.18.0.1	2025-11-24 16:35:51.304+00	\N
3459	7	Hari venkat	172.18.0.1	2025-11-24 19:23:56.546+00	\N
3461	7	Hari venkat	172.18.0.1	2025-11-24 19:24:01.511+00	2025-11-24 20:24:47.54+00
3462	7	Hari venkat	172.18.0.1	2025-11-25 04:48:15.745+00	2025-11-25 05:48:42.255+00
3470	7	Hari venkat	172.18.0.1	2025-11-25 16:11:45.925+00	\N
3472	7	Hari venkat	172.18.0.1	2025-11-25 16:39:11.103+00	\N
3473	7	Hari venkat	172.18.0.1	2025-11-25 16:44:27.034+00	\N
3379	7	Hari venkat	172.18.0.1	2025-11-24 12:34:50.269+00	\N
3382	7	Hari venkat	172.18.0.1	2025-11-24 12:34:59.596+00	\N
3383	7	Hari venkat	172.18.0.1	2025-11-24 12:35:02.114+00	\N
3385	7	Hari venkat	172.18.0.1	2025-11-24 12:35:29.73+00	\N
3386	7	Hari venkat	172.18.0.1	2025-11-24 12:35:50.467+00	\N
3390	7	Hari venkat	172.18.0.1	2025-11-24 12:38:36.401+00	\N
3396	7	Hari venkat	172.18.0.1	2025-11-24 12:39:00.242+00	\N
3398	7	Hari venkat	172.18.0.1	2025-11-24 12:40:01.644+00	\N
3401	7	Hari venkat	172.18.0.1	2025-11-24 12:40:12.117+00	\N
3404	7	Hari venkat	172.18.0.1	2025-11-24 12:40:23.874+00	\N
3408	7	Hari venkat	172.18.0.1	2025-11-24 12:40:33.3+00	\N
3412	7	Hari venkat	172.18.0.1	2025-11-24 12:40:45.84+00	\N
3415	7	Hari venkat	172.18.0.1	2025-11-24 12:40:51.276+00	\N
3418	7	Hari venkat	172.18.0.1	2025-11-24 12:41:02.074+00	\N
3420	7	Hari venkat	172.18.0.1	2025-11-24 12:47:04.403+00	\N
3428	7	Hari venkat	172.18.0.1	2025-11-24 13:00:08.568+00	\N
3429	7	Hari venkat	172.18.0.1	2025-11-24 13:02:30.079+00	\N
3430	7	Hari venkat	172.18.0.1	2025-11-24 13:02:32.974+00	\N
3432	7	Hari venkat	172.18.0.1	2025-11-24 13:03:05.987+00	\N
3439	7	Hari venkat	172.18.0.1	2025-11-24 13:17:33.714+00	\N
3440	7	Hari venkat	172.18.0.1	2025-11-24 13:17:36.669+00	\N
3441	7	Hari venkat	172.18.0.1	2025-11-24 13:18:09.366+00	\N
3444	7	Hari venkat	172.18.0.1	2025-11-24 13:18:45.791+00	\N
3445	7	Hari venkat	172.18.0.1	2025-11-24 13:29:42.202+00	\N
3447	7	Hari venkat	172.18.0.1	2025-11-24 13:31:53.583+00	\N
3448	7	Hari venkat	172.18.0.1	2025-11-24 13:32:45.78+00	2025-11-24 14:32:50.438+00
3449	7	Hari venkat	172.18.0.1	2025-11-24 16:19:58.679+00	\N
3450	7	Hari venkat	172.18.0.1	2025-11-24 16:20:01.636+00	\N
3451	7	Hari venkat	172.18.0.1	2025-11-24 16:25:47.057+00	\N
3454	7	Hari venkat	172.18.0.1	2025-11-24 16:57:47.113+00	\N
3455	7	Hari venkat	172.18.0.1	2025-11-24 17:51:57.735+00	\N
3456	7	Hari venkat	172.18.0.1	2025-11-24 17:52:07.962+00	\N
3457	7	Hari venkat	172.18.0.1	2025-11-24 18:34:13.427+00	\N
3458	7	Hari venkat	172.18.0.1	2025-11-24 18:37:07.805+00	\N
3460	7	Hari venkat	172.18.0.1	2025-11-24 19:23:58.796+00	\N
3463	7	Hari venkat	172.18.0.1	2025-11-25 05:49:45.96+00	2025-11-25 06:50:41.64+00
3464	7	Hari venkat	172.18.0.1	2025-11-25 06:50:45.772+00	2025-11-25 07:51:41.084+00
3465	7	Hari venkat	172.18.0.1	2025-11-25 07:51:46.259+00	2025-11-25 08:52:40.642+00
3467	7	Hari venkat	172.18.0.1	2025-11-25 10:17:13.121+00	2025-11-25 11:17:39.475+00
3469	7	Hari venkat	172.18.0.1	2025-11-25 15:11:15.021+00	2025-11-25 16:11:37.054+00
3475	7	Hari venkat	172.18.0.1	2025-11-26 05:43:56.239+00	\N
3476	7	Hari venkat	172.18.0.1	2025-11-26 05:48:14.23+00	\N
3477	7	Hari venkat	172.18.0.1	2025-11-26 06:07:45.489+00	\N
3478	7	Hari venkat	172.18.0.1	2025-11-26 06:12:23.98+00	\N
3511	7	Hari venkat	172.18.0.1	2025-11-26 06:14:05.474+00	\N
3512	7	Hari venkat	172.18.0.1	2025-11-26 06:14:08.779+00	\N
3513	7	Hari venkat	172.18.0.1	2025-11-26 06:16:32.092+00	\N
3514	7	Hari venkat	172.18.0.1	2025-11-26 06:16:34.324+00	\N
3544	7	Hari venkat	172.18.0.1	2025-11-26 06:17:27.273+00	\N
3545	7	Hari venkat	172.18.0.1	2025-11-26 06:17:48.824+00	\N
3546	7	Hari venkat	172.18.0.1	2025-11-26 06:43:57.021+00	\N
3547	7	Hari venkat	172.18.0.1	2025-11-26 06:44:03.29+00	\N
3548	7	Hari venkat	172.18.0.1	2025-11-26 06:44:11.205+00	\N
3549	7	Hari venkat	172.18.0.1	2025-11-26 06:44:21.487+00	\N
3550	7	Hari venkat	172.18.0.1	2025-11-26 06:46:04.333+00	\N
3551	7	Hari venkat	172.18.0.1	2025-11-26 06:46:10.512+00	\N
3552	7	Hari venkat	172.18.0.1	2025-11-26 06:58:24.866+00	2025-11-26 07:59:22.437+00
3553	7	Hari venkat	172.18.0.1	2025-11-26 14:16:44.884+00	\N
3554	7	Hari venkat	172.18.0.1	2025-11-26 14:16:54.795+00	\N
3555	7	Hari venkat	172.18.0.1	2025-11-26 16:23:32.6+00	\N
3556	7	Hari venkat	172.18.0.1	2025-11-26 16:23:36.969+00	\N
3557	7	Hari venkat	172.18.0.1	2025-11-26 16:23:40.472+00	\N
3558	7	Hari venkat	172.18.0.1	2025-11-26 16:23:41.964+00	\N
3559	7	Hari venkat	172.18.0.1	2025-11-26 16:23:45.531+00	\N
3560	7	Hari venkat	172.18.0.1	2025-11-26 16:23:47.04+00	\N
3561	7	Hari venkat	172.18.0.1	2025-11-26 16:24:03.353+00	\N
3562	7	Hari venkat	172.18.0.1	2025-11-26 16:24:06.255+00	\N
3563	7	Hari venkat	172.18.0.1	2025-11-26 16:24:09.117+00	\N
3564	7	Hari venkat	172.18.0.1	2025-11-26 16:24:09.428+00	\N
3565	7	Hari venkat	172.18.0.1	2025-11-26 16:24:32.539+00	\N
3566	7	Hari venkat	172.18.0.1	2025-11-26 16:24:48.797+00	\N
3567	7	Hari venkat	172.18.0.1	2025-11-26 16:24:52.331+00	\N
3568	7	Hari venkat	172.18.0.1	2025-11-26 16:24:54.624+00	\N
3569	7	Hari venkat	172.18.0.1	2025-11-26 16:25:07.032+00	\N
3570	7	Hari venkat	172.18.0.1	2025-11-26 16:25:28.939+00	\N
3571	7	Hari venkat	172.18.0.1	2025-11-26 16:28:27.877+00	\N
3572	7	Hari venkat	172.18.0.1	2025-11-26 16:28:31.789+00	\N
3573	7	Hari venkat	172.18.0.1	2025-11-26 16:28:36.128+00	\N
3574	7	Hari venkat	172.18.0.1	2025-11-26 16:28:37.422+00	\N
3575	7	Hari venkat	172.18.0.1	2025-11-26 16:28:37.744+00	\N
3576	7	Hari venkat	172.18.0.1	2025-11-26 16:28:40.127+00	\N
3577	7	Hari venkat	172.18.0.1	2025-11-26 16:30:20.86+00	\N
3578	7	Hari venkat	172.18.0.1	2025-11-26 16:31:04.628+00	\N
3579	7	Hari venkat	172.18.0.1	2025-11-26 16:31:08.472+00	\N
3580	7	Hari venkat	172.18.0.1	2025-11-26 16:31:13.21+00	\N
3581	7	Hari venkat	172.18.0.1	2025-11-26 16:31:14.436+00	\N
3582	7	Hari venkat	172.18.0.1	2025-11-26 16:31:16.64+00	\N
3583	7	Hari venkat	172.18.0.1	2025-11-26 16:31:37.007+00	\N
3584	7	Hari venkat	172.18.0.1	2025-11-26 16:32:23.082+00	\N
3585	7	Hari venkat	172.18.0.1	2025-11-26 16:32:27.619+00	\N
3586	7	Hari venkat	172.18.0.1	2025-11-26 16:32:31.15+00	\N
3587	7	Hari venkat	172.18.0.1	2025-11-26 16:32:32.44+00	\N
3588	7	Hari venkat	172.18.0.1	2025-11-26 16:32:42.596+00	\N
3589	7	Hari venkat	172.18.0.1	2025-11-26 16:32:49.827+00	\N
3590	7	Hari venkat	172.18.0.1	2025-11-26 16:33:06.886+00	\N
3591	7	Hari venkat	172.18.0.1	2025-11-26 16:33:23.516+00	\N
3592	7	Hari venkat	172.18.0.1	2025-11-26 16:33:35.097+00	\N
3593	7	Hari venkat	172.18.0.1	2025-11-26 16:33:39.012+00	\N
3594	7	Hari venkat	172.18.0.1	2025-11-26 16:33:42.982+00	\N
3595	7	Hari venkat	172.18.0.1	2025-11-26 16:33:46.034+00	\N
3596	7	Hari venkat	172.18.0.1	2025-11-26 16:33:50.579+00	\N
3597	7	Hari venkat	172.18.0.1	2025-11-26 16:35:02.019+00	\N
3598	7	Hari venkat	172.18.0.1	2025-11-26 16:35:03.286+00	\N
3599	7	Hari venkat	172.18.0.1	2025-11-26 16:35:20.035+00	\N
3600	7	Hari venkat	172.18.0.1	2025-11-26 16:35:34.744+00	\N
3601	7	Hari venkat	172.18.0.1	2025-11-26 16:46:56.423+00	\N
3602	7	Hari venkat	172.18.0.1	2025-11-26 16:47:02.191+00	\N
3603	7	Hari venkat	172.18.0.1	2025-11-26 16:47:05.379+00	\N
3604	7	Hari venkat	172.18.0.1	2025-11-26 16:47:06.624+00	\N
3605	7	Hari venkat	172.18.0.1	2025-11-26 16:47:24.083+00	\N
3606	7	Hari venkat	172.18.0.1	2025-11-26 16:47:29.209+00	\N
3607	7	Hari venkat	172.18.0.1	2025-11-26 16:47:30.335+00	\N
3608	7	Hari venkat	172.18.0.1	2025-11-26 16:56:47.623+00	\N
3609	7	Hari venkat	172.18.0.1	2025-11-26 17:00:31.78+00	\N
3610	7	Hari venkat	172.18.0.1	2025-11-26 17:00:49.544+00	\N
3611	7	Hari venkat	172.18.0.1	2025-11-26 17:00:59.301+00	\N
3612	7	Hari venkat	172.18.0.1	2025-11-26 17:01:02.558+00	\N
3613	7	Hari venkat	172.18.0.1	2025-11-26 17:01:05.891+00	\N
3614	7	Hari venkat	172.18.0.1	2025-11-26 17:01:09.89+00	\N
3622	7	Hari venkat	172.18.0.1	2025-11-26 17:13:48.01+00	\N
3624	7	Hari venkat	172.18.0.1	2025-11-26 17:13:58.657+00	\N
3626	7	Hari venkat	172.18.0.1	2025-11-26 17:16:30.182+00	\N
3629	7	Hari venkat	172.18.0.1	2025-11-26 17:28:21.982+00	\N
3634	7	Hari venkat	172.18.0.1	2025-11-26 17:31:01.858+00	\N
3642	7	Hari venkat	172.18.0.1	2025-11-26 17:32:35.488+00	\N
3643	7	Hari venkat	172.18.0.1	2025-11-26 17:32:40.262+00	\N
3649	7	Hari venkat	172.18.0.1	2025-11-26 17:42:51.437+00	\N
3651	7	Hari venkat	172.18.0.1	2025-11-26 17:43:02.311+00	\N
3653	7	Hari venkat	172.18.0.1	2025-11-26 17:43:15.376+00	\N
3657	7	Hari venkat	172.18.0.1	2025-11-26 17:49:10.196+00	\N
3615	7	Hari venkat	172.18.0.1	2025-11-26 17:01:20.002+00	\N
3617	7	Hari venkat	172.18.0.1	2025-11-26 17:01:24.06+00	\N
3619	7	Hari venkat	172.18.0.1	2025-11-26 17:01:30.144+00	\N
3621	7	Hari venkat	172.18.0.1	2025-11-26 17:12:43.879+00	\N
3628	7	Hari venkat	172.18.0.1	2025-11-26 17:16:36.872+00	\N
3630	7	Hari venkat	172.18.0.1	2025-11-26 17:28:47.224+00	\N
3632	7	Hari venkat	172.18.0.1	2025-11-26 17:29:13.354+00	\N
3636	7	Hari venkat	172.18.0.1	2025-11-26 17:31:18.206+00	\N
3641	7	Hari venkat	172.18.0.1	2025-11-26 17:32:28.914+00	\N
3650	7	Hari venkat	172.18.0.1	2025-11-26 17:42:57.221+00	\N
3654	7	Hari venkat	172.18.0.1	2025-11-26 17:48:19.525+00	\N
3658	7	Hari venkat	172.18.0.1	2025-11-26 17:52:28.596+00	\N
3659	7	Hari venkat	172.18.0.1	2025-11-26 17:52:40.743+00	\N
3660	7	Hari venkat	172.18.0.1	2025-11-26 18:00:59.305+00	2025-11-26 18:01:59.873+00
3616	7	Hari venkat	172.18.0.1	2025-11-26 17:01:22.773+00	\N
3618	7	Hari venkat	172.18.0.1	2025-11-26 17:01:29.822+00	\N
3620	7	Hari venkat	172.18.0.1	2025-11-26 17:01:32.576+00	\N
3625	7	Hari venkat	172.18.0.1	2025-11-26 17:14:01.697+00	\N
3627	7	Hari venkat	172.18.0.1	2025-11-26 17:16:34.291+00	\N
3631	7	Hari venkat	172.18.0.1	2025-11-26 17:28:59.096+00	\N
3635	7	Hari venkat	172.18.0.1	2025-11-26 17:31:04.786+00	\N
3638	7	Hari venkat	172.18.0.1	2025-11-26 17:31:31.503+00	\N
3639	7	Hari venkat	172.18.0.1	2025-11-26 17:32:20.112+00	\N
3640	7	Hari venkat	172.18.0.1	2025-11-26 17:32:27.437+00	\N
3644	7	Hari venkat	172.18.0.1	2025-11-26 17:32:42.72+00	\N
3652	7	Hari venkat	172.18.0.1	2025-11-26 17:43:05.325+00	\N
3655	7	Hari venkat	172.18.0.1	2025-11-26 17:48:52.489+00	\N
3623	7	Hari venkat	172.18.0.1	2025-11-26 17:13:51.055+00	\N
3633	7	Hari venkat	172.18.0.1	2025-11-26 17:30:58.465+00	\N
3637	7	Hari venkat	172.18.0.1	2025-11-26 17:31:20.342+00	\N
3645	7	Hari venkat	172.18.0.1	2025-11-26 17:32:47.298+00	\N
3646	7	Hari venkat	172.18.0.1	2025-11-26 17:32:58.537+00	\N
3647	7	Hari venkat	172.18.0.1	2025-11-26 17:33:04.888+00	\N
3648	7	Hari venkat	172.18.0.1	2025-11-26 17:42:47.644+00	\N
3656	7	Hari venkat	172.18.0.1	2025-11-26 17:48:55.247+00	\N
3661	7	Hari venkat	172.18.0.1	2025-11-26 18:02:17.583+00	\N
3662	7	Hari venkat	172.18.0.1	2025-11-26 18:02:22.195+00	\N
3663	7	Hari venkat	172.18.0.1	2025-11-26 18:54:26.509+00	\N
3664	7	Hari venkat	172.18.0.1	2025-11-26 18:54:29.479+00	\N
3665	7	Hari venkat	172.18.0.1	2025-11-26 18:54:31.407+00	\N
3666	7	Hari venkat	172.18.0.1	2025-11-26 18:54:35.275+00	\N
3667	7	Hari venkat	172.18.0.1	2025-11-26 18:55:33.303+00	\N
3668	7	Hari venkat	172.18.0.1	2025-11-26 18:55:36.489+00	\N
3669	7	Hari venkat	172.18.0.1	2025-11-26 18:55:45.391+00	\N
3670	7	Hari venkat	172.18.0.1	2025-11-26 18:55:49.541+00	\N
3671	7	Hari venkat	172.18.0.1	2025-11-26 18:55:53.331+00	\N
3672	7	Hari venkat	172.18.0.1	2025-11-26 18:55:57.556+00	\N
3673	7	Hari venkat	172.18.0.1	2025-11-26 18:56:05.212+00	\N
3674	7	Hari venkat	172.18.0.1	2025-11-26 18:56:14.185+00	\N
3675	7	Hari venkat	172.18.0.1	2025-11-26 18:56:21.011+00	\N
3676	7	Hari venkat	172.18.0.1	2025-11-26 18:56:23.5+00	\N
3677	7	Hari venkat	172.18.0.1	2025-11-26 18:56:28.558+00	\N
3678	7	Hari venkat	172.18.0.1	2025-11-26 18:56:35.377+00	\N
3679	7	Hari venkat	172.18.0.1	2025-11-26 19:00:23.453+00	2025-11-26 19:14:36.645+00
3680	7	Hari venkat	172.18.0.1	2025-11-26 19:24:31.68+00	\N
3681	7	Hari venkat	172.18.0.1	2025-11-26 19:26:58.755+00	2025-11-26 19:28:06.124+00
3682	7	Hari venkat	172.19.0.1	2025-11-26 19:28:21.536+00	2025-11-26 19:31:46.684+00
3683	7	Hari venkat	172.19.0.1	2025-11-26 19:32:08.043+00	2025-11-26 19:36:10.859+00
3684	7	Hari venkat	172.18.0.1	2025-11-26 19:36:43.656+00	\N
3685	7	Hari venkat	172.18.0.1	2025-11-26 19:37:59.042+00	2025-11-26 19:39:51.29+00
3686	7	Hari venkat	172.18.0.1	2025-11-26 19:40:31.031+00	\N
3687	7	Hari venkat	172.18.0.1	2025-11-26 19:44:02.352+00	2025-11-26 21:23:24.605+00
3688	7	Hari venkat	172.18.0.1	2025-11-27 11:45:28.151+00	\N
3689	7	Hari venkat	172.18.0.1	2025-11-27 11:45:31.055+00	\N
3690	7	Hari venkat	172.18.0.1	2025-11-27 11:46:12.762+00	\N
3691	7	Hari venkat	172.18.0.1	2025-11-27 11:46:16.905+00	\N
3692	7	Hari venkat	172.18.0.1	2025-11-27 11:46:22.146+00	\N
3693	7	Hari venkat	172.18.0.1	2025-11-27 11:46:26.25+00	\N
3694	7	Hari venkat	172.18.0.1	2025-11-27 11:46:51.325+00	\N
3695	7	Hari venkat	172.18.0.1	2025-11-27 11:46:55.351+00	\N
3696	7	Hari venkat	172.18.0.1	2025-11-27 11:47:08.936+00	\N
3697	7	Hari venkat	172.18.0.1	2025-11-27 11:47:14.259+00	\N
3698	7	Hari venkat	172.18.0.1	2025-11-27 11:47:17.922+00	\N
3699	7	Hari venkat	172.18.0.1	2025-11-27 11:47:19.221+00	\N
3700	7	Hari venkat	172.18.0.1	2025-11-27 11:47:19.554+00	\N
3701	7	Hari venkat	172.18.0.1	2025-11-27 11:47:21.845+00	\N
3702	7	Hari venkat	172.18.0.1	2025-11-27 11:47:26.463+00	\N
3703	7	Hari venkat	172.18.0.1	2025-11-27 11:47:43.923+00	\N
3704	7	Hari venkat	172.18.0.1	2025-11-27 11:47:47.317+00	\N
3705	7	Hari venkat	172.18.0.1	2025-11-27 11:47:58.38+00	\N
3706	7	Hari venkat	172.18.0.1	2025-11-27 11:48:08.782+00	\N
3707	7	Hari venkat	172.18.0.1	2025-11-27 11:48:19.761+00	\N
3708	7	Hari venkat	172.18.0.1	2025-11-27 11:49:02.013+00	\N
3709	7	Hari venkat	172.18.0.1	2025-11-27 11:49:41.996+00	\N
3710	7	Hari venkat	172.18.0.1	2025-11-27 11:50:40.449+00	\N
3711	7	Hari venkat	172.18.0.1	2025-11-27 13:59:18.145+00	\N
3712	7	Hari venkat	172.18.0.1	2025-11-27 13:59:39.531+00	\N
3713	7	Hari venkat	172.18.0.1	2025-11-27 13:59:41.576+00	\N
3714	7	Hari venkat	172.18.0.1	2025-11-27 13:59:43.901+00	\N
3715	7	Hari venkat	172.18.0.1	2025-11-27 13:59:45.612+00	\N
3716	7	Hari venkat	172.18.0.1	2025-11-27 13:59:48.31+00	\N
3717	7	Hari venkat	172.18.0.1	2025-11-27 13:59:57.634+00	\N
3718	7	Hari venkat	172.18.0.1	2025-11-27 14:00:04.852+00	\N
3720	7	Hari venkat	172.18.0.1	2025-11-27 14:05:28.525+00	\N
3721	7	Hari venkat	172.18.0.1	2025-11-27 14:05:31.137+00	\N
3722	7	Hari venkat	172.18.0.1	2025-11-27 14:26:58.865+00	\N
3719	7	Hari venkat	172.18.0.1	2025-11-27 14:05:23.757+00	2025-11-27 15:05:34.909+00
3723	8	Kamraann Rajaani	172.18.0.1	2025-11-27 16:25:23.972+00	2025-11-27 17:25:34.283+00
3725	7	Hari venkat	172.18.0.1	2025-11-27 18:17:02.908+00	\N
3724	8	Kamraann Rajaani	172.18.0.1	2025-11-27 17:26:34.644+00	2025-11-27 18:27:33.99+00
3726	8	Kamraann Rajaani	172.18.0.1	2025-11-27 18:28:34.881+00	\N
\.


--
-- Data for Name: guacamole_user_password_history; Type: TABLE DATA; Schema: public; Owner: guacamole_user
--

COPY public.guacamole_user_password_history (password_history_id, user_id, password_hash, password_salt, password_date) FROM stdin;
\.


--
-- Data for Name: guacamole_user_permission; Type: TABLE DATA; Schema: public; Owner: guacamole_user
--

COPY public.guacamole_user_permission (entity_id, affected_user_id, permission) FROM stdin;
2	2	READ
2	2	UPDATE
2	3	READ
2	3	UPDATE
2	3	DELETE
2	3	ADMINISTER
3	3	READ
3	3	UPDATE
2	4	READ
2	4	UPDATE
2	4	DELETE
2	4	ADMINISTER
5	4	READ
5	4	UPDATE
8	7	READ
9	8	READ
9	8	UPDATE
11	10	READ
12	11	READ
8	7	UPDATE
\.


--
-- Name: guacamole_connection_connection_id_seq; Type: SEQUENCE SET; Schema: public; Owner: guacamole_user
--

SELECT pg_catalog.setval('public.guacamole_connection_connection_id_seq', 10, true);


--
-- Name: guacamole_connection_group_connection_group_id_seq; Type: SEQUENCE SET; Schema: public; Owner: guacamole_user
--

SELECT pg_catalog.setval('public.guacamole_connection_group_connection_group_id_seq', 5, true);


--
-- Name: guacamole_connection_history_history_id_seq; Type: SEQUENCE SET; Schema: public; Owner: guacamole_user
--

SELECT pg_catalog.setval('public.guacamole_connection_history_history_id_seq', 1121, true);


--
-- Name: guacamole_entity_entity_id_seq; Type: SEQUENCE SET; Schema: public; Owner: guacamole_user
--

SELECT pg_catalog.setval('public.guacamole_entity_entity_id_seq', 13, true);


--
-- Name: guacamole_sharing_profile_sharing_profile_id_seq; Type: SEQUENCE SET; Schema: public; Owner: guacamole_user
--

SELECT pg_catalog.setval('public.guacamole_sharing_profile_sharing_profile_id_seq', 1, false);


--
-- Name: guacamole_user_group_user_group_id_seq; Type: SEQUENCE SET; Schema: public; Owner: guacamole_user
--

SELECT pg_catalog.setval('public.guacamole_user_group_user_group_id_seq', 2, true);


--
-- Name: guacamole_user_history_history_id_seq; Type: SEQUENCE SET; Schema: public; Owner: guacamole_user
--

SELECT pg_catalog.setval('public.guacamole_user_history_history_id_seq', 3726, true);


--
-- Name: guacamole_user_password_history_password_history_id_seq; Type: SEQUENCE SET; Schema: public; Owner: guacamole_user
--

SELECT pg_catalog.setval('public.guacamole_user_password_history_password_history_id_seq', 1, false);


--
-- Name: guacamole_user_user_id_seq; Type: SEQUENCE SET; Schema: public; Owner: guacamole_user
--

SELECT pg_catalog.setval('public.guacamole_user_user_id_seq', 11, true);


--
-- PostgreSQL database dump complete
--

